ride_id,started_at,ended_at,start_station,end_station,user_type
R104100,2026-07-12 13:20:00,2026-07-12 13:35:01,Midtown MARTA,Piedmont Park,member
R101212,2026-06-12 07:37:00,2026-06-12 07:45:01,Midtown MARTA,ponce city market,member
R102444,2026-06-24 16:34:00,2026-06-24 16:41:50,west end,Midtown MARTA,member
R104038,2026-07-11 16:23:00,2026-07-11 16:52:57,piedmont park,Midtown MARTA,casual
R105901,2026-07-30 21:48:00,2026-07-30 22:01:01,Ponce City Market,West End,member
R105133,21-Jul-2026 18:38,2026-07-21 18:44:19,Ponce City Market,,member
R105886,2026-07-29 12:59:00,2026-07-29 13:09:20,Centennial Olympic Park,Little Five Points,member
R101214,2026-06-12 16:59:00,2026-06-12 17:08:02,Ponce City Market,  Midtown MARTA ,member
R102419,2026-06-24 09:32:00,2026-06-24 10:06:48,Georgia State University,Centennial Olympic Park,casual
R104830,2026-07-19 14:03:00,07/19/2026 14:10,Atlantic Station,Centennial Olympic Park,member
R105091,2026-07-21 16:07:00,21-Jul-2026 16:14,  Georgia State University ,West End,member
R101559,2026-06-16 18:56:00,2026-06-16 19:00:52,Midtown MARTA,,member
R104618,2026-07-17 18:44:00,2026-07-17 19:25:52,Krog Street Market,,casual
R101085,2026-06-11 09:38:00,2026-06-11 10:10:03,Centennial Olympic Park,georgia state university,casual
R104608,2026-07-17 02:47:00,07/17/2026 02:55,PONCE CITY MARKET,West End,member
R101695,2026-06-17 17:32:00,06/17/2026 17:46,Ponce City Market,Little Five Points,member
R102179,2026-06-22 12:39:00,2026-06-22 12:40:00,MIDTOWN MARTA,Centennial Olympic Park,casual
R100207,2026-06-02 18:34:00,02-Jun-2026 18:38,Midtown MARTA,Ponce City Market,member
R102840,28-Jun-2026 13:35,2026-06-28 13:54:49,Piedmont Park,Midtown MARTA,casual
R105240,07/23/2026 15:58,2026-07-23 16:04:59,Centennial Olympic Park,Georgia State University,member
R105202,2026-07-22 07:45:00,2026-07-22 08:02:14,Piedmont Park,krog street market,member
R100689,2026-06-07 17:11:00,06/07/2026 17:37,Centennial Olympic Park,Ponce City Market,casual
R102801,06/28/2026 12:02,28-Jun-2026 12:19,  Ponce City Market ,MIDTOWN MARTA,casual
R105066,2026-07-21 18:57:00,2026-07-21 19:05:52,Ponce City Market,Atlantic Station,member
R100849,09-Jun-2026 12:51,06/09/2026 12:58,Atlantic Station,Midtown MARTA,member
R101662,2026-06-17 15:32:00,2026-06-17 15:45:57,Midtown MARTA,  Ponce City Market ,member
R103196,2026-07-02 18:55:00,2026-07-02 18:56:00,  Atlantic Station ,Centennial Olympic Park,member
R103102,2026-07-02 09:19:00,2026-07-02 09:24:30,Atlantic Station,GEORGIA STATE UNIVERSITY,member
R101624,06/17/2026 08:58,2026-06-17 09:25:28,Ponce City Market,Georgia State University,casual
R102947,2026-06-29 18:29:00,2026-06-29 18:55:52,Krog Street Market,Little Five Points,casual
R101413,06/14/2026 21:29,06/14/2026 21:35,Ponce City Market,Midtown MARTA,casual
R101157,2026-06-12 07:18:00,2026-06-12 07:31:28,Centennial Olympic Park,Midtown MARTA,member
R103561,2026-07-06 23:19:00,2026-07-06 23:28:29,Centennial Olympic Park,Grant Park,member
R101038,2026-06-11 17:57:00,2026-06-11 18:09:23,Centennial Olympic Pk,Midtown MARTA,member
R101871,19-Jun-2026 17:41,19-Jun-2026 17:45,PONCE CITY MARKET,  Centennial Olympic Park ,member
R105562,2026-07-26 14:31:00,2026-07-26 14:39:17,midtown marta,Georgia State University,member
R104894,2026-07-19 11:14:00,2026-07-19 11:26:01,Ponce City Market,CENTENNIAL OLYMPIC PARK,member
R101640,2026-06-17 07:42:00,2026-06-17 07:42:00,Midtown MARTA,Midtown MARTA,casual
R102285,2026-06-23 00:56:00,06/23/2026 01:04,Georgia State University,Ponce City Market,member
R105640,2026-07-27 08:26:00,2026-07-27 08:39:47,Georgia State University,midtown marta,member
R102091,06/21/2026 07:26,2026-06-21 07:48:01,Ponce City Market,Midtown MARTA,casual
R101572,06/16/2026 14:55,2026-06-16 15:21:15,Centennial Olympic Park,Midtown MARTA,casual
R102630,06/26/2026 04:30,06/26/2026 04:33,PIEDMONT PARK,Atlantic Station,casual
R103409,2026-07-05 08:53:00,2026-07-19 08:53:00,Ponce City Market,Midtown MARTA,casual
R100748,2026-06-08 15:31:00,08-Jun-2026 15:38,Ponce City Market,Atlantic Station,member
R100885,2026-06-09 13:31:00,2026-06-09 13:44:43,Georgia State University,Krog Street Market,member
R104397,07/15/2026 10:48,07/15/2026 10:57,Atlantic Station,georgia state university,member
R104301,2026-07-14 08:52:00,2026-07-14 09:14:41,Midtown MARTA,Ponce City Market,casual
R102713,2026-06-27 06:55:00,2026-06-27 07:12:30,Krog Street Market,Ponce City Market,member
R105727,2026-07-27 18:56:00,2026-07-27 19:08:51,Georgia State University,Atlantic Station,member
R100159,2026-06-02 00:32:00,2026-06-02 00:47:29,Ponce City Market,Midtown MARTA,member
R100455,2026-06-05 06:41:00,2026-06-05 06:46:29,Georgia State University,Midtown MARTA,member
R101987,2026-06-20 16:13:00,20-Jun-2026 16:29,ponce city market,Piedmont Park,member
R100806,06/09/2026 07:43,06/09/2026 07:58,Krog Street Market,CENTENNIAL OLYMPIC PARK,member
R101928,06/19/2026 05:16,2026-06-19 05:26:16,WEST END,Centennial Olympic Park,member
R100479,06/05/2026 18:21,2026-06-05 18:33:25,Atlantic Station,Midtown MARTA,member
R100812,2026-06-09 12:36:00,2026-06-09 12:46:17,Centennial Olympic Park,MIDTOWN MARTA,member
R103305,2026-07-04 16:20:00,2026-07-04 16:31:01,Georgia State University,Midtown MARTA,member
R100648,2026-06-07 14:07:00,2026-06-07 14:18:41,Ponce City Market,atlantic station,casual
R104691,07/17/2026 19:37,07/17/2026 19:37,  Georgia State University ,  Georgia State University ,member
R101066,2026-06-11 08:31:00,2026-06-11 08:40:26,PONCE CITY MARKET,Georgia State University,member
R103422,2026-07-05 15:50:00,2026-07-05 16:00:37,Krog Street Market,  Midtown MARTA ,member
R101795,06/18/2026 18:41,18-Jun-2026 18:54,Midtown MARTA,Atlantic Station,member
R105251,2026-07-23 18:18:00,2026-07-23 18:31:20,ponce city market,Centennial Olympic Park,member
R104149,2026-07-12 12:31:00,2026-07-12 12:49:19,Ponce City Market,midtown marta,casual
R104578,2026-07-17 10:30:00,2026-07-17 10:46:23,Ponce City Market,Georgia State University,member
R101055,2026-06-11 18:04:00,2026-06-11 18:11:08,Georgia State University,Ponce City Market,member
R102544,2026-06-25 20:36:00,06/25/2026 20:59,Piedmont Park,Ponce City Market,casual
R104178,2026-07-13 08:56:00,2026-07-13 09:26:43,CENTENNIAL OLYMPIC PARK,little five points,casual
R103899,2026-07-10 11:15:00,2026-07-10 11:23:45,Midtown MARTA,Centennial Olympic Park,member
R100784,2026-06-08 10:44:00,06/08/2026 10:51,Midtown MARTA,Atlantic Station,member
R105163,2026-07-22 19:38:00,2026-07-22 19:47:00,Midtown MARTA,Piedmont Park,member
R104929,2026-07-20 11:58:00,07/20/2026 12:19,Krog Street Market,Georgia State University,casual
R102543,2026-06-25 06:07:00,25-Jun-2026 06:29,Atlantic Station,Midtown MARTA,casual
R100532,06/06/2026 07:43,06/06/2026 07:51,Atlantic Station,Ponce City Market,casual
R104727,18-Jul-2026 12:38,07/18/2026 12:57,  Georgia State University ,Midtown MARTA,member
R103038,2026-07-01 14:23:00,01-Jul-2026 14:36,Piedmont Park,Georgia State University,member
R104941,2026-07-20 21:59:00,2026-07-20 22:16:48,Atlantic Station,Ponce City Market,member
R100854,2026-06-09 18:26:00,2026-06-09 18:28:57,GEORGIA STATE UNIVERSITY,Grant Park,member
R101542,2026-06-16 17:06:00,06/16/2026 17:14,Ponce City Market,Georgia State University,member
R104138,2026-07-12 11:36:00,2026-07-12 11:36:00,georgia state university,georgia state university,casual
R105557,2026-07-26 11:46:00,2026-07-26 11:56:13,Centennial Olympic Park,Ponce City Market,casual
R104255,2026-07-14 13:04:00,14-Jul-2026 13:26,Midtown MARTA,Centennial Olympic Park,casual
R105590,2026-07-26 10:15:00,2026-07-26 10:23:46,Piedmont Park,Ponce City Market,casual
R104019,2026-07-11 14:21:00,2026-07-11 14:37:49,Midtown MARTA,GEORGIA STATE UNIVERSITY,member
R101004,2026-06-10 20:08:00,2026-06-10 20:14:10,MIDTOWN MARTA,Atlantic Station,member
R104376,15-Jul-2026 16:49,07/15/2026 17:06,  Ponce City Market ,krog street market,casual
R103170,2026-07-02 13:07:00,2026-07-02 13:14:10,Piedmont Park,Georgia State University,member
R100490,2026-06-05 06:59:00,2026-06-05 07:06:10,Ponce City Market,Midtown MARTA,casual
R100526,06/06/2026 11:50,2026-06-06 12:13:11,Midtown MARTA,ponce city market,casual
R103979,2026-07-10 17:47:00,2026-07-10 18:01:14,MIDTOWN MARTA,Centennial Olympic Park,member
R103698,2026-07-08 09:02:00,07/08/2026 09:27,Atlantic Station,Ponce City Market,casual
R102616,26-Jun-2026 07:49,06/26/2026 07:59,Ponce City Market,ATLANTIC STATION,member
R105908,07/30/2026 06:53,07/30/2026 07:11,Midtown MARTA,Atlantic Station,member
R103356,2026-07-04 12:57:00,07/04/2026 13:07,Ponce City Market,Atlantic Station,member
R102655,06/26/2026 18:56,2026-06-26 19:02:29,Georgia State University,West End,casual
R101863,2026-06-19 05:39:00,2026-06-19 05:56:10,Midtown MARTA,PONCE CITY MARKET,member
R104515,2026-07-16 11:51:00,2026-07-16 12:05:45,Atlantic Station,  Midtown MARTA ,casual
R101946,2026-06-20 09:06:00,2026-06-20 09:30:09,Little Five Points,Georgia State University,casual
R104306,2026-07-14 10:27:00,2026-07-14 10:34:05,Georgia State University,,member
R100678,2026-06-07 09:13:00,2026-06-07 09:09:00,Ponce City Market,Midtown MARTA,member
R100666,2026-06-07 20:08:00,07-Jun-2026 20:25,KROG STREET MARKET,Ponce City Market,member
R103636,07/07/2026 08:20,2026-07-07 08:36:46,Grant Park,Georgia State University,member
R100213,2026-06-03 18:40:00,2026-06-03 19:09:14,Atlantic Station,Midtown MARTA,casual
R104307,2026-07-14 22:29:00,2026-07-14 22:39:33,Midtown MARTA,Ponce City Market,member
R104054,07/11/2026 14:21,2026-07-11 14:28:57,Ponce City Market,Centennial Olympic Park,member
R105280,2026-07-23 15:46:00,23-Jul-2026 16:04,Midtown MARTA,Georgia State University,member
R105083,2026-07-21 18:10:00,2026-07-21 18:31:25,Atlantic Station,Piedmont Park,member
R100359,2026-06-04 11:08:00,2026-06-04 11:15:12,Atlantic Station,Midtown MARTA,member
R105831,2026-07-29 08:13:00,07/29/2026 08:22,Ponce City Market,midtown marta,member
R104974,07/20/2026 08:51,2026-07-20 09:07:53,  Midtown MARTA ,Ponce City Market,casual
R104318,2026-07-14 18:00:00,2026-07-14 18:12:27,GEORGIA STATE UNIVERSITY,Ponce City Market,member
R103188,2026-07-02 19:53:00,2026-07-02 20:00:23,Ponce City Market,Midtown MARTA,member
R103576,07/07/2026 12:27,2026-07-07 13:02:24,Krog Street Market,Georgia State University,casual
R104913,2026-07-19 07:50:00,07/19/2026 08:12,Ponce City Market,Atlantic Station,casual
R101543,16-Jun-2026 04:01,2026-06-16 04:07:47,Centennial Olympic Park,Piedmont Park,member
R105071,2026-07-21 10:04:00,21-Jul-2026 10:10,Atlantic Station,Midtown MARTA,member
R105282,2026-07-23 19:25:00,2026-07-23 19:35:14,  Ponce City Market ,  Grant Park ,member
R105736,07/28/2026 17:26,07/28/2026 17:41,krog street market,West End,member
R100370,2026-06-04 17:06:00,2026-06-04 17:21:43,Midtown MARTA,Ponce City Market,member
R104024,2026-07-11 11:12:00,2026-07-11 11:26:24,Ponce City Market,Piedmont Park,member
R102364,2026-06-24 11:19:00,06/24/2026 11:28,GEORGIA STATE UNIVERSITY,Ponce City Market,member
R100135,2026-06-02 05:20:00,2026-06-02 05:25:10,Georgia State University,Midtown MARTA,member
R101117,2026-06-11 18:12:00,2026-06-11 18:20:26,Georgia State University,Centennial Olympic Park,member
R105407,2026-07-24 10:37:00,2026-07-24 10:53:00,Georgia State University,Atlantic Station,casual
R103565,2026-07-07 19:55:00,07/07/2026 20:17,georgia state university,Centennial Olympic Park,casual
R104610,2026-07-17 13:43:00,2026-07-17 14:03:05,Centennial Olympic Park,Ponce City Market,member
R101248,2026-06-12 16:08:00,2026-06-12 16:13:42,Midtown MARTA,  Centennial Olympic Park ,member
R101703,2026-06-17 15:57:00,2026-06-17 16:07:19,Georgia State University,Atlantic Station,member
R103803,07/09/2026 11:55,2026-07-09 12:06:00,PONCE CITY MARKET,  Piedmont Park ,member
R102641,2026-06-26 17:19:00,2026-06-26 17:35:15,Georgia State University,West End,member
R105735,2026-07-28 16:02:00,2026-07-28 16:11:59,Centennial Olympic Park,KROG STREET MARKET,member
R102986,30-Jun-2026 17:36,2026-06-30 17:47:18,centennial olympic park,Ponce City Market,member
R100302,2026-06-03 16:30:00,2026-06-03 16:45:00,georgia state university,MIDTOWN MARTA,member
R100550,2026-06-06 15:21:00,2026-06-06 15:34:19,PONCE CITY MARKET,Midtown MARTA,member
R102846,2026-06-28 08:55:00,2026-06-28 08:56:59,Georgia State University,midtown marta,casual
R104532,2026-07-16 01:48:00,2026-07-16 01:59:36,Georgia State University,Midtown MARTA,casual
R104139,2026-07-12 10:38:00,2026-07-12 10:55:19,Ponce City Market,Midtown MARTA,member
R105317,2026-07-24 08:22:00,2026-07-24 08:34:49,Centennial Olympic Park,Georgia State University,member
R101370,2026-06-14 12:48:00,06/14/2026 13:14,Centennial Olympic Park,Midtown MARTA,casual
R103933,2026-07-10 18:48:00,2026-07-10 18:48:00,Ponce City Market,Ponce City Market,member
R100506,2026-06-05 16:07:00,2026-06-05 16:26:49,Midtown MARTA,Georgia State University,casual
R100578,2026-06-06 13:57:00,2026-06-06 14:11:20,Little Five Points,Ponce City Market,member
R104734,2026-07-18 17:31:00,2026-07-18 17:45:13,MIDTOWN MARTA,Little Five Points,casual
R104231,2026-07-13 21:19:00,2026-07-13 21:49:58,Ponce City Market,KROG STREET MARKET,casual
R104393,2026-07-15 19:14:00,07/15/2026 19:26,Georgia State University,West End,member
R105470,2026-07-25 12:36:00,2026-07-25 12:50:20,  Atlantic Station ,Centennial Olympic Park,member
R103954,2026-07-10 12:45:00,2026-07-10 12:59:05,West End,piedmont park,member
R100736,2026-06-08 19:38:00,2026-06-08 19:46:38,Midtown MARTA,Centennial Olympic Park,member
R102653,2026-06-26 14:59:00,2026-06-26 15:22:23,Ponce City Market,Georgia State University,casual
R103469,06-Jul-2026 15:43,2026-07-06 15:47:51,Ponce City Market,CENTENNIAL OLYMPIC PARK,member
R104070,07/11/2026 09:03,2026-07-11 09:30:01,Ponce City Market,Krog St. Market,casual
R104028,2026-07-11 13:12:00,2026-07-11 13:21:35,Georgia State University,Midtown MARTA,member
R103040,2026-07-01 05:01:00,2026-07-01 05:12:13,PIEDMONT PARK,Ponce City Market,member
R105508,2026-07-26 10:23:00,2026-07-26 10:55:50,PIEDMONT PARK,Centennial Olympic Park,casual
R104709,07/18/2026 12:20,2026-07-18 13:00:53,krog street market,Piedmont Park,casual
R102625,06/26/2026 09:38,2026-06-26 09:50:33,  Georgia State University ,Ponce City Market,member
R104520,07/16/2026 17:40,2026-07-16 18:10:12,Ponce City Market,  Atlantic Station ,casual
R101417,2026-06-15 11:24:00,2026-06-15 11:51:24,Atlantic Station,georgia state university,casual
R104162,2026-07-12 16:45:00,12-Jul-2026 17:21,Midtown MARTA,Piedmont Park,casual
R101524,2026-06-15 18:15:00,2026-06-15 18:46:37,Centennial Olympic Park,Midtown MARTA,casual
R104552,07/16/2026 14:53,07/16/2026 14:58,Atlantic Station,Georgia State University,member
R101576,06/16/2026 19:57,2026-06-16 20:34:03,midtown marta,Ponce City Market,casual
R101747,2026-06-18 11:23:00,2026-06-18 11:36:00,Midtown MARTA,,member
R102553,06/25/2026 18:38,2026-06-25 19:09:41,Ponce City Market,Midtown MARTA,casual
R103267,2026-07-03 07:42:00,2026-07-03 08:01:45,centennial olympic park,Midtown MARTA,member
R104372,2026-07-15 11:54:00,2026-07-15 12:05:55,KROG STREET MARKET,Georgia State University,member
R100901,2026-06-09 22:47:00,09-Jun-2026 22:55,Centennial Olympic Park,Ponce City Market,member
R105778,2026-07-28 06:02:00,2026-07-28 06:06:29,Centennial Olympic Park,midtown marta,member
R100064,06/01/2026 20:04,2026-06-01 20:10:03,ponce city market,Midtown MARTA,member
R105486,2026-07-26 20:33:00,2026-07-26 20:35:22,Ponce City Market,Midtown MARTA,casual
R102829,2026-06-28 17:53:00,2026-06-28 17:56:24,Ponce City Market,Krog Street Market,member
R103639,2026-07-07 18:32:00,07-Jul-2026 18:47,Atlantic Station,Midtown MARTA,member
R100491,06/05/2026 22:13,06/05/2026 22:29,Ponce City Market,Centennial Olympic Park,member
R101626,2026-06-17 08:17:00,17-Jun-2026 08:25,Midtown MARTA,Piedmont Park,member
R100682,2026-06-07 08:00:00,06/07/2026 08:06,  Midtown MARTA ,Ponce City Market,casual
R100160,2026-06-02 20:07:00,2026-06-02 20:18:53,Midtown MARTA,Georgia State University,member
R100598,2026-06-07 08:25:00,06/07/2026 08:40,Midtown MARTA,Georgia State University,casual
R103532,2026-07-06 11:49:00,07/06/2026 11:59,Ponce City Market,MIDTOWN MARTA,member
R100536,2026-06-06 20:19:00,2026-06-06 20:25:29,CENTENNIAL OLYMPIC PARK,GEORGIA STATE UNIVERSITY,casual
R105752,2026-07-28 22:04:00,2026-07-28 22:12:53,Piedmont Park,Ponce City Market,member
R100814,2026-06-09 18:48:00,06/09/2026 19:00,Georgia State University,Krog Street Market,member
R101720,06/17/2026 08:48,2026-06-17 08:57:31,Midtown MARTA,Ponce City Market,member
R103047,2026-07-01 17:37:00,2026-07-01 17:49:31,Midtown MARTA,Atlantic Station,member
R102488,2026-06-25 17:00:00,25-Jun-2026 17:07,Georgia State University,Piedmont Park,member
R102567,2026-06-25 19:29:00,2026-06-25 19:30:00,  Midtown MARTA ,Ponce City Market,casual
R105540,2026-07-26 18:08:00,26-Jul-2026 18:12,Midtown MARTA,Piedmont Park,member
R101470,15-Jun-2026 19:58,2026-06-15 20:04:14,Ponce City Market,Midtown MARTA,member
R101584,2026-06-16 12:14:00,2026-06-16 12:25:54,Midtown MARTA,Centennial Olympic Park,member
R101628,2026-06-17 07:50:00,2026-06-17 08:09:18,Midtown MARTA,Atlantic Station,casual
R102478,2026-06-25 15:21:00,2026-06-25 15:36:08,Atlantic Station,Georgia State University,member
R104147,2026-07-12 14:40:00,12-Jul-2026 14:53,Ponce City Market,Midtown MARTA,member
R101173,06/12/2026 06:33,06/12/2026 07:07,Atlantic Station,Ponce City Market,casual
R102686,2026-06-27 16:20:00,2026-06-27 16:28:35,Little Five Points,Ponce City Market,member
R102839,06/28/2026 13:56,2026-06-28 14:12:44,Georgia State University,Midtown MARTA,casual
R100148,2026-06-02 19:56:00,2026-06-02 20:05:54,CENTENNIAL OLYMPIC PARK,PONCE CITY MARKET,member
R104382,07/15/2026 13:45,2026-07-15 13:55:15,West End,Midtown MARTA,member
R101346,2026-06-14 14:23:00,06/14/2026 14:53,Midtown MARTA,Centennial Olympic Park,casual
R105827,2026-07-29 19:31:00,2026-07-29 19:39:29,Midtown MARTA,Ponce City Market,member
R101536,06/16/2026 02:20,2026-06-16 02:26:44,Centennial Olympic Park,Midtown MARTA,member
R102651,2026-06-26 14:43:00,2026-06-26 14:57:13,Midtown MARTA,Centennial Olympic Park,member
R105811,07/29/2026 06:07,2026-07-29 06:19:42,MIDTOWN MARTA,Ponce City Market,member
R103939,10-Jul-2026 06:22,2026-07-10 06:36:43,Krog Street Market,MIDTOWN MARTA,member
R103521,2026-07-06 10:27:00,2026-07-06 10:48:43,Midtown MARTA,Ponce City Market,casual
R103508,07/06/2026 06:21,2026-07-06 06:30:13,Piedmont Park,Georgia State University,member
R104319,07/14/2026 16:05,07/14/2026 16:13,Centennial Olympic Park,Ponce City Market,member
R104308,2026-07-14 18:01:00,07/14/2026 18:24,  Ponce City Market ,,casual
R105296,07/23/2026 18:54,2026-07-23 19:03:52,Ponce City Market,Georgia State University,member
R100919,2026-06-10 16:24:00,2026-06-10 16:35:50,Atlantic Station,Ponce City Market,member
R105715,2026-07-27 13:26:00,2026-07-27 13:39:39,  Piedmont Park ,Krog Street Market,member
R102213,2026-06-22 12:51:00,2026-06-22 12:59:37,atlantic station,  Georgia State University ,member
R101188,2026-06-12 18:57:00,06/12/2026 19:03,Midtown MARTA,Krog Street Market,member
R104374,07/15/2026 07:05,2026-07-15 07:23:29,Georgia State University,Ponce City Market,member
R102914,2026-06-29 06:54:00,2026-06-29 07:25:49,Little Five Points,  Georgia State University ,casual
R102620,2026-06-26 18:31:00,06/26/2026 18:34,Krog Street Market,Atlantic Station,member
R100233,2026-06-03 22:29:00,2026-06-03 22:59:34,Little Five Points,Centennial Olympic Park,casual
R104864,2026-07-19 18:13:00,2026-07-19 18:22:56,Piedmont Park,Ponce City Market,member
R102963,2026-06-30 06:32:00,2026-06-30 06:45:30,West End,Centennial Olympic Park,member
R104795,2026-07-18 12:23:00,2026-07-18 12:34:58,Piedmont Park,PONCE CITY MARKET,member
R103190,2026-07-02 13:30:00,2026-07-02 13:46:08,  Grant Park ,Centennial Olympic Park,member
R102984,30-Jun-2026 13:57,2026-06-30 14:20:38,Ponce City Market,Centennial Olympic Park,casual
R103885,09-Jul-2026 16:04,2026-07-09 16:27:59,PIEDMONT PARK,Midtown MARTA,casual
R102577,2026-06-26 18:35:00,06/26/2026 18:50,Ponce City Market,Centennial Olympic Park,member
R101633,06/17/2026 04:20,2026-06-17 04:29:20,Georgia State University,Midtown MARTA,member
R104953,07/20/2026 19:51,07/20/2026 20:03,Midtown MARTA,Centennial Olympic Park,member
R100996,2026-06-10 16:11:00,2026-06-10 16:21:43,Ponce City Market,Midtown MARTA,member
R105873,07/29/2026 16:52,07/29/2026 17:00,Georgia State University,Ponce City Market,member
R102530,2026-06-25 15:48:00,2026-06-25 15:49:00,Piedmont Park,Georgia State University,casual
R102636,2026-06-26 17:08:00,2026-06-26 17:14:35,Ponce City Market,Krog Street Market,member
R104936,07/20/2026 19:49,07/20/2026 19:58,midtown marta,Centennial Olympic Park,member
R103772,09-Jul-2026 12:03,2026-07-09 12:18:19,Ponce City Market,Midtown MARTA,member
R100838,09-Jun-2026 07:02,2026-06-09 07:12:05,Midtown MARTA,ponce city market,member
R105975,2026-07-30 10:00:00,2026-07-30 10:05:03,Ponce City Market,Midtown MARTA,member
R100803,06/08/2026 15:29,06/08/2026 15:33,Ponce City Market,Midtown MARTA,member
R102114,2026-06-21 14:16:00,2026-06-21 14:50:17,Atlantic Station,Midtown MARTA,casual
R105992,07/30/2026 09:54,2026-07-30 10:08:43,  Midtown MARTA ,Georgia State University,member
R101669,17-Jun-2026 18:22,2026-07-05 18:22:00,atlantic station,Ponce City Market,member
R102942,2026-06-29 19:45:00,2026-06-29 19:59:58,Krog St. Market,Ponce City Market,member
R104471,2026-07-16 19:07:00,2026-07-16 19:14:36,Centennial Olympic Park,Atlantic Station,member
R100739,2026-06-08 08:09:00,06/08/2026 08:23,Krog Street Market,Midtown MARTA,member
R101842,2026-06-19 08:47:00,2026-06-19 08:51:32,  West End ,CENTENNIAL OLYMPIC PARK,member
R103734,2026-07-08 12:57:00,07/08/2026 13:07,LITTLE FIVE POINTS,CENTENNIAL OLYMPIC PARK,member
R102908,06/29/2026 17:12,2026-06-29 17:13:00,Atlantic Station,Midtown MARTA,casual
R101930,2026-06-19 17:40:00,2026-06-19 17:51:03,PONCE CITY MARKET,Georgia State University,member
R104852,2026-07-19 08:05:00,07/19/2026 08:09,Ponce City Market,Georgia State University,member
R104668,2026-07-17 11:55:00,2026-07-17 12:06:22,Centennial Olympic Park,Ponce City Market,member
R102408,2026-06-24 07:03:00,2026-06-24 07:16:56,PONCE CITY MARKET,MIDTOWN MARTA,member
R103691,2026-07-08 07:40:00,2026-07-08 07:50:26,  Grant Park ,Ponce City Market,member
R101268,13-Jun-2026 20:08,06/13/2026 20:38,Grant Park,Ponce City Market,casual
R103668,2026-07-08 08:14:00,2026-07-08 08:23:14,Georgia State University,Centennial Olympic Park,member
R105770,2026-07-28 08:36:00,2026-07-28 08:50:30,Atlantic Station,Centennial Olympic Pk,member
R102784,2026-06-28 11:06:00,06/28/2026 11:26,Georgia State University,Midtown MARTA,casual
R101776,06/18/2026 21:19,2026-06-18 21:34:28,midtown marta,Little Five Points,member
R102417,2026-06-24 06:46:00,06/24/2026 07:12,Ponce City Market,Centennial Olympic Park,casual
R103397,2026-07-05 12:47:00,2026-07-18 12:47:00,  Georgia State University ,Midtown MARTA,casual
R104522,07/16/2026 10:25,2026-07-16 10:36:20,Krog Street Market,Midtown MARTA,member
R104176,07/12/2026 13:56,2026-07-12 14:19:01,Ponce City Market,Georgia State University,member
R103680,2026-07-08 16:26:00,2026-07-08 16:38:16,Midtown MARTA,Atlantic Station,member
R101362,2026-06-14 07:44:00,2026-06-14 07:49:41,Little Five Points,Ponce City Market,member
R103701,08-Jul-2026 14:55,2026-07-08 14:56:00,Piedmont Park,Little Five Points,casual
R100378,2026-06-04 18:21:00,2026-06-04 18:21:00,Centennial Olympic Park,Centennial Olympic Park,member
R101493,2026-06-15 11:04:00,2026-06-15 11:10:32,Midtown MARTA,  Piedmont Park ,member
R100041,2026-06-01 07:00:00,2026-06-01 07:13:31,Centennial Olympic Park,Midtown MARTA,member
R103241,2026-07-03 20:37:00,2026-07-03 20:49:58,Ponce City Market,Georgia State University,member
R103195,2026-07-02 08:10:00,02-Jul-2026 08:40,Georgia State University,Piedmont Park,casual
R105974,07/30/2026 09:39,2026-07-30 09:46:16,Centennial Olympic Park,Georgia State University,
R103116,07/02/2026 14:18,07/02/2026 14:18,Midtown MARTA,Midtown MARTA,casual
R104091,2026-07-11 10:05:00,2026-07-11 10:06:00,Georgia State University,Centennial Olympic Park,casual
R103857,2026-07-09 09:46:00,2026-07-09 10:00:24,Ponce City Market,  Midtown MARTA ,
R104209,07/13/2026 06:02,07/13/2026 06:06,Atlantic Station,Midtown MARTA,
R105530,26-Jul-2026 08:07,2026-07-26 08:39:49,Midtown MARTA,Piedmont Park,casual
R105419,25-Jul-2026 18:15,07/25/2026 18:27,Midtown MARTA,  Centennial Olympic Park ,member
R103316,2026-07-04 09:26:00,07/04/2026 09:55,Centennial Olympic Park,  Ponce City Market ,casual
R101556,06/16/2026 19:04,2026-06-16 19:32:17,GEORGIA STATE UNIVERSITY,Piedmont Park,casual
R103008,2026-06-30 13:19:00,2026-06-30 13:32:09,Midtown MARTA,Georgia State University,member
R104847,2026-07-19 15:03:00,2026-07-19 15:14:55,Georgia State University,Ponce City Market,member
R100645,06/07/2026 14:49,06/07/2026 15:24,Georgia State University,Ponce City Market,casual
R101481,2026-06-15 16:00:00,2026-06-15 16:09:55,little five points,Midtown MARTA,member
R105787,2026-07-28 16:04:00,2026-07-28 16:16:11,GEORGIA STATE UNIVERSITY,Centennial Olympic Park,member
R105269,2026-07-23 01:49:00,07/23/2026 01:59,krog street market,Piedmont Park,member
R105851,07/29/2026 06:46,2026-07-29 07:10:39,Georgia State University,PONCE CITY MARKET,casual
R100236,2026-06-03 12:33:00,2026-06-03 12:49:29,MIDTOWN MARTA,Ponce City Market,member
R105512,2026-07-26 15:11:00,2026-07-26 15:13:30,atlantic station,Georgia State University,casual
R100994,2026-06-10 02:42:00,2026-06-10 02:58:29,Georgia State University,Ponce City Market,casual
R104049,2026-07-11 07:37:00,2026-07-11 08:02:38,Ponce City Market,MIDTOWN MARTA,casual
R101564,2026-06-16 14:14:00,2026-06-16 14:29:31,Midtown MARTA,Centennial Olympic Park,member
R100923,2026-06-10 19:27:00,2026-06-10 19:54:47,Georgia State University,  Midtown MARTA ,casual
R102406,2026-06-24 18:46:00,2026-06-24 19:05:07,Georgia State University,Atlantic Station,casual
R104604,2026-07-17 16:05:00,2026-07-17 16:16:51,  Krog Street Market ,Midtown MARTA,member
R100320,2026-06-04 16:14:00,2026-06-04 16:27:53,Midtown MARTA,Piedmont Park,member
R102404,06/24/2026 06:16,2026-06-24 06:27:12,Midtown MARTA,Ponce City Market,member
R101843,2026-06-19 06:56:00,2026-06-19 07:05:09,Georgia State University,Ponce City Market,member
R101719,06/17/2026 12:28,2026-06-17 12:34:28,Piedmont Park,Ponce City Market,member
R101879,19-Jun-2026 19:08,2026-06-19 19:33:56,Krog St. Market,GEORGIA STATE UNIVERSITY,casual
R104129,2026-07-12 12:42:00,12-Jul-2026 12:55,Piedmont Pk,Centennial Olympic Park,casual
R102899,2026-06-29 12:02:00,2026-06-29 12:14:27,MIDTOWN MARTA,Centennial Olympic Park,member
R104449,2026-07-15 14:23:00,07/15/2026 14:38,Ponce City Market,Midtown MARTA,member
R100046,2026-06-01 16:35:00,06/01/2026 16:47,Little Five Points,Centennial Olympic Park,member
R105156,07/22/2026 18:35,2026-07-22 19:01:16,Centennial Olympic Park,Ponce City Market,casual
R104676,2026-07-17 13:38:00,2026-07-17 14:06:15,Centennial Olympic Park,Piedmont Park,casual
R105397,07/24/2026 06:43,2026-07-24 06:53:24,Midtown MARTA,Piedmont Park,member
R103488,2026-07-06 17:12:00,2026-07-06 17:21:00,Georgia State University,Centennial Olympic Park,member
R100415,2026-06-04 17:56:00,2026-06-04 18:12:01,Little Five Points,Georgia State University,member
R102709,2026-06-27 11:58:00,2026-06-27 12:31:31,Midtown MARTA,PIEDMONT PARK,casual
R104797,2026-07-18 18:15:00,2026-07-18 18:32:53,MIDTOWN MARTA,Ponce City Market,member
R101277,2026-06-13 10:06:00,2026-06-13 10:38:51,Midtown MARTA,Piedmont Pk,casual
R100111,2026-06-01 08:28:00,2026-06-01 09:04:47,Ponce City Market,Midtown MARTA,casual
R101734,2026-06-18 07:04:00,2026-06-18 07:22:27,Midtown MARTA,PONCE CITY MARKET,member
R105979,2026-07-30 14:17:00,07/30/2026 14:25,Georgia State University,ponce city market,member
R101704,2026-06-17 22:03:00,06/17/2026 22:05,Georgia State University,Midtown MARTA,member
R102982,2026-06-30 02:46:00,2026-06-30 02:57:30,Midtown MARTA,Ponce City Market,member
R101125,11-Jun-2026 15:13,2026-06-11 15:27:44,Midtown MARTA,Centennial Olympic Park,casual
R102344,2026-06-24 21:14:00,2026-06-24 21:22:17,ATLANTIC STATION,Centennial Olympic Park,member
R102634,26-Jun-2026 08:48,2026-06-26 09:02:17,Georgia State University,Atlantic Station,member
R100035,2026-06-01 09:40:00,2026-06-01 09:53:34,Piedmont Park,Midtown MARTA,member
R105205,22-Jul-2026 11:07,07/22/2026 11:25,  Midtown MARTA ,Ponce City Market,casual
R104175,12-Jul-2026 15:20,2026-07-12 15:51:04,Georgia State University,midtown marta,casual
R101629,2026-06-17 07:35:00,06/17/2026 07:45,krog street market,Midtown MARTA,member
R103174,2026-07-02 18:13:00,2026-07-02 18:21:15,Centennial Olympic Park,GEORGIA STATE UNIVERSITY,member
R100214,2026-06-03 11:52:00,06/03/2026 12:05,midtown marta,Piedmont Park,member
R103754,08-Jul-2026 08:30,07/08/2026 08:38,Midtown MARTA,PONCE CITY MARKET,member
R105654,2026-07-27 08:03:00,2026-07-27 08:14:59,Centennial Olympic Park,Midtown MARTA,casual
R104013,10-Jul-2026 14:14,2026-07-10 14:25:31,Little Five Points,ATLANTIC STATION,member
R105511,2026-07-26 12:32:00,2026-07-26 12:52:28,Ponce City Market,Midtown MARTA,casual
R104483,2026-07-16 07:37:00,2026-07-16 08:02:38,Krog Street Market,Georgia State University,casual
R101504,2026-06-15 07:35:00,2026-06-15 07:48:42,West End,ATLANTIC STATION,member
R100089,06/01/2026 21:53,2026-06-01 22:12:14,Midtown MARTA,Ponce City Market,member
R101815,06/19/2026 04:10,19-Jun-2026 04:24,PONCE CITY MARKET,ATLANTIC STATION,member
R105420,07/25/2026 07:40,2026-07-25 08:01:49,Georgia State University,Grant Park,casual
R102572,2026-06-25 18:58:00,2026-06-25 19:12:50,MIDTOWN MARTA,Little Five Points,member
R102716,2026-06-27 11:53:00,06/27/2026 12:34,Midtown MARTA,Ponce City Market,casual
R103518,06-Jul-2026 08:48,2026-07-06 09:03:30,Midtown MARTA,Georgia State University,member
R103960,2026-07-10 19:29:00,10-Jul-2026 19:39,CENTENNIAL OLYMPIC PARK,Ponce City Market,member
R105995,07/30/2026 15:35,07/30/2026 15:49,Centennial Olympic Park,Midtown MARTA,member
R100987,06/10/2026 23:36,06/10/2026 23:52,Centennial Olympic Park,Georgia State University,member
R103129,2026-07-02 16:11:00,2026-07-02 16:18:47,Midtown MARTA,Ponce City Market,casual
R105797,07/28/2026 07:47,2026-07-28 08:05:18,centennial olympic park,Piedmont Park,member
R102331,2026-06-24 07:25:00,2026-06-24 07:37:18,Little Five Points,Midtown MARTA,member
R100081,2026-06-01 07:04:00,2026-06-01 07:39:16,ponce city market,Midtown MARTA,casual
R102334,24-Jun-2026 14:38,2026-06-24 14:39:44,Centennial Olympic Park,Georgia State University,member
R102430,2026-06-24 02:52:00,2026-06-24 03:03:27,Piedmont Park,Georgia State University,member
R105652,07/27/2026 17:00,2026-07-27 17:14:16,  Piedmont Park ,Georgia State University,member
R102638,06/26/2026 08:40,2026-06-26 08:47:41,Midtown MARTA,Little Five Points,member
R103107,07/02/2026 16:03,07/02/2026 16:08,Georgia State University,Midtown MARTA,member
R100968,2026-06-10 08:37:00,2026-06-10 08:45:01,Georgia State University,Centennial Olympic Park,member
R100845,06/09/2026 13:34,2026-06-09 13:42:29,West End,Midtown MARTA,member
R100632,2026-06-07 07:19:00,2026-06-07 07:45:08,Centennial Olympic Park,  Piedmont Park ,casual
R102792,2026-06-28 10:34:00,2026-06-28 10:48:54,  Little Five Points ,Midtown MARTA,casual
R100805,2026-06-08 12:59:00,2026-06-14 12:59:00,Ponce City Market,Midtown MARTA,member
R103042,2026-07-01 08:46:00,2026-07-01 08:58:41,Midtown MARTA,Atlantic Station,member
R101035,2026-06-11 20:02:00,11-Jun-2026 20:11,PONCE CITY MARKET,Midtown MARTA,member
R100972,2026-06-10 07:52:00,2026-06-10 08:04:35,Atlantic Station,  Ponce City Market ,member
R104543,07/16/2026 07:11,2026-07-16 07:25:28,krog street market,Atlantic Station,member
R102540,2026-06-25 09:34:00,2026-06-25 10:19:55,PONCE CITY MARKET,  Midtown MARTA ,casual
R104036,2026-07-11 12:16:00,2026-07-11 12:23:47,Centennial Olympic Park,Georgia State University,casual
R102226,22-Jun-2026 10:35,2026-06-22 10:46:22,Midtown MARTA,Krog Street Market,member
R103606,2026-07-07 16:05:00,2026-07-07 16:29:54,Georgia State University,MIDTOWN MARTA,casual
R104010,07/10/2026 18:13,2026-07-10 18:24:09,centennial olympic park,Midtown MARTA,member
R104420,2026-07-15 03:36:00,07/15/2026 03:46,Centennial Olympic Park,Atlantic Station,member
R104870,2026-07-19 15:49:00,2026-07-19 16:15:27,Midtown MARTA,Georgia State University,casual
R104910,2026-07-19 07:31:00,19-Jul-2026 07:46,midtown marta,Georgia State University,member
R105320,2026-07-24 11:37:00,2026-07-24 11:57:56,Little Five Points,centennial olympic park,casual
R101283,2026-06-13 18:22:00,2026-06-13 18:29:40,MIDTOWN MARTA,CENTENNIAL OLYMPIC PARK,casual
R102378,2026-06-24 22:49:00,2026-06-24 22:56:48,Ponce City Market,Midtown MARTA,member
R104424,15-Jul-2026 13:45,07/15/2026 13:58,Georgia State University,Little Five Points,member
R104126,2026-07-12 16:40:00,07/12/2026 16:58,Georgia State University,Ponce City Market,casual
R103093,2026-07-01 09:11:00,2026-07-01 09:19:15,PIEDMONT PARK,Ponce City Market,member
R100266,2026-06-03 08:45:00,2026-06-03 09:05:17,Midtown MARTA,Georgia State University,casual
R100419,06/04/2026 05:57,04-Jun-2026 06:08,Midtown MARTA,Centennial Olympic Park,member
R101916,2026-06-19 12:03:00,2026-06-19 12:14:16,krog street market,Centennial Olympic Park,member
R101707,2026-06-17 07:35:00,06/17/2026 07:48,Grant Park,Ponce City Market,member
R102345,2026-06-24 01:21:00,06/24/2026 01:33,Midtown MARTA,Centennial Olympic Park,member
R105228,2026-07-22 20:29:00,22-Jul-2026 20:41,GRANT PARK,Midtown MARTA,member
R102124,06/22/2026 19:35,2026-06-22 19:41:59,Midtown MARTA,Centennial Olympic Park,member
R103266,2026-07-03 18:59:00,07/03/2026 19:14,Midtown MARTA,Piedmont Park,member
R102904,06/29/2026 16:35,2026-06-29 16:43:05,Midtown MARTA,Georgia State University,member
R101251,2026-06-13 16:20:00,06/13/2026 16:32,georgia state university,PIEDMONT PARK,member
R105966,2026-07-30 08:09:00,30-Jul-2026 08:22,Midtown MARTA,  Centennial Olympic Park ,member
R104498,07/16/2026 17:31,2026-07-25 17:31:00,Atlantic Station,MIDTOWN MARTA,member
R100522,2026-06-06 12:13:00,2026-06-06 12:35:28,Midtown MARTA,Atlantic Station,casual
R103800,2026-07-09 07:11:00,2026-07-09 07:24:05,krog street market,Midtown MARTA,member
R102011,2026-06-21 09:24:00,21-Jun-2026 09:36,Midtown MARTA,KROG STREET MARKET,member
R101108,2026-06-11 07:04:00,2026-06-11 07:13:04,  Ponce City Market ,little five points,casual
R102475,2026-06-25 08:55:00,2026-06-25 09:08:01,Ponce City Market,Piedmont Park,member
R103828,2026-07-09 06:32:00,2026-07-09 06:40:02,Georgia State University,Grant Park,member
R102173,2026-06-22 06:46:00,22-Jun-2026 07:07,Centennial Olympic Park,Georgia State University,casual
R100315,2026-06-04 16:59:00,2026-06-04 17:16:32,Grant Park,Ponce City Market,member
R103564,07/07/2026 17:23,2026-07-07 17:46:33,Midtown MARTA,Piedmont Park,casual
R102494,2026-06-25 12:08:00,06/25/2026 12:20,Midtown MARTA,Piedmont Park,member
R104440,15-Jul-2026 06:35,07/15/2026 06:44,  Little Five Points ,Georgia State University,member
R103020,2026-06-30 10:35:00,2026-06-30 10:46:12,Georgia State University,Ponce City Market,member
R101431,2026-06-15 21:31:00,2026-06-15 21:40:19,Georgia State University,Midtown MARTA,member
R100253,06/03/2026 20:40,06/03/2026 20:40,Ponce City Market,Ponce City Market,member
R100467,05-Jun-2026 15:28,2026-06-05 15:42:35,Georgia State University,Ponce City Market,member
R102533,2026-06-25 19:05:00,2026-06-25 19:11:52,Piedmont Park,  Georgia State University ,member
R100190,2026-06-02 14:39:00,2026-06-02 14:57:00,Piedmont Park,Midtown MARTA,member
R105039,07/21/2026 13:59,07/21/2026 14:18,Midtown MARTA,Krog Street Market,member
R100881,2026-06-09 09:40:00,2026-06-09 10:00:20,West End,Piedmont Park,casual
R100073,2026-06-01 11:30:00,2026-06-01 11:41:35,GEORGIA STATE UNIVERSITY,Ponce City Market,member
R103416,05-Jul-2026 07:29,2026-07-05 07:42:23,centennial olympic park,Midtown MARTA,casual
R104782,2026-07-18 18:32:00,2026-07-18 18:50:03,MIDTOWN MARTA,Centennial Olympic Park,casual
R102451,2026-06-24 17:36:00,06/24/2026 17:49,georgia state university,Centennial Olympic Park,member
R101081,2026-06-11 18:24:00,2026-06-11 18:32:13,Ponce City Market,Piedmont Park,member
R100511,2026-06-05 21:00:00,06/05/2026 21:16,Centennial Olympic Park,Ponce City Market,member
R102609,2026-06-26 15:10:00,2026-06-26 15:23:37,ATLANTIC STATION,Midtown MARTA,member
R101250,2026-06-12 16:24:00,2026-06-12 16:40:53,West End,GEORGIA STATE UNIVERSITY,member
R103189,2026-07-02 20:00:00,2026-07-02 20:06:21,Centennial Olympic Park,midtown marta,member
R100216,06/03/2026 05:12,2026-06-03 05:30:51,Ponce City Market,Georgia State University,member
R103236,2026-07-03 15:39:00,2026-07-03 15:54:00,ponce city market,Centennial Olympic Park,member
R101178,06/12/2026 08:12,2026-06-12 08:19:08,Atlantic Station,Piedmont Park,member
R101209,2026-06-12 19:56:00,12-Jun-2026 20:04,Midtown MARTA,Ponce City Market,member
R105846,2026-07-29 18:02:00,07/29/2026 18:13,midtown marta,  Ponce City Market ,member
R102683,06/27/2026 11:06,2026-06-27 11:20:26,  Ponce City Market ,Krog Street Market,casual
R103322,2026-07-04 12:28:00,2026-07-04 12:45:47,Midtown MARTA,  Georgia State University ,casual
R100104,2026-06-01 15:45:00,2026-06-01 16:00:11,Georgia State University,Krog Street Market,casual
R101422,2026-06-15 16:58:00,06/15/2026 17:12,Ponce City Market,Centennial Olympic Park,member
R101376,2026-06-14 10:38:00,2026-06-14 11:00:26,West End,Centennial Olympic Park,casual
R103280,2026-07-03 11:12:00,2026-07-03 11:17:41,Ponce City Market,Centennial Olympic Park,member
R102877,2026-06-29 20:36:00,2026-06-29 20:44:42,centennial olympic park,ponce city market,member
R103148,2026-07-02 12:13:00,2026-07-02 12:27:43,MIDTOWN MARTA,Krog Street Market,member
R100178,2026-06-02 06:06:00,02-Jun-2026 06:23,Atlantic Station,Grant Park,member
R100162,2026-06-02 08:28:00,02-Jun-2026 08:43,Georgia State University,Atlantic Station,member
R102723,27-Jun-2026 06:23,06/27/2026 06:48,Ponce City Market,MIDTOWN MARTA,casual
R101256,06/13/2026 16:06,2026-06-13 16:12:54,Centennial Olympic Park,Atlantic Station,member
R104898,2026-07-19 14:14:00,2026-07-19 14:26:33,Krog Street Market,CENTENNIAL OLYMPIC PARK,member
R100217,2026-06-03 12:39:00,06/03/2026 12:49,Georgia State University,  Piedmont Park ,member
R103616,07-Jul-2026 08:36,07/07/2026 09:06,Krog Street Market,Piedmont Pk,casual
R100705,2026-06-07 09:58:00,2026-06-07 10:10:36,Atlantic Station,CENTENNIAL OLYMPIC PARK,member
R105454,07/25/2026 20:58,07/25/2026 21:00,Georgia State University,midtown marta,member
R100456,2026-06-05 18:33:00,06/05/2026 19:17,Ponce City Market,Georgia State University,casual
R101619,2026-06-17 17:26:00,2026-06-17 17:45:09,Georgia State University,midtown marta,casual
R102818,2026-06-28 15:50:00,06/28/2026 16:08,MIDTOWN MARTA,Ponce City Market,casual
R105004,07/20/2026 19:51,2026-07-20 20:07:09,Midtown MARTA,PONCE CITY MARKET,member
R100320,2026-06-04 16:14:00,2026-06-04 16:27:53,Midtown MARTA,Piedmont Park,member
R100280,06/03/2026 16:55,2026-06-03 17:03:54,Midtown MARTA,LITTLE FIVE POINTS,member
R102223,2026-06-22 15:57:00,2026-06-22 16:11:25,West End,Midtown MARTA,member
R103530,2026-07-06 20:08:00,07/06/2026 20:23,Ponce City Market,Georgia State University,member
R101595,16-Jun-2026 18:22,2026-06-16 18:31:13,Georgia State University,Midtown MARTA,member
R104057,11-Jul-2026 19:02,2026-07-11 19:25:36,Piedmont Pk,Ponce City Market,casual
R103559,2026-07-06 15:14:00,07/06/2026 15:19,Georgia State University,Midtown MARTA,member
R105218,2026-07-22 23:13:00,2026-07-22 23:24:23,centennial olympic park,MIDTOWN MARTA,member
R101994,06/20/2026 15:14,2026-06-20 15:59:25,  Midtown MARTA ,Ponce City Market,casual
R105331,2026-07-24 11:33:00,2026-07-24 11:40:17,Little Five Points,  Ponce City Market ,member
R102808,2026-06-28 10:24:00,2026-06-28 10:43:41,  Midtown MARTA ,PIEDMONT PARK,casual
R100562,2026-06-06 08:56:00,2026-06-06 09:08:54,Centennial Olympic Park,Ponce City Market,member
R101977,2026-06-20 16:48:00,2026-06-20 16:55:40,Ponce City Market,west end,member
R103654,2026-07-08 10:54:00,2026-07-08 11:09:09,CENTENNIAL OLYMPIC PARK,Ponce City Market,member
R100416,2026-06-04 10:38:00,06/04/2026 10:50,Ponce City Market,Georgia State University,member
R105229,2026-07-22 05:14:00,2026-07-22 05:28:02,Piedmont Park,Georgia State University,member
R105937,2026-07-30 15:52:00,2026-07-30 16:09:44,Ponce City Market,Krog Street Market,casual
R105294,07/23/2026 17:21,07/23/2026 17:37,Centennial Olympic Pk,Little Five Points,member
R100732,2026-06-08 14:09:00,08-Jun-2026 14:14,Midtown MARTA,ATLANTIC STATION,
R102058,2026-06-21 09:46:00,06/21/2026 09:57,georgia state university,Midtown MARTA,member
R102976,2026-06-30 18:18:00,06/30/2026 18:38,Ponce City Market,Midtown MARTA,casual
R101613,06/17/2026 17:12,06/17/2026 17:24,Atlantic Station,Centennial Olympic Park,member
R105055,07/21/2026 17:48,21-Jul-2026 17:49,Little Five Points,  Midtown MARTA ,casual
R103377,2026-07-04 14:46:00,07/04/2026 14:52,PONCE CITY MARKET,Georgia State University,casual
R103240,07/03/2026 12:54,03-Jul-2026 13:03,Krog Street Market,CENTENNIAL OLYMPIC PARK,member
R105620,2026-07-27 18:48:00,2026-07-27 18:53:55,Ponce City Market,Midtown MARTA,member
R104496,07/16/2026 07:21,2026-07-16 07:22:00,Piedmont Pk,GEORGIA STATE UNIVERSITY,member
R101647,2026-06-17 13:19:00,2026-06-17 13:47:37,Midtown MARTA,  Centennial Olympic Park ,casual
R103159,2026-07-02 19:37:00,2026-07-02 19:52:27,Midtown MARTA,PONCE CITY MARKET,member
R104060,07/11/2026 18:25,2026-07-11 18:33:40,Atlantic Station,Midtown MARTA,casual
R100043,2026-06-01 06:32:00,2026-06-01 06:38:03,Little Five Points,Ponce City Market,casual
R104873,2026-07-19 14:04:00,19-Jul-2026 14:26,Grant Park,Ponce City Market,casual
R103895,07/09/2026 07:29,07/09/2026 07:39,Midtown MARTA,ponce city market,member
R103250,2026-07-03 08:53:00,07/03/2026 09:05,Midtown MARTA,Piedmont Park,member
R101327,13-Jun-2026 14:09,2026-06-13 14:26:00,Centennial Olympic Park,Midtown MARTA,member
R101955,06/20/2026 12:34,2026-06-20 12:58:11,Krog Street Market,Centennial Olympic Pk,casual
R103024,2026-07-01 07:45:00,07/01/2026 07:57,Georgia State University,MIDTOWN MARTA,member
R105932,2026-07-30 11:02:00,2026-07-30 11:15:08,Ponce City Market,Little Five Points,member
R103355,2026-07-04 14:11:00,2026-07-04 14:30:34,  Midtown MARTA ,Ponce City Market,casual
R100363,2026-06-04 20:57:00,06/04/2026 21:13,Ponce City Market,  Georgia State University ,member
R100075,06/01/2026 07:15,06/01/2026 07:34,centennial olympic park,Piedmont Park,casual
R102695,2026-06-27 14:05:00,2026-06-27 14:13:56,Georgia State University,  Midtown MARTA ,member
R104621,2026-07-17 08:05:00,2026-07-17 08:11:27,West End,Centennial Olympic Park,casual
R103721,07/08/2026 18:54,08-Jul-2026 19:25,Georgia State University,Krog Street Market,casual
R104835,2026-07-19 17:27:00,2026-07-19 17:40:33,Midtown MARTA,LITTLE FIVE POINTS,member
R104412,2026-07-15 15:13:00,2026-07-15 15:22:32,Ponce City Market,Midtown MARTA,member
R101522,06/15/2026 11:51,06/15/2026 12:03,Georgia State University,Ponce City Market,member
R105794,2026-07-28 08:56:00,07/28/2026 09:10,Krog Street Market,Midtown MARTA,member
R102022,21-Jun-2026 11:40,2026-06-21 12:01:58,Georgia State University,PONCE CITY MARKET,casual
R101246,2026-06-12 17:00:00,06/12/2026 17:14,Midtown MARTA,Atlantic Station,member
R103927,2026-07-10 12:20:00,2026-07-10 12:55:31,Ponce City Market,Piedmont Pk,casual
R101345,2026-06-14 01:53:00,2026-06-14 02:09:47,Atlantic Station,Ponce City Market,casual
R101549,16-Jun-2026 07:27,2026-06-16 07:41:44,  Atlantic Station ,Midtown MARTA,member
R100602,06/07/2026 06:00,2026-06-07 06:01:00,Midtown MARTA,Georgia State University,casual
R101588,2026-06-16 09:22:00,2026-06-16 09:33:19,Ponce City Market,Midtown MARTA,member
R104489,2026-07-16 18:00:00,16-Jul-2026 18:01,Midtown MARTA,Georgia State University,casual
R100350,04-Jun-2026 07:29,06/04/2026 07:34,  Midtown MARTA ,ponce city market,member
R104968,2026-07-20 08:37:00,2026-07-20 08:50:09,Centennial Olympic Park,Georgia State University,member
R100731,06/08/2026 14:38,2026-06-08 15:03:38,Ponce City Market,Atlantic Station,casual
R100424,05-Jun-2026 07:33,06/05/2026 07:45,Ponce City Market,CENTENNIAL OLYMPIC PARK,member
R103006,2026-06-30 20:30:00,2026-06-30 20:43:04,Midtown MARTA,Centennial Olympic Park,casual
R100226,2026-06-03 10:50:00,2026-06-03 10:58:05,Ponce City Market,Georgia State University,member
R102983,2026-06-30 08:39:00,2026-06-30 08:53:34,Grant Park,Midtown MARTA,member
R105860,2026-07-29 09:08:00,07/29/2026 09:22,Piedmont Park,Georgia State University,member
R105040,2026-07-21 16:16:00,2026-07-21 16:31:05,Centennial Olympic Park,Little Five Points,member
R101089,2026-06-11 18:24:00,2026-07-01 18:24:00,Georgia State University,Ponce City Market,member
R102204,2026-06-22 07:45:00,2026-06-22 08:01:43,Midtown MARTA,PONCE CITY MARKET,member
R103178,2026-07-02 18:02:00,07/02/2026 18:20,Centennial Olympic Pk,  Midtown MARTA ,
R104124,07/12/2026 07:38,2026-07-12 08:11:21,Piedmont Park,Midtown MARTA,casual
R101127,2026-06-12 12:58:00,2026-06-12 12:59:38,Centennial Olympic Park,Ponce City Market,member
R104260,2026-07-14 07:45:00,2026-07-14 07:56:09,MIDTOWN MARTA,Georgia State University,
R103452,07/05/2026 07:43,07/05/2026 07:54,Atlantic Station,  Centennial Olympic Park ,member
R105877,2026-07-29 16:37:00,2026-07-29 17:01:46,Georgia State University,Midtown MARTA,casual
R101501,06/15/2026 08:23,2026-06-15 08:43:50,Midtown MARTA,Georgia State University,casual
R100086,2026-06-01 05:58:00,01-Jun-2026 06:08,Midtown MARTA,Ponce City Market,member
R101740,06/18/2026 08:45,2026-06-18 08:52:58,Georgia State University,Ponce City Market,member
R102521,2026-06-25 05:29:00,2026-06-25 05:37:22,Midtown MARTA,Centennial Olympic Park,member
R101430,2026-06-15 12:56:00,15-Jun-2026 13:18,Ponce City Market,Grant Park,member
R102051,06/21/2026 13:57,2026-06-21 14:22:00,Midtown MARTA,CENTENNIAL OLYMPIC PARK,casual
R100649,2026-06-07 15:06:00,2026-06-07 15:21:25,Georgia State University,Centennial Olympic Park,member
R103560,2026-07-06 15:31:00,2026-07-06 15:56:23,Ponce City Market,Centennial Olympic Park,casual
R104073,2026-07-11 13:18:00,2026-07-11 13:30:09,Piedmont Park,  Ponce City Market ,member
R100718,2026-06-08 14:52:00,2026-06-08 15:06:20,centennial olympic park,Ponce City Market,casual
R104154,07/12/2026 06:29,07/12/2026 06:43,Georgia State University,Midtown MARTA,member
R103200,2026-07-02 17:18:00,2026-07-02 17:30:26,Atlantic Station,georgia state university,member
R103133,07/02/2026 15:47,07/02/2026 16:04,Centennial Olympic Pk,Ponce City Market,member
R100874,2026-06-09 07:54:00,2026-06-09 07:53:00,  Georgia State University ,Midtown MARTA,casual
R100127,2026-06-02 14:57:00,2026-06-02 15:16:54,centennial olympic park,Piedmont Park,member
R101889,2026-06-19 08:58:00,2026-06-19 09:35:30,Piedmont Park,  Centennial Olympic Park ,casual
R105053,2026-07-21 10:55:00,2026-07-21 11:11:48,Midtown MARTA,Ponce City Market,member
R104949,07/20/2026 14:18,2026-07-20 14:34:00,Piedmont Pk,Ponce City Market,member
R101387,2026-06-14 15:32:00,2026-06-14 16:05:08,Centennial Olympic Park,Atlantic Station,casual
R105710,27-Jul-2026 17:15,07/27/2026 17:22,Midtown MARTA,Georgia State University,casual
R105174,2026-07-22 18:20:00,07/22/2026 18:33,  Ponce City Market ,Midtown MARTA,member
R102296,2026-06-23 16:30:00,23-Jun-2026 16:54,Georgia State University,MIDTOWN MARTA,casual
R101352,2026-06-14 13:39:00,06/14/2026 13:50,Midtown MARTA,Georgia State University,member
R100608,07-Jun-2026 08:16,2026-06-07 08:33:10,GRANT PARK,Piedmont Park,casual
R105105,2026-07-21 19:18:00,2026-07-21 19:31:51,Ponce City Market,Piedmont Park,member
R103855,2026-07-09 06:24:00,09-Jul-2026 06:38,Little Five Points,Ponce City Market,member
R101001,2026-06-10 17:42:00,2026-06-10 17:54:08,Atlantic Station,Ponce City Market,casual
R105255,2026-07-23 20:59:00,2026-07-23 21:06:33,Centennial Olympic Park,Georgia State University,member
R104184,2026-07-13 08:39:00,2026-07-13 08:56:46,Midtown MARTA,Centennial Olympic Park,member
R101402,2026-06-14 11:30:00,2026-06-14 11:43:27,ponce city market,Midtown MARTA,member
R103863,2026-07-09 07:10:00,2026-07-09 07:26:18,Midtown MARTA,Atlantic Station,casual
R101766,2026-06-18 07:05:00,2026-06-18 07:13:41,Georgia State University,CENTENNIAL OLYMPIC PARK,member
R104199,2026-07-13 17:01:00,2026-07-13 17:04:17,Midtown MARTA,GEORGIA STATE UNIVERSITY,member
R105388,07/24/2026 09:21,07/24/2026 10:06,Atlantic Station,Krog Street Market,casual
R104828,07/19/2026 06:44,2026-07-19 07:13:28,Ponce City Market,,casual
R103832,2026-07-09 09:11:00,2026-07-09 09:37:25,Ponce City Market,Georgia State University,casual
R103817,2026-07-09 20:26:00,2026-07-09 20:31:53,Ponce City Market,Midtown MARTA,member
R100108,01-Jun-2026 20:19,2026-06-01 20:32:14,Midtown MARTA,Piedmont Park,member
R105138,2026-07-21 18:09:00,2026-07-21 18:44:16,Georgia State University,Piedmont Park,casual
R104229,2026-07-13 17:38:00,2026-07-13 17:46:40,  Midtown MARTA ,Grant Park,member
R102531,2026-06-25 14:56:00,2026-06-25 15:02:08,Midtown MARTA,Centennial Olympic Park,member
R102579,2026-06-26 16:22:00,06/26/2026 16:53,Centennial Olympic Park,Georgia State University,casual
R103512,07/06/2026 18:42,06-Jul-2026 18:43,Midtown MARTA,  Grant Park ,member
R100613,2026-06-07 16:23:00,06/07/2026 16:39,georgia state university,Ponce City Market,member
R104937,2026-07-20 07:24:00,20-Jul-2026 07:32,Georgia State University,ponce city market,member
R105790,07/28/2026 07:04,07/28/2026 07:16,  Georgia State University ,West End,member
R104666,2026-07-17 08:23:00,2026-07-17 08:39:32,Midtown MARTA,GEORGIA STATE UNIVERSITY,member
R104135,2026-07-12 12:22:00,07/12/2026 12:33,Midtown MARTA,Centennial Olympic Park,member
R105639,2026-07-27 08:14:00,2026-07-27 08:23:51,midtown marta,Ponce City Market,member
R101066,2026-06-11 08:31:00,2026-06-11 08:40:26,PONCE CITY MARKET,Georgia State University,member
R103318,2026-07-04 15:46:00,2026-07-04 15:50:00,Ponce City Market,Midtown MARTA,casual
R105396,2026-07-24 18:48:00,07/24/2026 18:59,Midtown MARTA,Atlantic Station,member
R102432,2026-06-24 16:13:00,2026-06-24 16:23:26,Atlantic Station,Ponce City Market,member
R102076,2026-06-21 19:08:00,2026-06-21 19:19:12,piedmont park,Centennial Olympic Park,casual
R104891,19-Jul-2026 08:33,07/19/2026 08:41,Atlantic Station,MIDTOWN MARTA,member
R101708,2026-06-17 08:51:00,17-Jun-2026 09:05,Midtown MARTA,Centennial Olympic Park,casual
R105256,2026-07-23 20:32:00,07/23/2026 20:42,Atlantic Station,Ponce City Market,member
R105813,2026-07-29 04:40:00,07/29/2026 04:51,Midtown MARTA,Ponce City Market,member
R101992,2026-06-20 12:14:00,20-Jun-2026 12:22,Midtown MARTA,PONCE CITY MARKET,member
R104503,2026-07-16 17:10:00,2026-07-16 17:19:25,  Georgia State University ,Midtown MARTA,member
R101699,06/17/2026 08:12,2026-06-17 08:20:43,Ponce City Market,CENTENNIAL OLYMPIC PARK,member
R104955,2026-07-20 08:27:00,07/20/2026 08:42,Midtown MARTA,Grant Park,member
R103673,08-Jul-2026 17:59,2026-07-08 18:35:41,Georgia State University,  Atlantic Station ,casual
R105857,07/29/2026 07:05,2026-07-29 07:16:13,Krog Street Market,Centennial Olympic Park,member
R104020,2026-07-11 16:02:00,2026-07-11 16:27:28,Atlantic Station,Midtown MARTA,
R103985,2026-07-10 04:31:00,10-Jul-2026 04:38,Centennial Olympic Park,Georgia State University,member
R103485,2026-07-06 08:29:00,2026-07-06 08:38:34,Georgia State University,Ponce City Market,
R102821,28-Jun-2026 07:40,2026-06-28 08:05:00,Ponce City Market,West End,casual
R101512,06/15/2026 20:22,2026-06-15 20:34:10,Midtown MARTA,Grant Park,casual
R102360,2026-06-24 06:01:00,2026-06-24 06:32:38,Atlantic Station,ponce city market,casual
R102479,2026-06-25 17:49:00,06/25/2026 18:16,Georgia State University,Midtown MARTA,casual
R103767,2026-07-08 08:32:00,2026-07-08 09:01:47,CENTENNIAL OLYMPIC PARK,Ponce City Market,casual
R104777,2026-07-18 10:11:00,2026-07-29 10:11:00,Ponce City Market,Midtown MARTA,member
R103662,2026-07-08 12:36:00,2026-07-08 12:54:00,  Ponce City Market ,Midtown MARTA,casual
R105060,2026-07-21 06:48:00,2026-07-21 07:05:21,Centennial Olympic Park,Midtown MARTA,member
R101451,15-Jun-2026 19:44,06/15/2026 19:52,Midtown MARTA,georgia state university,casual
R103752,2026-07-08 10:49:00,2026-07-08 10:57:04,Krog Street Market,Ponce City Market,member
R100317,2026-06-04 17:17:00,2026-06-04 17:27:45,Ponce City Market,Georgia State University,member
R101144,06/12/2026 16:56,2026-06-12 17:26:40,Ponce City Market,georgia state university,casual
R104007,2026-07-10 11:01:00,2026-07-10 11:13:48,Georgia State University,Ponce City Market,casual
R101716,2026-06-17 08:44:00,2026-06-17 08:51:29,  Georgia State University ,Ponce City Market,member
R100655,06/07/2026 15:41,2026-06-07 15:50:35,Piedmont Park,Centennial Olympic Park,casual
R105058,21-Jul-2026 07:02,2026-07-21 07:11:35,Georgia State University,Midtown MARTA,member
R105941,2026-07-30 06:55:00,2026-07-30 07:11:57,Atlantic Station,Centennial Olympic Park,casual
R102503,2026-06-25 21:48:00,2026-06-25 22:05:39,atlantic station,Midtown MARTA,member
R104641,07/17/2026 07:15,07/17/2026 07:23,Centennial Olympic Park,georgia state university,member
R100809,2026-06-09 05:52:00,06/09/2026 06:02,Ponce City Market,krog street market,member
R100913,2026-06-10 12:15:00,2026-06-10 12:25:21,Georgia State University,Midtown MARTA,member
R104544,2026-07-16 13:43:00,2026-07-16 13:50:45,  Atlantic Station ,centennial olympic park,member
R105335,2026-07-24 14:01:00,2026-07-24 14:02:00,piedmont park,Georgia State University,member
R102590,2026-06-26 11:04:00,2026-06-26 11:12:21,georgia state university,Piedmont Park,member
R101800,2026-06-18 08:15:00,06/18/2026 08:25,Centennial Olympic Park,Midtown MARTA,member
R105080,21-Jul-2026 09:54,2026-07-21 10:14:18,Ponce City Market,West End,member
R104580,07/17/2026 17:25,07/17/2026 17:34,Ponce City Market,Little Five Points,member
R100686,06/07/2026 12:40,2026-06-07 13:13:46,Little Five Points,Midtown MARTA,casual
R100907,2026-06-10 13:33:00,2026-06-14 13:33:00,Georgia State University,Atlantic Station,member
R103348,2026-07-04 19:20:00,2026-07-04 19:31:43,Midtown MARTA,Ponce City Market,member
R100414,2026-06-04 02:44:00,2026-06-04 02:55:27,GEORGIA STATE UNIVERSITY,Centennial Olympic Park,member
R102753,2026-06-28 09:16:00,2026-06-28 09:25:06,Piedmont Park,Georgia State University,member
R103762,2026-07-08 19:08:00,2026-07-08 19:40:18,Midtown MARTA,Georgia State University,casual
R104394,2026-07-15 17:44:00,2026-07-15 18:02:12,Midtown MARTA,PONCE CITY MARKET,member
R103632,2026-07-07 08:49:00,2026-07-07 09:03:33,Midtown MARTA,Ponce City Market,member
R103649,07/07/2026 07:40,2026-07-07 07:51:02,Ponce City Market,Midtown MARTA,member
R102447,2026-06-24 08:20:00,06/24/2026 08:46,Georgia State University,Ponce City Market,casual
R101210,2026-06-12 07:08:00,2026-06-12 07:24:21,Atlantic Station,Ponce City Market,casual
R101581,2026-06-16 15:15:00,2026-06-16 15:28:46,Midtown MARTA,Ponce City Market,member
R101187,06/12/2026 20:06,2026-06-12 20:33:52,Georgia State University,Midtown MARTA,casual
R103942,2026-07-10 17:38:00,2026-07-10 17:42:43,Atlantic Station,Georgia State University,member
R103481,07/06/2026 08:50,2026-07-06 09:02:31,Georgia State University,Ponce City Market,member
R104832,2026-07-19 08:04:00,2026-07-19 08:23:14,Ponce City Market,Midtown MARTA,casual
R101028,2026-06-11 05:15:00,2026-06-11 05:29:44,Midtown MARTA,Georgia State University,casual
R103315,04-Jul-2026 16:52,2026-07-04 17:29:45,Centennial Olympic Park,Georgia State University,casual
R105355,2026-07-24 13:08:00,2026-07-24 13:24:14,  Ponce City Market ,  Midtown MARTA ,casual
R102050,06/21/2026 06:41,2026-06-21 07:06:08,Ponce City Market,  Piedmont Park ,casual
R101530,2026-06-16 17:12:00,2026-06-16 17:23:59,Midtown MARTA,Atlantic Station,member
R102305,2026-06-23 16:20:00,23-Jun-2026 16:30,Georgia State University,Ponce City Market,member
R105035,2026-07-21 05:56:00,21-Jul-2026 06:36,Krog Street Market,Midtown MARTA,casual
R104236,07/13/2026 15:46,2026-07-13 15:57:49,Little Five Points,Centennial Olympic Park,member
R105962,07/30/2026 18:40,30-Jul-2026 18:43,Georgia State University,Centennial Olympic Park,member
R104742,2026-07-18 14:45:00,2026-07-18 15:08:24,  Midtown MARTA ,piedmont park,casual
R103217,2026-07-03 09:47:00,07/03/2026 09:58,Ponce City Market,Piedmont Park,member
R101076,2026-06-11 16:55:00,2026-06-11 17:02:53,georgia state university,Ponce City Market,member
R103427,05-Jul-2026 17:30,2026-07-05 17:41:27,Georgia State University,  Atlantic Station ,member
R100252,2026-06-03 20:05:00,06/03/2026 20:10,Ponce City Market,  Georgia State University ,casual
R101956,06/20/2026 10:24,06/20/2026 10:24,Atlantic Station,Atlantic Station,casual
R105327,07/24/2026 14:55,2026-07-24 15:01:20,Ponce City Market,georgia state university,member
R101041,2026-06-11 21:51:00,2026-06-11 22:05:22,Georgia State University,Midtown MARTA,member
R102607,2026-06-26 06:14:00,26-Jun-2026 06:22,Piedmont Park,PONCE CITY MARKET,member
R101841,2026-06-19 00:29:00,2026-06-19 00:37:06,Ponce City Market,Midtown MARTA,member
R104103,2026-07-12 13:40:00,2026-07-12 13:53:51,Atlantic Station,Ponce City Market,member
R102989,2026-06-30 20:39:00,2026-06-30 20:45:07,CENTENNIAL OLYMPIC PARK,Midtown MARTA,member
R103456,07/05/2026 20:42,2026-07-05 21:22:07,Midtown MARTA,Atlantic Station,casual
R101264,06/13/2026 13:50,06/13/2026 14:20,Midtown MARTA,Ponce City Market,casual
R102780,2026-06-28 22:38:00,2026-06-28 22:55:45,PIEDMONT PARK,West End,casual
R104266,07/14/2026 18:50,07/14/2026 19:05,Ponce City Market,KROG STREET MARKET,member
R103757,2026-07-08 14:16:00,07/08/2026 14:41,Georgia State University,Atlantic Station,casual
R105019,2026-07-20 08:10:00,07/20/2026 08:13,Midtown MARTA,Atlantic Station,casual
R101894,2026-06-19 13:18:00,06/19/2026 13:28,Piedmont Park,Ponce City Market,member
R104984,2026-07-20 15:13:00,2026-07-20 15:23:13,atlantic station,Midtown MARTA,member
R100667,2026-06-07 11:06:00,2026-06-07 11:22:40,Centennial Olympic Park,Ponce City Market,member
R104206,2026-07-13 13:36:00,2026-07-13 13:44:16,Midtown MARTA,Krog Street Market,member
R104289,2026-07-14 07:10:00,2026-07-14 07:23:53,Ponce City Market,georgia state university,member
R100830,06/09/2026 18:45,2026-06-09 18:56:29,Midtown MARTA,Georgia State University,member
R100438,06/05/2026 20:32,2026-06-05 20:39:10,Ponce City Market,Centennial Olympic Park,member
R102705,27-Jun-2026 11:32,2026-06-27 11:45:32,Krog Street Market,Centennial Olympic Park,member
R100831,09-Jun-2026 06:27,09-Jun-2026 06:40,Midtown MARTA,Krog Street Market,member
R105501,26-Jul-2026 09:58,2026-07-26 10:09:23,Midtown MARTA,Georgia State University,casual
R104354,2026-07-14 12:41:00,2026-07-14 12:49:25,Midtown MARTA,Piedmont Park,member
R105434,2026-07-25 07:06:00,2026-07-25 07:19:16,Ponce City Market,Atlantic Station,casual
R105235,2026-07-22 19:28:00,2026-07-22 19:45:20,Ponce City Market,  Midtown MARTA ,casual
R102676,2026-06-27 11:13:00,2026-06-27 11:24:48,Atlantic Station,Midtown MARTA,member
R104680,07/17/2026 15:37,2026-07-17 15:51:53,Midtown MARTA,LITTLE FIVE POINTS,member
R101153,2026-06-12 07:55:00,2026-06-12 08:01:26,Midtown MARTA,Atlantic Station,member
R100390,2026-06-04 18:17:00,2026-06-04 18:30:17,Midtown MARTA,  Ponce City Market ,member
R100109,2026-06-01 01:59:00,06/01/2026 02:08,Ponce City Market,Midtown MARTA,member
R105902,2026-07-30 13:44:00,2026-07-30 13:55:59,Ponce City Market,Centennial Olympic Park,member
R101880,2026-06-19 09:37:00,2026-06-19 09:56:34,Midtown MARTA,Georgia State University,member
R103135,07/02/2026 16:27,2026-07-02 17:00:37,Piedmont Park,Atlantic Station,casual
R101601,2026-06-16 07:28:00,06/16/2026 07:43,Atlantic Station,Grant Park,member
R103713,2026-07-08 08:58:00,2026-07-08 09:24:36,  Ponce City Market ,Midtown MARTA,casual
R100466,2026-06-05 18:42:00,05-Jun-2026 18:44,Piedmont Park,Centennial Olympic Park,member
R100125,2026-06-02 08:29:00,2026-06-02 08:39:02,Midtown MARTA,georgia state university,member
R103641,2026-07-07 14:21:00,2026-07-07 14:21:00,Georgia State University,Georgia State University,member
R104645,17-Jul-2026 07:00,07/17/2026 07:15,Georgia State University,Krog Street Market,casual
R103498,2026-07-06 12:01:00,2026-07-06 12:15:42,Georgia State University,Midtown MARTA,member
R104083,2026-07-11 10:42:00,2026-07-11 10:55:21,Midtown MARTA,Ponce City Market,member
R103210,07/02/2026 19:50,07/02/2026 19:53,Ponce City Market,Midtown MARTA,member
R101714,2026-06-17 12:23:00,17-Jun-2026 12:27,Centennial Olympic Park,Midtown MARTA,member
R101969,2026-06-20 13:35:00,2026-06-20 13:54:59,Ponce City Market,MIDTOWN MARTA,casual
R104456,2026-07-15 14:43:00,07/15/2026 15:06,West End,Piedmont Park,casual
R101118,06/11/2026 16:44,2026-06-11 16:47:30,Midtown MARTA,Ponce City Market,member
R104720,2026-07-18 17:04:00,2026-07-18 17:11:27,Centennial Olympic Pk,PONCE CITY MARKET,casual
R104597,2026-07-17 17:23:00,2026-07-17 17:36:09,Centennial Olympic Park,Midtown MARTA,member
R105358,07/24/2026 08:14,07/24/2026 08:26,GEORGIA STATE UNIVERSITY,Midtown MARTA,member
R100990,2026-06-10 03:46:00,06/10/2026 03:48,Ponce City Market,Atlantic Station,member
R104006,2026-07-10 10:34:00,2026-07-10 10:59:54,Centennial Olympic Pk,Midtown MARTA,casual
R102897,2026-06-29 04:59:00,2026-06-29 05:16:03,Georgia State University,Piedmont Park,member
R105394,2026-07-24 08:25:00,2026-07-24 08:30:40,Ponce City Market,Midtown MARTA,member
R100237,2026-06-03 18:06:00,2026-06-03 18:20:21,PONCE CITY MARKET,Centennial Olympic Park,member
R104469,2026-07-16 17:29:00,2026-07-16 17:47:41,Georgia State University,Atlantic Station,casual
R105673,27-Jul-2026 17:48,2026-07-27 18:05:46,Georgia State University,Ponce City Market,member
R102946,2026-06-29 08:34:00,2026-06-29 08:43:34,West End,Georgia State University,member
R102299,2026-06-23 19:55:00,23-Jun-2026 20:09,Ponce City Market,Centennial Olympic Park,member
R103276,03-Jul-2026 12:07,07/03/2026 12:19,PONCE CITY MARKET,Centennial Olympic Park,member
R105829,2026-07-29 07:29:00,2026-07-29 07:41:13,Midtown MARTA,Ponce City Market,member
R105760,2026-07-28 13:37:00,2026-07-28 14:02:59,Ponce City Market,MIDTOWN MARTA,casual
R104003,2026-07-10 08:54:00,2026-07-10 09:02:58,Georgia State University,Midtown MARTA,member
R105068,2026-07-21 15:41:00,07/21/2026 16:00,Ponce City Market,Georgia State University,casual
R102678,2026-06-27 11:07:00,2026-06-27 11:19:22,Ponce City Market,Atlantic Station,member
R105450,07/25/2026 13:04,2026-07-25 13:41:22,Ponce City Market,Midtown MARTA,casual
R105629,2026-07-27 12:20:00,2026-07-27 12:24:24,Ponce City Market,  Atlantic Station ,member
R103323,04-Jul-2026 16:19,2026-07-04 16:20:00,Midtown MARTA,Centennial Olympic Park,casual
R103423,2026-07-05 20:02:00,07/05/2026 20:03,Grant Park,Ponce City Market,casual
R103066,2026-07-01 07:49:00,2026-07-01 08:03:04,Atlantic Station,Georgia State University,member
R105257,2026-07-23 11:23:00,2026-07-23 11:31:43,Ponce City Market,Atlantic Station,member
R105411,2026-07-25 04:34:00,07/25/2026 04:42,Ponce City Market,Centennial Olympic Park,member
R100683,2026-06-07 15:52:00,2026-06-07 16:18:46,Atlantic Station,Krog Street Market,casual
R100250,2026-06-03 22:56:00,06/03/2026 23:32,centennial olympic park,Georgia State University,casual
R105928,2026-07-30 12:16:00,30-Jul-2026 12:25,Georgia State University,Ponce City Market,member
R101637,2026-06-17 10:47:00,06/17/2026 10:58,Midtown MARTA,Ponce City Market,member
R104415,2026-07-15 12:04:00,2026-07-24 12:04:00,CENTENNIAL OLYMPIC PARK,Midtown MARTA,member
R102809,06/28/2026 18:27,06/28/2026 18:45,Ponce City Market,Georgia State University,casual
R104772,18-Jul-2026 13:44,2026-07-18 13:50:34,atlantic station,Piedmont Park,casual
R102266,06/23/2026 15:52,23-Jun-2026 16:53,Piedmont Park,Georgia State University,casual
R102910,2026-06-29 18:06:00,2026-06-29 18:12:29,Centennial Olympic Park,Georgia State University,member
R105918,2026-07-30 17:07:00,07/30/2026 17:17,GEORGIA STATE UNIVERSITY,Centennial Olympic Park,member
R100182,2026-06-02 17:32:00,06/02/2026 17:40,  Ponce City Market ,Midtown MARTA,member
R105409,2026-07-25 14:59:00,2026-07-25 15:09:27,Georgia State University,Ponce City Market,member
R105930,2026-07-30 09:40:00,2026-07-30 10:07:14,Piedmont Park,  Midtown MARTA ,casual
R101158,12-Jun-2026 08:17,06/12/2026 08:26,Midtown MARTA,Centennial Olympic Park,member
R101755,2026-06-18 12:27:00,2026-06-18 12:31:09,Krog Street Market,Midtown MARTA,member
R104546,2026-07-16 05:01:00,2026-08-05 05:01:00,Midtown MARTA,CENTENNIAL OLYMPIC PARK,member
R105522,2026-07-26 13:40:00,2026-07-26 13:55:20,Centennial Olympic Park,Midtown MARTA,member
R105618,2026-07-27 19:38:00,2026-07-27 19:45:51,Piedmont Park,Krog Street Market,member
R104663,2026-07-17 08:09:00,17-Jul-2026 08:16,Atlantic Station,Ponce City Market,member
R102300,06/23/2026 17:23,06/23/2026 17:32,Atlantic Station,Piedmont Park,member
R100229,06/03/2026 17:56,2026-06-03 18:03:57,Ponce City Market,midtown marta,member
R101266,2026-06-13 14:47:00,2026-06-13 14:53:23,CENTENNIAL OLYMPIC PARK,Midtown MARTA,member
R102935,06/29/2026 11:57,06/29/2026 11:58,midtown marta,Krog Street Market,casual
R103417,07/05/2026 11:41,2026-07-05 11:49:22,Georgia State University,Centennial Olympic Park,casual
R104652,2026-07-17 07:38:00,17-Jul-2026 07:48,Ponce City Market,  Piedmont Park ,member
R102425,2026-06-24 20:16:00,06/24/2026 20:24,Midtown MARTA,CENTENNIAL OLYMPIC PARK,member
R105725,2026-07-27 06:31:00,2026-07-27 06:40:43,Georgia State University,Midtown MARTA,member
R100842,2026-06-09 09:40:00,09-Jun-2026 09:46,PONCE CITY MARKET,Georgia State University,member
R103993,10-Jul-2026 18:13,2026-07-10 18:19:34,Midtown MARTA,Piedmont Park,member
R105295,2026-07-23 15:48:00,2026-07-23 15:55:55,Krog Street Market,Midtown MARTA,member
R101258,2026-06-13 13:24:00,2026-06-13 13:31:39,ATLANTIC STATION,Midtown MARTA,member
R104259,14-Jul-2026 09:31,2026-07-14 09:44:00,piedmont park,georgia state university,member
R101944,2026-06-20 09:52:00,2026-06-20 10:03:51,atlantic station,Ponce City Market,member
R104740,18-Jul-2026 09:38,2026-07-18 09:52:11,PONCE CITY MARKET,Georgia State University,casual
R105137,07/21/2026 08:26,2026-07-21 08:33:43,Ponce City Market,CENTENNIAL OLYMPIC PARK,
R102738,06/28/2026 05:25,2026-06-28 05:52:18,Ponce City Market,West End,casual
R100574,2026-06-06 15:25:00,2026-06-06 15:33:12,West End,Centennial Olympic Park,member
R103084,2026-07-01 17:12:00,2026-07-01 17:21:13,Georgia State University,Midtown MARTA,member
R105728,2026-07-28 05:30:00,07/28/2026 05:55,  Ponce City Market ,Georgia State University,casual
R100687,2026-06-07 13:31:00,07-Jun-2026 14:01,Centennial Olympic Park,Midtown MARTA,casual
R101917,2026-06-19 14:15:00,2026-06-19 14:20:47,  Georgia State University ,Midtown MARTA,member
R102041,2026-06-21 13:00:00,2026-06-21 13:33:45,Centennial Olympic Park,Ponce City Market,casual
R105688,07/27/2026 10:34,2026-07-27 10:41:30,midtown marta,Georgia State University,member
R105731,07/28/2026 19:32,2026-07-28 19:42:55,Ponce City Market,Georgia State University,member
R104276,14-Jul-2026 07:59,2026-07-14 08:33:04,Atlantic Station,Grant Park,casual
R100801,2026-06-08 19:19:00,2026-06-08 19:25:32,Midtown MARTA,PONCE CITY MARKET,member
R102244,2026-06-23 14:00:00,2026-06-23 14:26:34,Piedmont Park,Midtown MARTA,casual
R104716,18-Jul-2026 10:27,07/18/2026 10:37,Piedmont Park,grant park,casual
R100590,2026-06-06 09:43:00,2026-06-06 10:03:28,Atlantic Station,Midtown MARTA,casual
R105090,2026-07-21 17:15:00,07/21/2026 17:59,Atlantic Station,Georgia State University,casual
R102178,2026-06-22 08:06:00,2026-06-22 08:21:27,Georgia State University,Ponce City Market,member
R104951,07/20/2026 16:35,07/20/2026 16:46,Midtown MARTA,  Krog Street Market ,member
R101651,2026-06-17 17:16:00,2026-06-17 17:23:38,midtown marta,Ponce City Market,member
R105299,2026-07-23 10:12:00,2026-07-23 10:20:01,Ponce City Market,Atlantic Station,member
R103079,2026-07-01 06:01:00,2026-07-01 06:33:51,Atlantic Station,Ponce City Market,casual
R104994,2026-07-20 13:39:00,2026-07-20 13:49:14,Midtown MARTA,Georgia State University,member
R105786,28-Jul-2026 06:57,28-Jul-2026 07:15,Ponce City Market,Midtown MARTA,casual
R103572,2026-07-07 18:15:00,2026-07-07 18:16:23,  Ponce City Market ,Centennial Olympic Park,member
R101230,2026-06-12 19:29:00,2026-06-12 19:50:02,Midtown MARTA,Centennial Olympic Park,
R102306,06/23/2026 14:39,2026-06-23 14:56:33,Ponce City Market,Midtown MARTA,member
R102557,2026-06-25 09:41:00,2026-06-25 10:03:36,Midtown MARTA,Centennial Olympic Park,member
R101049,2026-06-11 19:49:00,11-Jun-2026 20:11,Midtown MARTA,Georgia State University,member
R103221,03-Jul-2026 07:19,2026-07-03 07:27:05,Piedmont Park,Ponce City Market,member
R100771,2026-06-08 19:39:00,06/08/2026 19:48,Centennial Olympic Park,Georgia State University,member
R100853,2026-06-09 08:36:00,2026-06-09 08:45:30,  Ponce City Market ,GEORGIA STATE UNIVERSITY,member
R103014,2026-06-30 05:34:00,30-Jun-2026 05:44,MIDTOWN MARTA,,member
R103909,2026-07-10 07:48:00,2026-07-10 08:07:49,Georgia State University,Atlantic Station,casual
R100619,06/07/2026 11:25,2026-06-07 11:46:44,Georgia State University,Midtown MARTA,member
R102945,2026-06-29 19:53:00,2026-06-29 19:59:29,Georgia State University,midtown marta,member
R101615,2026-06-17 19:53:00,2026-06-17 19:59:11,Midtown MARTA,Centennial Olympic Park,member
R104044,2026-07-11 16:21:00,2026-07-11 16:30:19,Atlantic Station,Midtown MARTA,member
R104068,2026-07-11 04:19:00,11-Jul-2026 04:52,Piedmont Park,,casual
R103132,2026-07-02 16:47:00,2026-07-02 17:21:03,Centennial Olympic Park,Georgia State University,casual
R102781,2026-06-28 07:30:00,28-Jun-2026 07:36,Midtown MARTA,Atlantic Station,member
R101525,2026-06-15 11:16:00,2026-06-15 11:31:50,Ponce City Market,Centennial Olympic Park,member
R102714,06/27/2026 17:45,2026-06-27 17:59:50,Midtown MARTA,GEORGIA STATE UNIVERSITY,casual
R102482,06/25/2026 08:26,2026-06-25 08:44:31,Georgia State University,Centennial Olympic Park,casual
R100049,2026-06-01 10:08:00,01-Jun-2026 10:23,Grant Park,PIEDMONT PARK,member
R103267,2026-07-03 07:42:00,2026-07-03 08:01:45,centennial olympic park,Midtown MARTA,member
R101412,2026-06-14 16:41:00,2026-06-14 17:06:22,Ponce City Market,Atlantic Station,casual
R100454,2026-06-05 16:30:00,2026-06-05 16:40:43,Ponce City Market,Atlantic Station,member
R105149,07/21/2026 20:42,2026-07-21 20:55:31,Centennial Olympic Park,krog street market,member
R104650,07/17/2026 07:08,17-Jul-2026 07:27,Ponce City Market,Georgia State University,casual
R105832,2026-07-29 17:30:00,07/29/2026 17:32,Ponce City Market,west end,casual
R102823,2026-06-28 09:45:00,28-Jun-2026 09:57,Ponce City Market,ATLANTIC STATION,casual
R103304,2026-07-04 15:00:00,2026-07-04 15:06:50,Midtown MARTA,Georgia State University,member
R102108,2026-06-21 12:23:00,2026-06-21 12:29:52,Midtown MARTA,PONCE CITY MARKET,member
R101445,2026-06-15 21:07:00,2026-06-15 21:19:22,Piedmont Park,Georgia State University,member
R103872,2026-07-09 09:36:00,2026-07-09 09:41:36,georgia state university,Ponce City Market,member
R105064,07/21/2026 15:53,2026-07-21 16:02:07,Atlantic Station,Centennial Olympic Park,member
R102368,2026-06-24 14:48:00,2026-06-24 14:54:34,Ponce City Market,Georgia State University,member
R103329,2026-07-04 13:17:00,2026-07-04 13:36:52,midtown marta,Atlantic Station,casual
R104128,2026-07-12 22:57:00,07/12/2026 23:08,centennial olympic park,Ponce City Market,member
R104799,2026-07-18 07:57:00,2026-07-18 08:17:35,Piedmont Park,Midtown MARTA,member
R105683,2026-07-27 10:43:00,2026-07-27 10:56:15,  Georgia State University ,Atlantic Station,member
R105705,07/27/2026 07:58,2026-07-27 08:11:46,Centennial Olympic Park,Atlantic Station,member
R104159,07/12/2026 15:22,2026-07-12 15:51:43,Grant Park,ponce city market,casual
R102561,2026-06-25 16:51:00,2026-06-25 17:22:54,Centennial Olympic Park,Grant Park,casual
R103080,2026-07-01 07:25:00,01-Jul-2026 07:26,Atlantic Station,Georgia State University,casual
R103570,2026-07-07 16:12:00,2026-07-07 16:18:30,Atlantic Station,,member
R102474,2026-06-25 19:03:00,2026-06-25 19:37:04,  Georgia State University ,Ponce City Market,casual
R101458,06/15/2026 13:35,06/15/2026 13:51,Krog Street Market,Ponce City Market,member
R103274,2026-07-03 07:42:00,2026-07-03 07:50:35,Atlantic Station,Ponce City Market,member
R100703,07-Jun-2026 16:03,2026-06-07 16:22:04,Georgia State University,Ponce City Market,member
R100444,2026-06-05 22:39:00,2026-06-05 22:47:48,centennial olympic park,Georgia State University,member
R100563,2026-06-06 00:52:00,2026-06-06 01:14:30,Centennial Olympic Park,Midtown MARTA,casual
R100004,2026-06-01 15:11:00,01-Jun-2026 15:29,  Georgia State University ,Midtown MARTA,member
R104400,2026-07-15 10:15:00,15-Jul-2026 10:28,  Atlantic Station ,Centennial Olympic Park,member
R100282,2026-06-03 05:32:00,06/03/2026 05:46,Centennial Olympic Park,Krog Street Market,member
R103676,2026-07-08 12:45:00,2026-07-08 12:56:28,Centennial Olympic Park,Midtown MARTA,member
R102427,2026-06-24 17:23:00,06/24/2026 17:33,Midtown MARTA,Georgia State University,member
R105169,2026-07-22 18:52:00,2026-07-22 18:59:04,Midtown MARTA,Atlantic Station,member
R102698,2026-06-27 09:25:00,2026-06-27 09:38:58,Georgia State University,Ponce City Market,member
R104219,2026-07-13 07:45:00,2026-07-13 08:21:11,Piedmont Park,Centennial Olympic Park,casual
R100735,06/08/2026 11:19,06/08/2026 12:01,Ponce City Market,Centennial Olympic Park,casual
R103910,2026-07-10 18:09:00,2026-07-10 18:22:12,Ponce City Market,  Midtown MARTA ,member
R100358,2026-06-04 14:15:00,2026-06-04 14:24:12,PONCE CITY MARKET,Atlantic Station,member
R103506,2026-07-06 11:44:00,2026-07-06 11:56:16,Ponce City Market,Atlantic Station,casual
R105713,2026-07-27 20:28:00,27-Jul-2026 21:04,PONCE CITY MARKET,midtown marta,casual
R102409,2026-06-24 08:54:00,2026-06-24 08:57:55,ATLANTIC STATION,Midtown MARTA,member
R102377,06/24/2026 18:53,06/24/2026 19:07,GEORGIA STATE UNIVERSITY,Little Five Points,member
R102736,2026-06-28 21:01:00,2026-06-28 21:06:39,Midtown MARTA,Georgia State University,member
R103472,2026-07-06 11:09:00,07/06/2026 11:26,Atlantic Station,Ponce City Market,member
R105210,2026-07-22 08:52:00,2026-07-22 09:04:31,Little Five Points,Ponce City Market,member
R101918,06/19/2026 06:48,2026-06-19 07:02:52,Piedmont Pk,Midtown MARTA,member
R100329,06/04/2026 07:18,2026-06-14 07:18:00,West End,Ponce City Market,member
R100303,2026-06-03 19:16:00,06/03/2026 19:30,Little Five Points,Atlantic Station,member
R105838,2026-07-29 14:43:00,2026-07-29 14:58:40,Centennial Olympic Park,Krog Street Market,member
R105994,2026-07-30 19:25:00,2026-07-30 19:41:34,Georgia State University,Midtown MARTA,member
R102768,2026-06-28 11:29:00,06/28/2026 11:48,PONCE CITY MARKET,MIDTOWN MARTA,casual
R104757,2026-07-18 14:30:00,2026-07-18 14:37:19,West End,midtown marta,member
R100852,2026-06-09 14:40:00,2026-06-09 14:57:29,Piedmont Park,Midtown MARTA,member
R100746,2026-06-08 06:32:00,2026-06-08 06:43:49,Georgia State University,Centennial Olympic Park,member
R104804,2026-07-19 14:57:00,2026-07-19 15:38:35,Ponce City Market,Midtown MARTA,casual
R102367,06/24/2026 07:10,2026-06-24 07:26:22,Georgia State University,Centennial Olympic Park,member
R101121,06/11/2026 09:37,11-Jun-2026 09:47,Georgia State University,Centennial Olympic Park,member
R104030,11-Jul-2026 16:11,2026-07-11 16:23:03,Midtown MARTA,Georgia State University,member
R102613,26-Jun-2026 12:15,06/26/2026 12:22,Ponce City Market,Georgia State University,member
R104105,2026-07-12 14:36:00,07/12/2026 14:43,ATLANTIC STATION,ponce city market,member
R104157,2026-07-12 19:45:00,2026-07-12 19:55:17,Midtown MARTA,Krog Street Market,member
R100788,08-Jun-2026 07:56,2026-06-08 08:07:59,Piedmont Park,Midtown MARTA,member
R104486,2026-07-16 17:45:00,2026-07-16 17:49:38,CENTENNIAL OLYMPIC PARK,Ponce City Market,casual
R100112,2026-06-01 13:49:00,2026-06-01 14:01:37,Centennial Olympic Park,Midtown MARTA,member
R103611,07/07/2026 08:06,2026-07-07 08:00:00,Centennial Olympic Park,West End,casual
R102725,2026-06-27 12:15:00,2026-06-27 12:44:29,Atlantic Station,Centennial Olympic Park,casual
R100170,2026-06-02 14:57:00,2026-06-02 15:05:25,Midtown MARTA,Ponce City Market,member
R102073,2026-06-21 11:20:00,2026-06-21 11:29:42,Midtown MARTA,Ponce City Market,member
R100175,2026-06-02 18:26:00,2026-06-02 18:42:05,Ponce City Market,Krog Street Market,casual
R102660,2026-06-27 17:35:00,2026-06-27 17:43:19,Georgia State University,Centennial Olympic Park,member
R101592,06/16/2026 15:47,2026-06-16 15:59:12,Georgia State University,ATLANTIC STATION,member
R104617,2026-07-17 19:35:00,2026-07-17 19:46:50,Midtown MARTA,Georgia State University,member
R102055,2026-06-21 12:06:00,21-Jun-2026 12:23,Georgia State University,Ponce City Market,casual
R105104,07/21/2026 22:15,2026-07-21 22:25:09,Midtown MARTA,Piedmont Park,member
R101510,2026-06-15 17:35:00,2026-06-15 17:49:35,Atlantic Station,Midtown MARTA,member
R101305,2026-06-13 01:40:00,2026-06-13 02:12:28,PONCE CITY MARKET,Centennial Olympic Pk,casual
R102706,06/27/2026 09:46,06/27/2026 10:12,PONCE CITY MARKET,  Midtown MARTA ,casual
R100364,2026-06-04 10:26:00,2026-06-04 10:41:48,Atlantic Station,Ponce City Market,member
R105173,2026-07-22 09:17:00,2026-07-22 09:35:59,Ponce City Market,Midtown MARTA,casual
R103378,2026-07-04 12:37:00,2026-07-04 12:45:24,centennial olympic park,PONCE CITY MARKET,member
R102167,2026-06-22 18:48:00,2026-06-22 18:58:14,Midtown MARTA,Atlantic Station,member
R102708,2026-06-27 18:20:00,2026-06-27 18:33:01,Centennial Olympic Park,Midtown MARTA,member
R102844,2026-06-28 07:16:00,2026-06-28 07:45:49,Atlantic Station,MIDTOWN MARTA,casual
R101017,06/11/2026 16:53,06/11/2026 17:01,Piedmont Park,Centennial Olympic Park,member
R105814,07/29/2026 08:20,2026-07-29 08:31:45,Midtown MARTA,  Atlantic Station ,member
R104402,2026-07-15 19:51:00,2026-07-15 19:59:17,Georgia State University,Piedmont Park,member
R104662,07/17/2026 18:50,2026-07-17 18:59:42,Midtown MARTA,Centennial Olympic Park,member
R103438,2026-07-05 16:18:00,2026-07-05 16:54:19,Ponce City Market,,casual
R103766,2026-07-08 05:57:00,2026-07-08 06:30:43,Atlantic Station,,casual
R102793,06/28/2026 08:31,2026-06-28 08:44:09,Ponce City Market,MIDTOWN MARTA,member
R101738,2026-06-18 08:56:00,2026-06-18 09:03:38,Centennial Olympic Park,Krog Street Market,member
R104295,2026-07-14 07:21:00,2026-07-14 07:33:08,West End,Ponce City Market,member
R105853,07/29/2026 06:29,2026-07-29 07:00:07,Piedmont Park,Midtown MARTA,casual
R104802,07/19/2026 16:28,2026-07-19 16:36:09,midtown marta,,member
R100575,2026-06-06 15:42:00,2026-06-06 15:44:48,Georgia State University,Midtown MARTA,member
R102677,2026-06-27 11:23:00,2026-06-27 11:26:17,  West End ,Midtown MARTA,casual
R102094,2026-06-21 14:45:00,2026-06-21 15:16:41,GEORGIA STATE UNIVERSITY,Midtown MARTA,casual
R105607,2026-07-27 16:54:00,2026-07-27 17:06:51,Ponce City Market,West End,member
R104851,2026-07-19 19:17:00,07/19/2026 19:30,Atlantic Station,GEORGIA STATE UNIVERSITY,casual
R101957,20-Jun-2026 13:43,2026-06-20 13:55:47,Atlantic Station,Ponce City Market,member
R105531,2026-07-26 16:10:00,2026-07-26 16:14:29,Ponce City Market,Midtown MARTA,member
R100789,08-Jun-2026 08:26,2026-06-08 08:32:49,  Little Five Points ,Grant Park,member
R105415,25-Jul-2026 16:46,2026-07-25 17:21:28,Ponce City Market,Centennial Olympic Park,casual
R102631,2026-06-26 13:59:00,2026-06-26 14:09:18,Midtown MARTA,Piedmont Park,casual
R100828,09-Jun-2026 12:52,2026-06-09 12:57:40,Krog Street Market,Ponce City Market,member
R103245,2026-07-03 17:23:00,2026-07-03 17:35:14,Atlantic Station,GEORGIA STATE UNIVERSITY,member
R100883,2026-06-09 16:43:00,2026-06-09 16:56:46,Georgia State University,CENTENNIAL OLYMPIC PARK,casual
R105062,21-Jul-2026 09:44,2026-07-21 09:59:23,Piedmont Pk,Atlantic Station,member
R105013,2026-07-20 11:58:00,2026-07-20 12:06:56,Piedmont Park,Midtown MARTA,member
R105350,2026-07-24 19:35:00,2026-07-24 19:45:08,CENTENNIAL OLYMPIC PARK,Georgia State University,member
R102629,2026-06-26 19:30:00,06/26/2026 19:39,Ponce City Market,GEORGIA STATE UNIVERSITY,member
R105067,07/21/2026 15:47,07/21/2026 15:47,Ponce City Market,Ponce City Market,casual
R101424,2026-06-15 08:42:00,2026-06-15 09:12:52,Ponce City Market,Midtown MARTA,casual
R101142,2026-06-12 18:21:00,2026-06-12 18:33:31,Krog St. Market,PONCE CITY MARKET,member
R105006,2026-07-20 08:26:00,2026-07-20 08:41:51,MIDTOWN MARTA,Atlantic Station,casual
R103820,2026-07-09 12:13:00,2026-07-09 12:22:58,Midtown MARTA,georgia state university,member
R101333,2026-06-13 09:53:00,06/13/2026 10:23,West End,Ponce City Market,casual
R104017,2026-07-11 08:20:00,2026-07-11 08:44:25,Atlantic Station,  Ponce City Market ,casual
R103776,2026-07-09 20:00:00,2026-07-09 20:00:00,Ponce City Market,Ponce City Market,member
R100599,2026-06-07 11:22:00,2026-06-07 11:32:34,West End,Grant Park,member
R101051,06/11/2026 09:28,2026-06-11 09:58:21,Georgia State University,Ponce City Market,casual
R104242,2026-07-13 06:28:00,13-Jul-2026 06:38,Krog Street Market,Midtown MARTA,member
R103286,2026-07-04 12:33:00,2026-07-04 12:53:26,Midtown MARTA,Ponce City Market,member
R104784,07/18/2026 08:11,2026-07-18 08:24:11,Midtown MARTA,West End,member
R103367,2026-07-04 13:21:00,07/04/2026 13:48,ponce city market,Midtown MARTA,casual
R103284,04-Jul-2026 18:01,2026-07-04 18:15:47,Midtown MARTA,Georgia State University,
R103278,2026-07-03 16:51:00,2026-07-03 17:05:33,Little Five Points,Midtown MARTA,member
R104012,2026-07-10 09:40:00,2026-07-10 09:42:45,Midtown MARTA,Georgia State University,member
R104758,2026-07-18 17:25:00,2026-07-18 17:46:14,Ponce City Market,Midtown MARTA,casual
R104912,19-Jul-2026 11:15,2026-07-19 11:46:09,Georgia State University,Midtown MARTA,casual
R104721,2026-07-18 09:23:00,2026-07-18 10:01:12,Centennial Olympic Park,Ponce City Market,casual
R102509,2026-06-25 09:09:00,25-Jun-2026 09:24,Midtown MARTA,Georgia State University,member
R102126,2026-06-22 14:28:00,22-Jun-2026 14:38,Midtown MARTA,Georgia State University,casual
R100394,2026-06-04 17:49:00,06/04/2026 18:04,Midtown MARTA,Ponce City Market,
R100827,06/09/2026 08:35,2026-06-14 08:35:00,Georgia State University,MIDTOWN MARTA,casual
R103150,2026-07-02 13:40:00,2026-07-02 13:52:10,Piedmont Park,Ponce City Market,member
R104473,2026-07-16 07:38:00,2026-07-16 07:45:52,Midtown MARTA,Centennial Olympic Park,member
R102581,2026-06-26 21:53:00,2026-06-26 21:59:31,Georgia State University,Ponce City Market,member
R104079,11-Jul-2026 11:55,2026-07-11 12:11:40,Midtown MARTA,Atlantic Station,casual
R104391,2026-07-15 04:22:00,2026-07-15 04:37:01,Midtown MARTA,Ponce City Market,member
R102283,2026-06-23 16:21:00,2026-06-23 16:47:59,PONCE CITY MARKET,Atlantic Station,casual
R101563,16-Jun-2026 20:36,2026-06-16 20:48:59,Midtown MARTA,Georgia State University,member
R102565,2026-06-25 14:18:00,2026-06-25 14:29:00,Ponce City Market,Centennial Olympic Park,casual
R102259,06/23/2026 08:10,23-Jun-2026 08:19,Midtown MARTA,ATLANTIC STATION,member
R102538,2026-06-25 19:07:00,2026-06-25 19:13:31,Krog Street Market,Georgia State University,member
R100483,05-Jun-2026 17:29,06/05/2026 17:43,Centennial Olympic Park,Atlantic Station,member
R105798,07/28/2026 10:04,07/28/2026 10:11,Georgia State University,Little Five Points,member
R101488,2026-06-15 11:25:00,2026-06-15 11:43:10,Midtown MARTA,Atlantic Station,
R103106,2026-07-02 09:41:00,02-Jul-2026 09:50,Ponce City Market,Georgia State University,member
R103198,2026-07-02 17:10:00,2026-07-02 17:16:20,Midtown MARTA,Georgia State University,member
R100625,2026-06-07 12:10:00,06/07/2026 12:23,Midtown MARTA,Ponce City Market,member
R102568,06/25/2026 17:52,2026-06-25 17:54:35,Georgia State University,Centennial Olympic Park,member
R101306,2026-06-13 03:07:00,2026-06-13 03:19:04,Midtown MARTA,GEORGIA STATE UNIVERSITY,casual
R100036,2026-06-01 18:41:00,2026-06-01 18:52:42,Centennial Olympic Park,Ponce City Market,member
R105986,2026-07-30 11:01:00,2026-07-30 11:35:56,Krog Street Market,  Centennial Olympic Park ,casual
R105436,2026-07-25 09:19:00,25-Jul-2026 09:25,Atlantic Station,Centennial Olympic Park,member
R103647,2026-07-07 09:43:00,2026-07-07 09:52:30,Atlantic Station,Piedmont Park,member
R101289,2026-06-13 17:32:00,2026-06-13 17:41:03,Georgia State University,Krog Street Market,member
R103809,09-Jul-2026 18:52,2026-07-09 19:03:02,Atlantic Station,Ponce City Market,member
R100391,2026-06-04 08:09:00,2026-06-04 08:44:02,Georgia State University,piedmont park,casual
R103479,07/06/2026 09:24,07/06/2026 09:58,Piedmont Park,Midtown MARTA,casual
R101395,06/14/2026 14:42,2026-06-14 14:51:52,  Ponce City Market ,Midtown MARTA,member
R102647,2026-06-26 16:24:00,2026-06-26 16:46:45,Midtown MARTA,Centennial Olympic Park,casual
R104467,07/16/2026 06:04,2026-07-16 06:05:00,Ponce City Market,Grant Park,casual
R103435,2026-07-05 17:02:00,2026-07-05 17:19:03,Midtown MARTA,Piedmont Park,member
R101964,2026-06-20 12:51:00,06/20/2026 12:53,CENTENNIAL OLYMPIC PARK,Georgia State University,casual
R104096,2026-07-12 10:31:00,2026-07-12 10:42:52,Piedmont Park,Midtown MARTA,member
R104603,2026-07-17 05:00:00,2026-07-17 05:11:06,midtown marta,GEORGIA STATE UNIVERSITY,member
R103547,07/06/2026 17:18,2026-07-06 17:34:26,Centennial Olympic Park,Ponce City Market,
R101006,10-Jun-2026 05:15,2026-06-10 05:24:59,Grant Park,Midtown MARTA,member
R101583,06/16/2026 21:35,2026-06-16 22:00:30,Centennial Olympic Park,Ponce City Market,casual
R102691,2026-06-27 13:28:00,06/27/2026 13:38,Ponce City Market,Little Five Points,member
R105516,2026-07-26 18:35:00,2026-08-01 18:35:00,Ponce City Market,Centennial Olympic Park,member
R100045,2026-06-01 13:12:00,2026-06-01 13:20:19,Centennial Olympic Park,Ponce City Market,member
R104771,2026-07-18 14:41:00,2026-07-18 14:49:01,ponce city market,Midtown MARTA,casual
R101432,06/15/2026 19:00,06/15/2026 19:13,Midtown MARTA,Krog Street Market,member
R100168,2026-06-02 16:04:00,2026-06-02 16:13:54,Georgia State University,Ponce City Market,casual
R102336,2026-06-24 05:57:00,06/24/2026 06:06,Krog Street Market,Midtown MARTA,member
R105362,2026-07-24 16:43:00,07/24/2026 16:54,Ponce City Market,Midtown MARTA,member
R100268,06/03/2026 12:36,2026-06-03 12:49:51,Ponce City Market,Midtown MARTA,member
R103594,07-Jul-2026 15:41,2026-07-07 15:57:56,Ponce City Market,atlantic station,member
R101700,2026-06-17 07:11:00,2026-06-28 07:11:00,Georgia State University,PIEDMONT PARK,member
R105153,2026-07-22 09:11:00,2026-07-22 09:25:20,  Ponce City Market ,Georgia State University,member
R105548,2026-07-26 07:01:00,2026-07-26 07:10:04,Ponce City Market,PIEDMONT PARK,casual
R105330,2026-07-24 10:27:00,2026-07-24 10:45:58,Midtown MARTA,Georgia State University,casual
R103791,07/09/2026 14:53,2026-07-09 15:03:31,Midtown MARTA,Georgia State University,casual
R105569,2026-07-26 09:59:00,2026-07-26 10:31:43,Centennial Olympic Park,Midtown MARTA,casual
R105671,27-Jul-2026 19:21,07/27/2026 19:56,Ponce City Market,Georgia State University,
R105951,2026-07-30 16:39:00,2026-07-30 16:51:50,Ponce City Market,GEORGIA STATE UNIVERSITY,member
R105206,2026-07-22 08:55:00,2026-07-22 09:10:31,Midtown MARTA,Piedmont Park,member
R105248,07/23/2026 10:00,2026-07-23 10:10:53,Piedmont Park,Ponce City Market,member
R104411,2026-07-15 01:02:00,07/15/2026 01:31,Ponce City Market,Midtown MARTA,casual
R104359,2026-07-14 08:08:00,2026-07-14 08:22:53,Georgia State University,Ponce City Market,member
R104886,2026-07-19 15:52:00,2026-07-19 16:09:06,Atlantic Station,,casual
R100360,2026-06-04 16:20:00,2026-06-04 16:33:54,Little Five Points,  Ponce City Market ,member
R100013,2026-06-01 09:34:00,01-Jun-2026 09:46,Georgia State University,PONCE CITY MARKET,member
R100685,2026-06-07 00:13:00,2026-06-07 00:24:04,Georgia State University,Centennial Olympic Park,member
R102373,2026-06-24 22:10:00,24-Jun-2026 22:16,Midtown MARTA,Georgia State University,member
R103729,2026-07-08 10:38:00,08-Jul-2026 10:43,MIDTOWN MARTA,Georgia State University,member
R101377,06/14/2026 11:18,2026-06-14 12:05:42,  Centennial Olympic Park ,Georgia State University,casual
R101685,06/17/2026 16:56,2026-06-17 17:07:14,Georgia State University,PIEDMONT PARK,member
R103929,2026-07-10 15:55:00,2026-07-10 16:23:01,Midtown MARTA,Centennial Olympic Park,casual
R105435,2026-07-25 10:39:00,07/25/2026 11:00,Krog Street Market,Georgia State University,casual
R104367,07/14/2026 19:29,2026-07-14 19:28:00,Ponce City Market,Atlantic Station,member
R104084,2026-07-11 19:09:00,2026-07-11 19:22:44,  Midtown MARTA ,GEORGIA STATE UNIVERSITY,member
R104579,07/17/2026 20:12,2026-07-17 20:19:29,Midtown MARTA,Little Five Points,member
R102102,2026-06-21 08:49:00,2026-06-21 09:11:26,Ponce City Market,CENTENNIAL OLYMPIC PARK,casual
R101636,2026-06-17 08:19:00,2026-06-17 08:33:23,Georgia State University,KROG STREET MARKET,member
R101869,2026-06-19 16:23:00,2026-06-19 16:26:22,Atlantic Station,Midtown MARTA,member
R105364,2026-07-24 18:46:00,2026-07-24 19:00:51,Piedmont Park,Georgia State University,casual
R105427,25-Jul-2026 09:24,2026-07-25 09:55:55,  Midtown MARTA ,  Georgia State University ,casual
R100219,2026-06-03 09:14:00,2026-06-03 09:24:05,Midtown MARTA,georgia state university,casual
R102925,06/29/2026 09:23,29-Jun-2026 09:35,Krog Street Market,Ponce City Market,member
R104584,2026-07-17 16:27:00,07/17/2026 16:40,Georgia State University,Atlantic Station,member
R104337,14-Jul-2026 16:38,2026-07-14 16:44:34,Midtown MARTA,little five points,member
R101604,2026-06-16 12:59:00,2026-06-16 13:00:00,  Centennial Olympic Park ,Georgia State University,casual
R105465,2026-07-25 18:47:00,2026-07-25 19:19:06,Atlantic Station,Georgia State University,casual
R105551,07/26/2026 09:24,26-Jul-2026 09:26,Georgia State University,Midtown MARTA,member
R105583,2026-07-26 12:46:00,2026-07-26 12:55:33,Midtown MARTA,West End,member
R101943,20-Jun-2026 07:52,06/20/2026 07:59,Midtown MARTA,Ponce City Market,member
R104108,12-Jul-2026 13:25,2026-07-12 13:32:30,Georgia State University,Centennial Olympic Park,member
R102388,06/24/2026 07:34,2026-06-24 07:40:07,Krog Street Market,Georgia State University,member
R100396,2026-06-04 09:09:00,2026-06-04 09:21:05,Midtown MARTA,Ponce City Market,member
R102147,2026-06-22 05:00:00,2026-06-22 05:06:51,centennial olympic park,Georgia State University,member
R104213,2026-07-13 18:06:00,2026-07-13 18:13:48,Midtown MARTA,Ponce City Market,member
R105014,20-Jul-2026 06:04,07/20/2026 06:19,ponce city market,Georgia State University,member
R100725,2026-06-08 06:35:00,2026-06-08 06:38:14,Centennial Olympic Park,Piedmont Park,member
R103097,07/01/2026 15:32,2026-07-01 15:37:37,Ponce City Market,grant park,member
R101771,2026-06-18 17:51:00,2026-06-18 17:56:40,Atlantic Station,Midtown MARTA,casual
R101490,06/15/2026 09:29,2026-06-15 10:02:52,Georgia State University,Krog Street Market,
R102043,2026-06-21 02:07:00,2026-06-21 02:35:07,Midtown MARTA,Atlantic Station,casual
R105366,2026-07-24 14:49:00,07/24/2026 15:00,Centennial Olympic Park,GEORGIA STATE UNIVERSITY,member
R102500,06/25/2026 18:41,2026-06-25 18:49:25,  Midtown MARTA ,GEORGIA STATE UNIVERSITY,member
R104417,07/15/2026 17:26,2026-07-15 17:39:00,Georgia State University,Ponce City Market,member
R101151,06/12/2026 16:42,06/12/2026 16:57,ponce city market,Centennial Olympic Park,member
R102369,06/24/2026 06:41,24-Jun-2026 06:50,Midtown MARTA,GEORGIA STATE UNIVERSITY,member
R103476,2026-07-06 16:50:00,2026-07-06 16:57:39,Midtown MARTA,Centennial Olympic Park,member
R100611,2026-06-07 13:19:00,2026-06-07 13:26:22,Midtown MARTA,Centennial Olympic Park,member
R100372,2026-06-04 07:18:00,2026-06-04 07:29:14,little five points,  Midtown MARTA ,member
R104099,2026-07-12 10:08:00,07/12/2026 10:31,Centennial Olympic Park,Ponce City Market,casual
R103180,2026-07-02 05:26:00,2026-07-02 05:41:00,Georgia State University,Centennial Olympic Park,member
R103685,2026-07-08 11:10:00,2026-07-08 11:13:01,Grant Park,Ponce City Market,member
R102824,06/28/2026 14:14,2026-06-28 14:32:07,Georgia State University,Krog Street Market,casual
R104227,2026-07-13 19:47:00,2026-07-13 19:58:01,Ponce City Market,Piedmont Park,member
R101406,2026-06-14 11:13:00,2026-06-14 11:34:27,MIDTOWN MARTA,Atlantic Station,casual
R104493,2026-07-16 06:42:00,2026-07-16 06:59:16,Centennial Olympic Park,Ponce City Market,member
R102536,06/25/2026 18:06,25-Jun-2026 18:13,Piedmont Park,Atlantic Station,member
R104111,2026-07-12 11:59:00,07/12/2026 12:11,  Midtown MARTA ,Ponce City Market,member
R101741,06/18/2026 19:25,2026-06-18 19:31:54,Centennial Olympic Park,  Ponce City Market ,member
R100420,06/04/2026 08:53,2026-06-04 09:03:19,Midtown MARTA,Krog Street Market,member
R100338,06/04/2026 20:56,2026-06-04 21:11:38,  Ponce City Market ,CENTENNIAL OLYMPIC PARK,member
R102639,06/26/2026 12:53,2026-06-26 13:00:30,  Midtown MARTA ,Atlantic Station,member
R105395,07/24/2026 16:10,2026-07-24 16:20:11,Ponce City Market,Atlantic Station,member
R101785,2026-06-18 15:50:00,06/18/2026 16:01,Georgia State University,Midtown MARTA,member
R105912,2026-07-30 11:39:00,2026-07-30 12:07:49,ponce city market,Georgia State University,casual
R100684,2026-06-07 13:33:00,2026-06-07 13:49:05,Atlantic Station,Centennial Olympic Park,casual
R103514,07/06/2026 07:48,2026-07-06 07:58:29,Piedmont Park,georgia state university,member
R105488,2026-07-26 07:52:00,2026-07-26 08:08:17,Midtown MARTA,Atlantic Station,casual
R104102,2026-07-12 14:09:00,07/12/2026 14:44,Midtown MARTA,Georgia State University,casual
R100702,2026-06-07 11:39:00,2026-06-07 12:24:27,Krog Street Market,Georgia State University,casual
R102796,06/28/2026 15:25,2026-06-28 15:40:46,Midtown MARTA,Ponce City Market,member
R104298,2026-07-14 12:01:00,14-Jul-2026 12:09,West End,Krog Street Market,member
R104009,07/10/2026 12:05,2026-07-10 12:16:23,Atlantic Station,PONCE CITY MARKET,
R104973,2026-07-20 16:22:00,07/20/2026 16:35,  Ponce City Market ,Krog Street Market,member
R100646,06/07/2026 16:20,2026-06-07 16:55:22,Centennial Olympic Park,Piedmont Park,casual
R102477,2026-06-25 10:00:00,2026-06-25 10:16:36,PONCE CITY MARKET,Georgia State University,casual
R102190,2026-06-22 06:52:00,2026-06-22 06:55:26,Ponce City Market,atlantic station,member
R100290,06/03/2026 16:34,2026-06-03 16:47:43,GEORGIA STATE UNIVERSITY,grant park,casual
R103739,08-Jul-2026 14:12,07/08/2026 14:22,CENTENNIAL OLYMPIC PARK,Ponce City Market,member
R100025,2026-06-01 15:11:00,2026-06-01 15:23:07,Piedmont Park,Grant Park,member
R102843,06/28/2026 11:57,2026-06-28 12:07:01,Ponce City Market,Midtown MARTA,member
R102687,2026-06-27 08:56:00,2026-06-27 09:13:31,Georgia State University,MIDTOWN MARTA,member
R102680,2026-06-27 18:07:00,06/27/2026 18:36,Centennial Olympic Park,Midtown MARTA,casual
R100367,2026-06-04 18:54:00,2026-06-04 19:21:52,PIEDMONT PARK,Centennial Olympic Park,casual
R100711,06/08/2026 21:21,2026-06-08 21:47:19,Midtown MARTA,,casual
R103142,2026-07-02 18:48:00,07/02/2026 18:56,Atlantic Station,Centennial Olympic Park,member
R101837,2026-06-19 11:09:00,2026-06-19 11:42:54,Midtown MARTA,,casual
R105687,2026-07-27 09:15:00,2026-07-27 09:29:34,ponce city market,Piedmont Park,member
R100150,06/02/2026 16:39,2026-06-02 16:52:25,Piedmont Park,CENTENNIAL OLYMPIC PARK,member
R101730,2026-06-18 19:32:00,2026-06-18 19:44:21,Centennial Olympic Park,,member
R104185,07/13/2026 05:50,2026-07-13 06:03:27,Georgia State University,PONCE CITY MARKET,member
R105438,2026-07-25 15:10:00,2026-07-25 15:37:23,Krog Street Market,Centennial Olympic Park,casual
R105996,2026-07-30 09:17:00,07/30/2026 09:29,Ponce City Market,Little Five Points,member
R100594,2026-06-07 14:18:00,07-Jun-2026 14:28,Atlantic Station,Krog Street Market,casual
R101861,2026-06-19 10:52:00,2026-06-19 11:01:28,Ponce City Market,Centennial Olympic Park,member
R105234,07/22/2026 15:53,2026-07-22 15:54:00,Midtown MARTA,Little Five Points,casual
R104371,07/15/2026 19:12,2026-07-15 19:23:48,Ponce City Market,Georgia State University,member
R104760,18-Jul-2026 16:07,2026-07-18 16:22:04,Midtown MARTA,Atlantic Station,member
R101472,2026-06-15 19:55:00,2026-06-15 20:00:49,Midtown MARTA,Ponce City Market,member
R101193,2026-06-12 20:53:00,12-Jun-2026 21:02,GEORGIA STATE UNIVERSITY,MIDTOWN MARTA,member
R105475,2026-07-25 09:17:00,2026-07-25 09:33:36,West End,Grant Park,casual
R105379,24-Jul-2026 08:02,07/24/2026 08:17,  Georgia State University ,Centennial Olympic Park,member
R104248,13-Jul-2026 18:37,07/13/2026 18:52,  Midtown MARTA ,Ponce City Market,member
R103171,2026-07-02 13:40:00,2026-07-02 14:03:34,West End,PONCE CITY MARKET,casual
R101429,2026-06-15 16:22:00,06/15/2026 16:37,ATLANTIC STATION,Georgia State University,member
R102774,2026-06-28 12:57:00,2026-06-28 12:57:00,Piedmont Park,Piedmont Park,member
R103208,2026-07-02 09:13:00,2026-07-02 09:16:52,Ponce City Market,Georgia State University,casual
R101323,2026-06-13 09:52:00,2026-06-13 10:26:16,Midtown MARTA,Atlantic Station,casual
R105883,2026-07-29 17:59:00,2026-07-29 18:14:16,Atlantic Station,Centennial Olympic Park,member
R105141,2026-07-21 09:18:00,2026-07-21 09:23:48,  Georgia State University ,Midtown MARTA,member
R100986,2026-06-10 17:17:00,2026-06-10 17:48:35,Georgia State University,Grant Park,casual
R103486,07/06/2026 06:41,2026-07-06 06:55:49,Centennial Olympic Park,  Midtown MARTA ,member
R100484,2026-06-05 09:09:00,2026-06-05 09:20:51,Midtown MARTA,Ponce City Market,member
R101238,2026-06-12 09:44:00,2026-06-12 09:50:41,Ponce City Market,Georgia State University,member
R101469,2026-06-15 18:00:00,2026-06-15 18:08:41,georgia state university,Grant Park,member
R103764,2026-07-08 11:30:00,07/08/2026 11:43,Ponce City Market,MIDTOWN MARTA,member
R100328,2026-06-04 17:42:00,2026-06-04 17:54:10,Midtown MARTA,Centennial Olympic Park,member
R102379,2026-06-24 17:18:00,2026-06-24 17:31:14,Midtown MARTA,Ponce City Market,casual
R102405,2026-06-24 18:45:00,2026-06-24 19:01:19,Georgia State University,Centennial Olympic Park,member
R105160,2026-07-22 09:27:00,2026-07-22 09:42:05,Centennial Olympic Park,Piedmont Park,member
R101312,2026-06-13 07:39:00,2026-06-13 07:55:33,Ponce City Market,Midtown MARTA,member
R102346,06/24/2026 07:01,2026-06-24 07:15:07,Georgia State University,Ponce City Market,member
R104015,2026-07-11 16:47:00,2026-07-11 17:03:09,Ponce City Market,GEORGIA STATE UNIVERSITY,casual
R100129,2026-06-02 07:21:00,02-Jun-2026 07:33,Georgia State University,MIDTOWN MARTA,casual
R100356,2026-06-04 20:29:00,2026-06-04 20:36:00,Atlantic Station,Midtown MARTA,member
R103578,07/07/2026 18:30,2026-07-07 18:50:18,Midtown MARTA,Georgia State University,casual
R103805,2026-07-09 17:24:00,07/09/2026 17:44,Midtown MARTA,CENTENNIAL OLYMPIC PARK,casual
R104181,07/13/2026 10:55,07/13/2026 11:23,Midtown MARTA,Centennial Olympic Park,casual
R101353,06/14/2026 16:17,14-Jun-2026 16:28,MIDTOWN MARTA,Atlantic Station,member
R104421,07/15/2026 11:07,2026-07-15 11:16:49,Midtown MARTA,PONCE CITY MARKET,member
R100956,2026-06-10 15:19:00,06/10/2026 15:46,Ponce City Market,Atlantic Station,casual
R104121,2026-07-12 16:27:00,2026-07-12 16:53:25,West End,Georgia State University,casual
R100910,2026-06-10 18:00:00,2026-06-10 18:15:53,KROG STREET MARKET,Ponce City Market,member
R104061,2026-07-11 11:59:00,11-Jul-2026 12:02,Ponce City Market,MIDTOWN MARTA,casual
R104316,07/14/2026 09:44,2026-07-14 09:55:56,Midtown MARTA,Ponce City Market,member
R102265,23-Jun-2026 16:05,2026-06-23 16:12:17,Ponce City Market,Centennial Olympic Park,member
R103902,07/10/2026 07:51,2026-07-10 07:59:08,Ponce City Market,  Centennial Olympic Park ,casual
R101873,2026-06-19 07:01:00,2026-06-19 07:27:36,krog street market,West End,casual
R103915,07/10/2026 18:16,2026-07-10 18:29:20,GRANT PARK,MIDTOWN MARTA,member
R105993,2026-07-30 15:52:00,2026-07-30 16:00:45,Georgia State University,Midtown MARTA,member
R104197,07/13/2026 21:59,2026-07-13 22:04:54,  Georgia State University ,midtown marta,member
R103112,2026-07-02 07:24:00,2026-07-02 07:34:00,Atlantic Station,Midtown MARTA,member
R105720,2026-07-27 13:38:00,27-Jul-2026 13:39,CENTENNIAL OLYMPIC PARK,Georgia State University,member
R101517,2026-06-15 17:37:00,2026-06-15 17:49:51,Piedmont Park,Centennial Olympic Park,casual
R104778,2026-07-18 09:16:00,2026-07-18 09:25:28,Ponce City Market,Little Five Points,member
R105927,2026-07-30 08:14:00,2026-07-30 08:23:26,Ponce City Market,Little Five Points,member
R104475,2026-07-16 08:49:00,16-Jul-2026 09:20,Midtown MARTA,  Little Five Points ,casual
R101602,06/16/2026 07:52,06/16/2026 08:09,CENTENNIAL OLYMPIC PARK,Piedmont Park,member
R104004,2026-07-10 08:28:00,2026-07-10 09:05:53,Piedmont Park,Centennial Olympic Park,casual
R102700,2026-06-27 18:55:00,2026-06-27 18:58:21,PONCE CITY MARKET,  Georgia State University ,member
R103986,2026-07-10 07:05:00,2026-07-10 07:12:20,West End,Atlantic Station,member
R100894,2026-06-09 09:22:00,06/09/2026 10:00,Midtown MARTA,Atlantic Station,casual
R103160,2026-07-02 18:22:00,2026-07-02 18:23:00,Ponce City Market,Midtown MARTA,casual
R104092,2026-07-12 10:22:00,07/12/2026 10:28,Midtown MARTA,Georgia State University,member
R100205,02-Jun-2026 16:15,2026-06-02 16:22:55,Centennial Olympic Park,Ponce City Market,member
R103091,2026-07-01 15:09:00,07/01/2026 15:13,Centennial Olympic Park,Atlantic Station,member
R101036,2026-06-11 18:09:00,2026-06-11 18:16:16,  Midtown MARTA ,Centennial Olympic Park,member
R103751,2026-07-08 15:48:00,2026-07-08 15:58:06,Little Five Points,CENTENNIAL OLYMPIC PARK,member
R102231,06/22/2026 08:46,2026-06-22 08:53:40,Midtown MARTA,Piedmont Park,member
R100128,02-Jun-2026 07:19,06/02/2026 07:41,West End,Centennial Olympic Park,casual
R102284,06/23/2026 14:09,2026-06-23 14:28:33,GEORGIA STATE UNIVERSITY,Ponce City Market,casual
R100196,2026-06-02 22:38:00,2026-06-02 22:48:34,West End,Atlantic Station,member
R101240,2026-06-12 08:07:00,2026-06-12 08:10:55,Krog Street Market,West End,member
R100054,2026-06-01 13:49:00,06/01/2026 14:02,  Little Five Points ,Centennial Olympic Park,casual
R100198,06/02/2026 10:39,06/02/2026 10:55,Georgia State University,Grant Park,member
R102206,2026-06-22 17:07:00,2026-06-22 17:16:29,Midtown MARTA,Ponce City Market,member
R101259,2026-06-13 15:26:00,13-Jun-2026 15:41,Ponce City Market,  Midtown MARTA ,casual
R102423,06/24/2026 18:15,24-Jun-2026 18:30,West End,  Ponce City Market ,member
R101988,2026-06-20 02:41:00,20-Jun-2026 02:56,Little Five Points,Ponce City Market,member
R105094,2026-07-21 08:30:00,07/21/2026 08:51,Midtown MARTA,Piedmont Park,casual
R100959,10-Jun-2026 19:42,2026-06-10 19:56:19,Georgia State University,Midtown MARTA,member
R101048,2026-06-11 15:29:00,2026-06-11 15:39:13,Georgia State University,,member
R103249,2026-07-03 04:24:00,07/03/2026 04:29,  Midtown MARTA ,PONCE CITY MARKET,member
R105025,2026-07-20 16:39:00,2026-07-20 16:50:09,  Ponce City Market ,Midtown MARTA,member
R100931,2026-06-10 08:13:00,2026-06-10 08:20:51,PONCE CITY MARKET,Georgia State University,member
R103598,2026-07-07 16:51:00,2026-07-07 17:03:04,Georgia State University,Krog Street Market,member
R102694,2026-06-27 17:53:00,06/27/2026 18:30,Midtown MARTA,Ponce City Market,casual
R100769,2026-06-08 13:19:00,2026-06-08 13:33:32,Ponce City Market,Georgia State University,member
R103103,2026-07-02 18:31:00,2026-07-02 18:36:37,Ponce City Market,West End,member
R104743,2026-07-18 21:32:00,07/18/2026 21:59,Ponce City Market,GRANT PARK,casual
R105345,2026-07-24 10:44:00,2026-07-24 10:51:00,Georgia State University,Ponce City Market,member
R104665,07/17/2026 17:43,2026-07-17 17:54:56,PIEDMONT PARK,Atlantic Station,member
R100876,06/09/2026 19:08,2026-06-09 19:20:19,Centennial Olympic Park,Atlantic Station,member
R100637,06/07/2026 12:32,06/07/2026 12:41,Atlantic Station,Georgia State University,member
R104037,2026-07-11 14:09:00,2026-07-11 14:39:14,Ponce City Market,Georgia State University,casual
R100473,06/05/2026 09:27,05-Jun-2026 09:36,Atlantic Station,West End,member
R105337,07/24/2026 09:01,07/24/2026 09:09,Midtown MARTA,PONCE CITY MARKET,member
R105588,2026-07-26 06:19:00,2026-07-26 06:44:51,Centennial Olympic Park,Midtown MARTA,casual
R101159,2026-06-12 15:24:00,2026-06-12 15:39:33,Centennial Olympic Park,  Georgia State University ,member
R104896,2026-07-19 21:37:00,2026-07-19 21:49:36,Georgia State University,Ponce City Market,casual
R101936,2026-06-20 11:48:00,06/20/2026 12:00,  West End ,Centennial Olympic Park,casual
R104563,07/16/2026 08:12,16-Jul-2026 08:17,Centennial Olympic Park,Ponce City Market,member
R104573,2026-07-16 19:14:00,2026-07-16 19:16:18,Ponce City Market,Midtown MARTA,casual
R101514,2026-06-15 07:27:00,2026-06-15 07:37:06,Midtown MARTA,CENTENNIAL OLYMPIC PARK,member
R100227,2026-06-03 08:24:00,2026-06-03 08:24:00,West End,West End,casual
R103665,2026-07-08 01:22:00,2026-07-08 01:33:36,Atlantic Station,midtown marta,member
R104952,2026-07-20 09:43:00,2026-07-20 09:53:52,Midtown MARTA,  Georgia State University ,member
R103848,2026-07-09 07:36:00,2026-07-09 08:02:59,Ponce City Market,,casual
R100232,2026-06-03 08:20:00,2026-06-03 08:27:54,Ponce City Market,Midtown MARTA,member
R104188,2026-07-13 15:17:00,13-Jul-2026 15:25,Midtown MARTA,georgia state university,member
R103406,2026-07-05 15:43:00,2026-07-05 15:47:44,Midtown MARTA,Atlantic Station,member
R103928,07/10/2026 20:16,10-Jul-2026 20:31,Little Five Points,Ponce City Market,member
R102002,06/20/2026 13:20,2026-06-20 13:35:24,Midtown MARTA,  Ponce City Market ,casual
R100450,2026-06-05 07:25:00,06/05/2026 07:43,Piedmont Park,Georgia State University,casual
R102207,2026-06-22 10:45:00,2026-06-22 10:46:15,Ponce City Market,ATLANTIC STATION,member
R104970,07/20/2026 01:34,2026-07-20 01:45:41,Midtown MARTA,Piedmont Park,member
R103861,2026-07-09 14:25:00,2026-07-09 14:37:13,Piedmont Park,Grant Park,member
R101216,2026-06-12 19:51:00,2026-06-17 19:51:00,  Midtown MARTA ,Georgia State University,member
R101783,2026-06-18 13:38:00,06/18/2026 13:52,Georgia State University,Atlantic Station,member
R101017,06/11/2026 16:53,06/11/2026 17:01,Piedmont Park,Centennial Olympic Park,member
R100010,2026-06-01 09:47:00,2026-06-01 10:03:48,ponce city market,Centennial Olympic Park,member
R103759,08-Jul-2026 17:40,2026-07-08 17:47:22,Piedmont Park,Ponce City Market,member
R102954,06/30/2026 18:59,06/30/2026 19:03,Midtown MARTA,Georgia State University,member
R104225,2026-07-13 17:21:00,13-Jul-2026 17:31,Atlantic Station,Ponce City Market,member
R103952,2026-07-10 17:47:00,2026-07-10 18:01:52,Little Five Points,Midtown MARTA,member
R100374,2026-06-04 01:19:00,2026-06-04 01:31:33,Ponce City Market,Centennial Olympic Park,member
R105424,2026-07-25 07:23:00,2026-07-25 07:46:19,Krog Street Market,Ponce City Market,casual
R105521,2026-07-26 17:03:00,07/26/2026 17:34,Ponce City Market,Krog Street Market,casual
R105865,07/29/2026 21:00,2026-07-29 21:37:36,Grant Park,Georgia State University,casual
R101660,2026-06-17 10:39:00,06/17/2026 10:51,LITTLE FIVE POINTS,Grant Park,member
R102208,22-Jun-2026 12:51,06/22/2026 13:00,Little Five Points,Georgia State University,member
R102643,06/26/2026 18:03,2026-06-26 18:12:48,Krog Street Market,centennial olympic park,member
R104915,2026-07-19 22:08:00,07/19/2026 22:21,Centennial Olympic Park,Midtown MARTA,member
R104529,2026-07-16 06:00:00,16-Jul-2026 06:10,Georgia State University,West End,member
R100156,2026-06-02 11:52:00,06/02/2026 12:03,Midtown MARTA,Centennial Olympic Park,member
R105945,07/30/2026 08:32,2026-07-30 08:44:54,Centennial Olympic Park,Midtown MARTA,member
R102424,2026-06-24 06:51:00,2026-06-24 06:51:00,Midtown MARTA,Midtown MARTA,member
R105325,07/24/2026 07:51,2026-07-24 08:11:17,Centennial Olympic Pk,PONCE CITY MARKET,casual
R104497,2026-07-16 17:48:00,2026-07-16 17:57:17,Centennial Olympic Park,piedmont park,member
R101363,06/14/2026 08:41,2026-06-14 09:08:31,Ponce City Market,Krog Street Market,casual
R104220,2026-07-13 17:04:00,2026-07-13 17:15:44,Ponce City Market,MIDTOWN MARTA,member
R105187,07/22/2026 12:59,2026-07-22 13:09:55,Little Five Points,Midtown MARTA,member
R103804,2026-07-09 15:56:00,2026-07-09 16:10:08,Georgia State University,Ponce City Market,member
R100044,2026-06-01 11:52:00,2026-06-01 12:11:58,Georgia State University,Midtown MARTA,member
R100653,2026-06-07 06:34:00,06/07/2026 06:41,Ponce City Market,Atlantic Station,member
R101169,06/12/2026 12:22,2026-06-12 12:29:25,little five points,Georgia State University,member
R103567,2026-07-07 08:41:00,2026-07-14 08:41:00,Georgia State University,Midtown MARTA,member
R100267,2026-06-03 15:58:00,06/03/2026 16:04,Midtown MARTA,Ponce City Market,member
R102089,2026-06-21 11:38:00,21-Jun-2026 11:52,Piedmont Park,ponce city market,casual
R104001,2026-07-10 18:12:00,2026-07-27 18:12:00,Centennial Olympic Park,Atlantic Station,casual
R100782,08-Jun-2026 22:16,2026-06-08 22:46:14,MIDTOWN MARTA,Ponce City Market,casual
R101507,2026-06-15 16:46:00,06/15/2026 16:52,Midtown MARTA,Ponce City Market,member
R104553,2026-07-16 19:06:00,2026-07-16 19:19:55,Midtown MARTA,Centennial Olympic Park,member
R105767,2026-07-28 16:52:00,2026-07-28 17:19:59,Georgia State University,  Ponce City Market ,casual
R102455,2026-06-25 19:41:00,2026-06-25 20:12:23,Ponce City Market,Midtown MARTA,casual
R104291,2026-07-14 06:15:00,2026-07-14 06:24:08,Midtown MARTA,Ponce City Market,member
R101046,06/11/2026 21:49,2026-06-11 21:58:06,Georgia State University,Atlantic Station,member
R101385,06/14/2026 11:59,2026-06-14 12:13:19,Ponce City Market,Midtown MARTA,member
R104744,2026-07-18 14:58:00,2026-07-18 15:05:28,Ponce City Market,Atlantic Station,member
R104413,2026-07-15 02:23:00,2026-07-15 02:27:16,Ponce City Market,Georgia State University,member
R100908,10-Jun-2026 18:04,2026-06-10 18:08:34,Atlantic Station,Ponce City Market,casual
R101427,2026-06-15 04:45:00,2026-06-15 04:57:15,Centennial Olympic Park,West End,
R105154,07/22/2026 22:53,2026-07-22 23:00:12,MIDTOWN MARTA,Ponce City Market,member
R101991,20-Jun-2026 16:15,20-Jun-2026 16:27,Centennial Olympic Park,Ponce City Market,casual
R102927,2026-06-29 08:20:00,2026-06-29 08:35:50,MIDTOWN MARTA,PONCE CITY MARKET,member
R102153,22-Jun-2026 08:54,2026-06-22 09:08:03,Georgia State University,Ponce City Market,member
R101181,2026-06-12 11:38:00,2026-06-12 12:07:15,PONCE CITY MARKET,Midtown MARTA,casual
R102522,2026-06-25 07:57:00,2026-06-25 08:10:34,Ponce City Market,Little Five Points,member
R103077,01-Jul-2026 12:42,2026-07-01 12:55:39,PONCE CITY MARKET,Georgia State University,member
R101905,2026-06-19 09:30:00,2026-06-19 09:39:20,Georgia State University,west end,member
R102250,2026-06-23 13:30:00,23-Jun-2026 13:43,Little Five Points,Georgia State University,casual
R101111,2026-06-11 08:01:00,2026-06-11 08:13:19,Midtown MARTA,,member
R105413,07/25/2026 07:10,25-Jul-2026 07:21,Grant Park,CENTENNIAL OLYMPIC PARK,member
R104839,07/19/2026 13:06,19-Jul-2026 13:27,  Little Five Points ,Krog Street Market,casual
R101435,2026-06-15 05:16:00,2026-06-15 05:29:06,Midtown MARTA,Centennial Olympic Park,member
R103802,2026-07-09 16:35:00,07/09/2026 16:43,  Georgia State University ,Ponce City Market,member
R102180,06/22/2026 08:33,06/22/2026 08:44,Ponce City Market,Midtown MARTA,member
R105788,07/28/2026 07:14,07/28/2026 07:30,Ponce City Market,Piedmont Park,member
R102392,2026-06-24 07:45:00,2026-06-24 07:46:27,Midtown MARTA,  Ponce City Market ,member
R102785,06/28/2026 15:04,2026-06-28 15:12:01,PONCE CITY MARKET,Centennial Olympic Park,casual
R100791,08-Jun-2026 20:39,2026-06-08 20:58:32,Atlantic Station,Ponce City Market,member
R104047,07/11/2026 07:02,2026-07-11 07:29:34,Midtown MARTA,Centennial Olympic Park,casual
R100516,2026-06-05 08:22:00,2026-06-05 08:28:05,Midtown MARTA,Ponce City Market,member
R100656,07-Jun-2026 02:48,07-Jun-2026 03:20,Midtown MARTA,Georgia State University,casual
R105196,2026-07-22 06:24:00,2026-07-22 06:41:05,Midtown MARTA,Little Five Points,member
R104321,07/14/2026 08:44,07/14/2026 08:54,Ponce City Market,Midtown MARTA,member
R102731,2026-06-27 14:26:00,06/27/2026 14:35,Midtown MARTA,Atlantic Station,member
R103507,2026-07-06 12:02:00,06-Jul-2026 12:15,Centennial Olympic Park,Ponce City Market,member
R103784,07/09/2026 19:33,07/09/2026 19:45,atlantic station,  Midtown MARTA ,member
R103048,2026-07-01 19:31:00,2026-07-01 19:42:18,Centennial Olympic Park,Little Five Points,member
R104269,2026-07-14 22:22:00,07/14/2026 22:37,Ponce City Market,Georgia State University,member
R103072,2026-07-01 06:58:00,2026-07-01 07:05:23,Georgia State University,Ponce City Market,member
R105102,2026-07-21 19:00:00,2026-07-21 19:14:49,Midtown MARTA,Piedmont Park,member
R100752,2026-06-08 21:15:00,2026-06-08 21:25:48,Midtown MARTA,Georgia State University,member
R100445,06/05/2026 15:37,2026-06-05 16:04:07,Piedmont Park,Little Five Points,casual
R101094,2026-06-11 08:09:00,06/11/2026 08:18,Grant Park,midtown marta,member
R105658,2026-07-27 06:55:00,27-Jul-2026 07:12,Midtown MARTA,Georgia State University,casual
R103975,2026-07-10 20:38:00,07/10/2026 20:46,Midtown MARTA,Georgia State University,member
R100106,2026-06-01 11:21:00,2026-06-01 11:34:03,Ponce City Market,  Midtown MARTA ,member
R101185,06/12/2026 21:24,2026-06-12 21:44:33,Midtown MARTA,PONCE CITY MARKET,casual
R102449,2026-06-24 21:19:00,06/24/2026 21:27,Georgia State University,Centennial Olympic Park,member
R105279,2026-07-23 11:11:00,2026-07-23 11:17:30,Ponce City Market,Georgia State University,member
R103768,2026-07-08 17:30:00,08-Jul-2026 17:46,Midtown MARTA,Little Five Points,member
R102426,06/24/2026 06:36,24-Jun-2026 06:49,Midtown MARTA,Georgia State University,casual
R105916,30-Jul-2026 07:40,30-Jul-2026 07:40,Little Five Points,Little Five Points,casual
R104653,07/17/2026 15:06,2026-07-17 15:20:21,Ponce City Market,Midtown MARTA,member
R105708,2026-07-27 16:21:00,2026-07-27 16:32:28,Midtown MARTA,Georgia State University,member
R105152,07/22/2026 07:43,22-Jul-2026 07:57,Georgia State University,Centennial Olympic Park,member
R101186,2026-06-12 05:39:00,2026-06-12 05:43:39,Atlantic Station,Midtown MARTA,member
R105267,07/23/2026 10:52,2026-07-23 11:00:17,Georgia State University,ATLANTIC STATION,member
R103631,2026-07-07 09:21:00,2026-07-07 09:27:16,Midtown MARTA,Piedmont Park,casual
R104581,2026-07-17 06:03:00,2026-07-17 06:21:12,Piedmont Park,Krog Street Market,casual
R103124,2026-07-02 19:34:00,2026-07-02 19:51:44,Midtown MARTA,Centennial Olympic Park,member
R103259,2026-07-03 07:20:00,2026-07-03 07:51:40,Little Five Points,  Centennial Olympic Park ,casual
R105050,07/21/2026 14:37,2026-07-21 14:51:00,ponce city market,Atlantic Station,member
R102162,2026-06-22 08:13:00,2026-06-22 08:22:56,Little Five Points,  West End ,member
R100149,02-Jun-2026 03:10,2026-06-02 03:20:20,grant park,Piedmont Park,member
R105113,07/21/2026 18:36,2026-07-21 18:55:35,GEORGIA STATE UNIVERSITY,Ponce City Market,member
R101342,06/14/2026 09:20,14-Jun-2026 09:56,  Georgia State University ,midtown marta,casual
R104325,2026-07-14 09:04:00,2026-07-14 09:11:48,Centennial Olympic Park,Little Five Points,casual
R102741,28-Jun-2026 14:16,2026-06-28 14:28:45,Midtown MARTA,Centennial Olympic Park,member
R103424,05-Jul-2026 12:41,2026-07-05 13:00:21,Ponce City Market,Krog Street Market,casual
R102026,06/21/2026 09:39,2026-06-21 09:45:11,PONCE CITY MARKET,Midtown MARTA,member
R103906,2026-07-10 17:49:00,2026-07-10 17:52:11,Ponce City Market,  Midtown MARTA ,member
R105252,23-Jul-2026 18:03,2026-07-23 18:12:57,Midtown MARTA,Ponce City Market,member
R105965,07/30/2026 18:58,2026-07-30 19:09:20,Georgia State University,Midtown MARTA,member
R101423,06/15/2026 13:41,06/15/2026 14:12,Centennial Olympic Park,Midtown MARTA,casual
R104427,15-Jul-2026 11:00,2026-07-15 11:16:40,Centennial Olympic Park,Atlantic Station,member
R103477,2026-07-06 06:44:00,2026-07-06 06:58:13,Grant Park,West End,member
R102710,2026-06-27 10:35:00,2026-06-27 10:41:16,CENTENNIAL OLYMPIC PARK,Ponce City Market,member
R102321,2026-06-23 07:58:00,06/23/2026 08:08,PONCE CITY MARKET,Georgia State University,member
R102072,2026-06-21 09:43:00,06/21/2026 10:05,Atlantic Station,Georgia State University,casual
R102292,06/23/2026 01:02,2026-06-23 01:12:52,piedmont park,Ponce City Market,member
R104696,18-Jul-2026 13:10,18-Jul-2026 13:39,  Ponce City Market ,Centennial Olympic Park,casual
R104671,2026-07-17 07:40:00,2026-07-17 07:50:48,Krog Street Market,MIDTOWN MARTA,member
R100155,2026-06-02 20:10:00,2026-06-02 20:10:00,Georgia State University,Georgia State University,member
R100056,01-Jun-2026 04:21,06/01/2026 04:25,Centennial Olympic Park,Georgia State University,member
R105292,2026-07-23 17:32:00,2026-07-23 17:48:10,Centennial Olympic Park,Piedmont Park,member
R101296,2026-06-13 19:21:00,06/13/2026 20:09,Atlantic Station,CENTENNIAL OLYMPIC PARK,casual
R101529,06/16/2026 15:27,16-Jun-2026 15:44,Ponce City Market,Midtown MARTA,casual
R104158,07/12/2026 14:13,07/12/2026 14:29,Ponce City Market,Centennial Olympic Park,member
R102931,2026-06-29 08:13:00,06/29/2026 08:24,Midtown MARTA,Piedmont Park,member
R100082,06/01/2026 09:38,2026-06-01 09:49:14,Little Five Points,Georgia State University,member
R101092,2026-06-11 15:24:00,11-Jun-2026 15:34,Atlantic Station,Georgia State University,member
R102491,2026-06-25 14:55:00,25-Jun-2026 15:04,georgia state university,Ponce City Market,casual
R102133,2026-06-22 20:14:00,2026-06-22 20:27:00,PIEDMONT PARK,Ponce City Market,member
R102436,2026-06-24 07:08:00,2026-06-24 07:21:48,Georgia State University,Midtown MARTA,member
R100577,2026-06-06 16:02:00,2026-06-06 16:17:34,Centennial Olympic Park,Georgia State University,member
R100921,2026-06-10 20:14:00,2026-06-10 20:24:25,MIDTOWN MARTA,Piedmont Park,casual
R100107,2026-06-01 19:44:00,2026-06-01 19:59:10,Midtown MARTA,Ponce City Market,member
R104293,2026-07-14 19:23:00,2026-07-14 19:32:19,Centennial Olympic Park,Grant Park,member
R102461,2026-06-25 07:01:00,2026-06-25 07:20:02,  Little Five Points ,Ponce City Market,casual
R104963,20-Jul-2026 08:50,2026-07-20 09:08:01,Georgia State University,Midtown MARTA,casual
R101836,2026-06-19 14:09:00,2026-06-19 14:23:22,Midtown MARTA,Piedmont Park,member
R104063,07/11/2026 14:47,2026-07-11 15:18:27,MIDTOWN MARTA,West End,casual
R101922,2026-06-19 10:12:00,06/19/2026 10:31,Centennial Olympic Park,Ponce City Market,member
R103239,2026-07-03 19:04:00,2026-07-03 19:16:48,midtown marta,Ponce City Market,member
R102356,2026-06-24 18:59:00,2026-06-24 19:10:15,Midtown MARTA,Ponce City Market,member
R102573,25-Jun-2026 05:33,2026-06-25 05:41:47,Ponce City Market,Midtown MARTA,member
R103021,2026-07-01 16:41:00,2026-07-01 16:51:19,MIDTOWN MARTA,Piedmont Park,member
R105195,2026-07-22 15:32:00,2026-07-22 15:39:28,Midtown MARTA,WEST END,member
R105485,07/26/2026 05:50,2026-07-26 06:03:01,Ponce City Market,Little Five Points,member
R100345,2026-06-04 08:25:00,2026-06-04 08:31:04,ATLANTIC STATION,,member
R101803,06/18/2026 11:53,2026-06-18 12:25:45,Ponce City Market,Midtown MARTA,casual
R105276,2026-07-23 05:00:00,2026-07-23 05:11:14,Atlantic Station,Ponce City Market,member
R102131,2026-06-22 15:26:00,2026-06-22 15:36:44,Georgia State University,Centennial Olympic Pk,member
R102034,2026-06-21 13:21:00,06/21/2026 13:28,Midtown MARTA,  West End ,member
R104989,2026-07-20 17:16:00,2026-07-20 17:27:26,Atlantic Station,Krog Street Market,member
R104964,2026-07-20 12:58:00,07/20/2026 13:10,Georgia State University,MIDTOWN MARTA,member
R100941,2026-06-10 07:58:00,2026-06-10 08:12:26,Piedmont Park,Ponce City Market,casual
R100465,06/05/2026 14:12,06/05/2026 14:22,Ponce City Market,Piedmont Park,member
R101384,2026-06-14 07:45:00,06/14/2026 07:50,Midtown MARTA,Centennial Olympic Park,casual
R104545,07/16/2026 03:04,07/16/2026 03:24,  Centennial Olympic Park ,Ponce City Market,member
R102337,06/24/2026 23:29,2026-06-24 23:39:06,Midtown MARTA,ponce city market,member
R101206,06/12/2026 17:33,2026-06-12 17:43:26,Atlantic Station,Centennial Olympic Park,
R101622,2026-06-17 01:19:00,17-Jun-2026 01:28,Georgia State University,Atlantic Station,member
R102052,2026-06-21 08:08:00,2026-06-21 08:22:34,CENTENNIAL OLYMPIC PARK,MIDTOWN MARTA,member
R104279,2026-07-14 15:10:00,2026-07-14 15:18:57,Piedmont Park,Krog Street Market,member
R101710,2026-06-17 20:04:00,06/17/2026 20:08,Georgia State University,Ponce City Market,member
R101027,2026-06-11 19:14:00,2026-06-11 19:27:01,Georgia State University,Midtown MARTA,member
R100635,2026-06-07 02:51:00,06/07/2026 03:04,Ponce City Market,Midtown MARTA,member
R103415,05-Jul-2026 16:43,2026-07-05 16:57:00,Grant Park,Ponce City Market,member
R102863,2026-06-29 17:07:00,2026-06-29 17:23:36,Ponce City Market,Midtown MARTA,member
R100844,06/09/2026 11:33,2026-06-09 11:44:38,Krog Street Market,Ponce City Market,casual
R105089,21-Jul-2026 08:24,2026-07-21 08:35:27,Georgia State University,Krog Street Market,member
R101826,2026-06-19 11:35:00,2026-06-19 11:48:52,Ponce City Market,Georgia State University,member
R103166,2026-07-02 17:59:00,07/02/2026 18:07,KROG STREET MARKET,Georgia State University,member
R101074,2026-06-11 08:27:00,2026-06-11 08:50:42,Midtown MARTA,PONCE CITY MARKET,casual
R104125,07/12/2026 09:39,12-Jul-2026 10:06,Georgia State University,Midtown MARTA,casual
R103100,2026-07-02 08:31:00,2026-07-02 08:36:40,Ponce City Market,midtown marta,
R103838,2026-07-09 06:13:00,2026-07-09 06:39:19,Midtown MARTA,Ponce City Market,casual
R104142,07/12/2026 12:04,2026-07-12 12:17:52,Little Five Points,Piedmont Park,member
R105120,2026-07-21 18:11:00,2026-07-21 18:20:56,Centennial Olympic Park,Piedmont Park,member
R105926,30-Jul-2026 00:07,2026-07-30 00:18:34,Midtown MARTA,Grant Pk,member
R100353,2026-06-04 08:12:00,2026-06-04 08:16:45,Ponce City Market,Midtown MARTA,casual
R105739,2026-07-28 18:01:00,2026-07-28 18:13:10,Midtown MARTA,Piedmont Park,member
R103289,2026-07-04 14:46:00,2026-07-04 15:18:48,Georgia State University,Ponce City Market,casual
R105030,2026-07-20 21:45:00,2026-07-20 21:46:45,Ponce City Market,PIEDMONT PARK,member
R103262,2026-07-03 21:29:00,2026-07-03 21:35:22,Ponce City Market,  Georgia State University ,member
R105753,2026-07-28 00:36:00,2026-07-28 00:55:11,Centennial Olympic Park,midtown marta,casual
R103756,2026-07-08 09:44:00,2026-07-08 10:04:40,Midtown MARTA,  Atlantic Station ,casual
R102467,2026-06-25 11:15:00,2026-06-25 11:27:02,Midtown MARTA,Centennial Olympic Park,casual
R100605,2026-06-07 10:18:00,06/07/2026 10:37,Midtown MARTA,CENTENNIAL OLYMPIC PARK,casual
R103125,02-Jul-2026 07:54,2026-07-02 08:08:09,Centennial Olympic Park,Midtown MARTA,member
R102903,06/29/2026 17:36,2026-06-29 17:49:12,georgia state university,MIDTOWN MARTA,casual
R102441,2026-06-24 12:42:00,2026-06-24 12:56:49,Piedmont Park,Midtown MARTA,member
R101759,06/18/2026 06:42,2026-06-18 06:51:06,Georgia State University,Ponce City Market,member
R102529,2026-06-25 13:46:00,2026-06-25 13:48:24,Georgia State University,Ponce City Market,member
R105318,2026-07-24 09:25:00,2026-07-24 09:36:22,Midtown MARTA,Centennial Olympic Park,member
R101998,2026-06-20 09:23:00,2026-06-20 09:23:00,Piedmont Park,Piedmont Park,member
R102353,2026-06-24 00:38:00,2026-06-24 01:11:40,Ponce City Market,Krog Street Market,casual
R104992,07/20/2026 17:11,2026-07-20 17:28:55,Ponce City Market,georgia state university,casual
R101696,06/17/2026 04:30,2026-06-17 04:41:12,West End,Midtown MARTA,member
R104055,07/11/2026 11:49,2026-07-11 12:04:19,Grant Park,Georgia State University,member
R105631,2026-07-27 09:47:00,2026-07-27 09:53:11,Midtown MARTA,Georgia State University,member
R101119,2026-06-11 16:09:00,2026-06-11 16:20:11,Midtown MARTA,GEORGIA STATE UNIVERSITY,member
R104164,07/12/2026 10:01,2026-07-12 10:23:35,Grant Park,georgia state university,casual
R102325,24-Jun-2026 06:46,2026-06-24 06:55:33,Piedmont Park,Midtown MARTA,member
R104879,07/19/2026 12:36,2026-07-19 12:49:43,  Midtown MARTA ,GEORGIA STATE UNIVERSITY,member
R101846,2026-06-19 11:19:00,2026-06-19 11:39:35,Midtown MARTA,Centennial Olympic Park,casual
R102396,2026-06-24 04:48:00,06/24/2026 04:53,atlantic station,ponce city market,member
R102303,2026-06-23 11:03:00,06/23/2026 11:28,Piedmont Park,Midtown MARTA,casual
R105348,2026-07-24 09:35:00,2026-07-24 09:42:00,Midtown MARTA,Krog Street Market,member
R102060,2026-06-21 09:40:00,2026-06-21 10:03:05,Georgia State University,Ponce City Market,casual
R101079,2026-06-11 16:50:00,2026-06-11 16:56:20,Midtown MARTA,Centennial Olympic Park,member
R100022,2026-06-01 13:19:00,2026-06-01 13:27:30,Atlantic Station,Centennial Olympic Park,member
R101473,2026-06-15 08:50:00,2026-06-15 08:59:18,Atlantic Station,GEORGIA STATE UNIVERSITY,member
R103324,2026-07-04 18:55:00,07/04/2026 19:23,PONCE CITY MARKET,  Centennial Olympic Park ,casual
R100096,2026-06-01 13:05:00,06/01/2026 13:09,Midtown MARTA,Georgia State University,member
R100181,2026-06-02 06:02:00,2026-06-02 06:14:26,Georgia State University,West End,member
R103619,2026-07-07 15:10:00,2026-07-07 15:21:24,Ponce City Market,Georgia State University,member
R105677,07/27/2026 07:28,2026-07-27 07:54:33,Ponce City Market,Piedmont Park,casual
R104311,2026-07-14 14:29:00,2026-07-14 14:40:17,Little Five Points,Midtown MARTA,member
R102139,22-Jun-2026 17:41,06/22/2026 17:55,Georgia State University,MIDTOWN MARTA,member
R100781,2026-06-08 18:51:00,06/08/2026 19:03,Georgia State University,Atlantic Station,member
R100246,2026-06-03 12:34:00,2026-06-03 12:39:16,Midtown MARTA,Ponce City Market,member
R101410,2026-06-14 17:38:00,2026-06-14 17:42:05,Georgia State University,Little Five Points,member
R101177,2026-06-12 19:16:00,12-Jun-2026 19:32,Ponce City Market,MIDTOWN MARTA,member
R105515,2026-07-26 15:44:00,2026-07-26 16:02:01,Atlantic Station,MIDTOWN MARTA,member
R100751,08-Jun-2026 16:41,2026-06-08 17:21:19,Ponce City Market,Piedmont Park,casual
R104476,2026-07-16 21:52:00,2026-07-16 22:00:41,Piedmont Park,,member
R105859,2026-07-29 18:21:00,2026-07-29 18:33:27,Ponce City Market,Grant Park,member
R100059,06/01/2026 09:04,01-Jun-2026 09:16,Ponce City Market,Midtown MARTA,member
R102218,06/22/2026 19:22,22-Jun-2026 19:29,Midtown MARTA,Centennial Olympic Park,member
R104389,2026-07-15 21:26:00,15-Jul-2026 21:40,Piedmont Park,Midtown MARTA,casual
R104714,2026-07-18 11:08:00,2026-07-18 11:30:11,Midtown MARTA,Georgia State University,casual
R102953,2026-06-30 18:35:00,30-Jun-2026 18:51,Little Five Points,Piedmont Park,member
R101219,2026-06-12 18:10:00,2026-06-12 18:23:27,Ponce City Market,Georgia State University,member
R105261,07/23/2026 06:38,2026-07-23 06:54:26,Ponce City Market,Midtown MARTA,member
R100379,04-Jun-2026 17:39,2026-06-04 17:53:42,Atlantic Station,Ponce City Market,casual
R103192,2026-07-02 08:26:00,2026-07-02 08:33:17,Ponce City Market,Atlantic Station,member
R100447,2026-06-05 08:11:00,06/05/2026 08:15,Piedmont Park,Centennial Olympic Park,member
R103105,2026-07-02 16:39:00,2026-07-02 16:50:09,  Atlantic Station ,Krog Street Market,member
R104737,2026-07-18 17:46:00,2026-07-18 17:55:32,Midtown MARTA,Centennial Olympic Park,member
R102728,2026-06-27 15:25:00,2026-06-27 15:30:52,Little Five Points,Krog Street Market,casual
R101465,2026-06-15 09:18:00,2026-06-15 09:28:55,Centennial Olympic Park,Midtown MARTA,member
R100701,06/07/2026 08:45,06/07/2026 08:56,Ponce City Market,Grant Park,member
R104947,2026-07-20 02:13:00,20-Jul-2026 02:27,ponce city market,Krog Street Market,member
R105621,2026-07-27 07:03:00,2026-07-27 07:14:30,Ponce City Market,Midtown MARTA,member
R104490,16-Jul-2026 10:01,07/16/2026 10:10,Midtown MARTA,Little Five Points,member
R101486,2026-06-15 13:49:00,2026-06-15 13:57:56,Ponce City Market,Midtown MARTA,member
R103206,07/02/2026 09:51,2026-07-02 09:56:57,Centennial Olympic Pk,Midtown MARTA,member
R100475,2026-06-05 14:29:00,06/05/2026 14:44,Centennial Olympic Park,Krog Street Market,member
R104504,07/16/2026 09:51,16-Jul-2026 10:09,PONCE CITY MARKET,Midtown MARTA,member
R104904,07/19/2026 04:04,2026-07-19 04:22:12,  Ponce City Market ,Centennial Olympic Park,member
R105171,07/22/2026 07:34,07/22/2026 07:46,Krog Street Market,PONCE CITY MARKET,member
R101580,16-Jun-2026 18:58,06/16/2026 19:30,Georgia State University,Ponce City Market,casual
R101505,2026-06-15 02:21:00,2026-06-15 02:30:23,Georgia State University,Midtown MARTA,member
R101718,2026-06-17 15:16:00,2026-06-17 15:30:45,Midtown MARTA,Atlantic Station,member
R104950,20-Jul-2026 11:59,2026-07-20 12:11:14,Midtown MARTA,Ponce City Market,member
R104370,07/15/2026 20:41,2026-07-15 20:47:13,Ponce City Market,Midtown MARTA,member
R102220,2026-06-22 12:38:00,2026-06-22 12:50:56,Georgia State University,Midtown MARTA,casual
R105976,2026-07-30 14:06:00,2026-07-30 14:42:58,ponce city market,Midtown MARTA,casual
R102079,21-Jun-2026 11:08,2026-06-21 11:15:58,Midtown MARTA,Atlantic Station,member
R101156,2026-06-12 08:37:00,2026-06-12 08:50:12,Grant Park,Ponce City Market,casual
R104487,07/16/2026 17:22,2026-07-16 17:41:02,  Ponce City Market ,Midtown MARTA,member
R102672,2026-06-27 16:28:00,06/27/2026 16:40,Georgia State University,MIDTOWN MARTA,member
R100167,2026-06-02 10:55:00,2026-06-02 11:08:11,west end,ponce city market,member
R102510,2026-06-25 06:50:00,2026-06-25 07:06:02,Piedmont Pk,Midtown MARTA,member
R102746,06/28/2026 13:30,2026-06-28 14:03:25,GEORGIA STATE UNIVERSITY,Ponce City Market,casual
R105862,2026-07-29 07:36:00,07/29/2026 07:42,Georgia State University,  Ponce City Market ,member
R102506,2026-06-25 16:22:00,2026-06-25 16:38:02,Midtown MARTA,georgia state university,member
R102067,2026-06-21 19:38:00,2026-07-12 19:38:00,Midtown MARTA,Ponce City Market,member
R103604,2026-07-07 11:21:00,2026-07-07 11:32:02,Ponce City Market,Krog Street Market,member
R105766,2026-07-28 20:25:00,07/28/2026 20:58,  Georgia State University ,Midtown MARTA,casual
R104046,2026-07-11 14:36:00,2026-07-11 15:00:07,Georgia State University,PONCE CITY MARKET,casual
R104074,11-Jul-2026 20:04,2026-07-11 20:11:02,PONCE CITY MARKET,Atlantic Station,member
R100586,2026-06-06 11:11:00,2026-06-06 11:56:54,Ponce City Market,Georgia State University,casual
R103330,07/04/2026 13:26,07/04/2026 13:26,PONCE CITY MARKET,PONCE CITY MARKET,casual
R104935,2026-07-20 12:02:00,07/20/2026 12:18,Midtown MARTA,Little Five Points,member
R101463,2026-06-15 06:49:00,15-Jun-2026 07:01,Midtown MARTA,ponce city market,casual
R105775,2026-07-28 18:10:00,2026-07-28 18:22:23,Midtown MARTA,West End,member
R102993,2026-06-30 19:37:00,2026-06-30 19:51:48,Krog Street Market,Ponce City Market,member
R102332,2026-06-24 13:21:00,2026-06-24 13:38:25,Georgia State University,Ponce City Market,member
R102597,2026-06-26 04:30:00,06/26/2026 04:38,Midtown MARTA,Ponce City Market,member
R100080,2026-06-01 09:38:00,2026-06-01 10:02:24,Georgia State University,Midtown MARTA,casual
R105497,2026-07-26 23:44:00,2026-07-27 00:12:54,Little Five Points,Georgia State University,casual
R105477,2026-07-25 13:47:00,2026-07-25 13:58:34,Midtown MARTA,Ponce City Market,member
R105329,2026-07-24 06:36:00,2026-07-24 06:40:59,Georgia State University,Midtown MARTA,member
R100955,2026-06-10 20:13:00,2026-06-10 20:19:33,georgia state university,Centennial Olympic Park,member
R105948,2026-07-30 08:56:00,30-Jul-2026 09:07,Georgia State University,Piedmont Park,member
R102071,2026-06-21 15:29:00,21-Jun-2026 15:59,Atlantic Station,Midtown MARTA,casual
R105526,2026-07-26 08:26:00,2026-07-26 08:40:49,  Piedmont Park ,Ponce City Market,casual
R102564,2026-06-25 06:41:00,2026-06-25 07:07:50,georgia state university,Piedmont Park,casual
R104659,2026-07-17 16:45:00,2026-07-17 17:01:04,Midtown MARTA,Ponce City Market,member
R104341,07/14/2026 07:47,07/14/2026 08:00,Atlantic Station,Georgia State University,member
R103999,2026-07-10 10:51:00,2026-07-10 10:59:23,Midtown MARTA,,member
R105626,07/27/2026 08:24,27-Jul-2026 08:33,Atlantic Station,Ponce City Market,member
R104441,2026-07-15 18:15:00,15-Jul-2026 18:28,Georgia State University,Midtown MARTA,member
R105535,07/26/2026 16:25,2026-07-26 16:42:53,Midtown MARTA,Ponce City Market,casual
R102394,06/24/2026 08:46,2026-06-24 08:56:37,Midtown MARTA,Ponce City Market,member
R105693,07/27/2026 09:31,2026-07-27 09:46:21,Krog Street Market,Georgia State University,member
R101852,2026-06-19 10:39:00,2026-06-19 10:54:51,Midtown MARTA,  Centennial Olympic Park ,member
R100864,2026-06-09 17:15:00,2026-06-09 17:24:18,Atlantic Station,midtown marta,member
R105230,2026-07-22 09:40:00,2026-07-22 09:47:02,Ponce City Market,Centennial Olympic Park,member
R101929,2026-06-19 20:29:00,2026-06-19 20:35:48,Centennial Olympic Park,Georgia State University,member
R105116,21-Jul-2026 08:02,21-Jul-2026 08:16,PONCE CITY MARKET,Georgia State University,member
R103357,2026-07-04 13:12:00,2026-07-04 13:13:00,Midtown MARTA,  Atlantic Station ,casual
R101202,12-Jun-2026 08:53,2026-06-12 09:02:35,Centennial Olympic Park,MIDTOWN MARTA,member
R105423,2026-07-25 12:13:00,2026-07-25 12:35:09,Georgia State University,Grant Park,casual
R103169,07/02/2026 18:39,2026-07-02 18:54:31,Georgia State University,Piedmont Park,casual
R102806,2026-06-28 20:47:00,2026-06-28 21:04:37,Ponce City Market,Midtown MARTA,member
R102606,2026-06-26 10:56:00,26-Jun-2026 11:21,Ponce City Market,Atlantic Station,casual
R104679,2026-07-17 05:54:00,07/17/2026 06:08,Centennial Olympic Park,Atlantic Station,member
R102370,2026-06-24 03:40:00,2026-06-24 03:48:56,PIEDMONT PARK,Krog Street Market,member
R101016,2026-06-11 22:40:00,11-Jun-2026 22:51,Midtown MARTA,Ponce City Market,member
R105961,2026-07-30 19:40:00,2026-07-30 19:58:37,LITTLE FIVE POINTS,Ponce City Market,member
R105600,2026-07-26 17:36:00,2026-07-26 17:54:37,Midtown MARTA,Ponce City Market,casual
R101215,2026-06-12 08:30:00,2026-06-12 08:37:42,Georgia State University,Piedmont Park,member
R104945,07/20/2026 16:18,2026-07-20 16:46:09,Centennial Olympic Pk,Ponce City Market,casual
R101350,2026-06-14 15:42:00,2026-06-14 15:48:55,Ponce City Market,West End,member
R101285,2026-06-13 10:01:00,06/13/2026 10:18,Midtown MARTA,Atlantic Station,member
R103583,2026-07-07 17:11:00,2026-07-07 17:26:20,CENTENNIAL OLYMPIC PARK,Georgia State University,member
R101495,06/15/2026 22:08,2026-06-15 22:18:59,Georgia State University,Midtown MARTA,casual
R103896,10-Jul-2026 06:50,07/10/2026 06:57,Midtown MARTA,Centennial Olympic Park,member
R102865,2026-06-29 10:23:00,06/29/2026 10:36,Centennial Olympic Park,Midtown MARTA,casual
R105896,2026-07-29 21:04:00,29-Jul-2026 21:22,centennial olympic park,ponce city market,member
R105702,27-Jul-2026 09:58,2026-07-27 10:07:33,Midtown MARTA,Little Five Points,casual
R102542,06/25/2026 19:25,2026-06-25 19:52:24,Ponce City Market,Centennial Olympic Park,casual
R100055,2026-06-01 13:56:00,2026-06-01 14:08:52,Centennial Olympic Park,PONCE CITY MARKET,member
R101136,06/12/2026 07:32,2026-06-12 07:45:50,Georgia State University,Little Five Points,member
R101441,15-Jun-2026 05:17,2026-06-15 05:31:46,Ponce City Market,West End,member
R104644,2026-07-17 16:00:00,07/17/2026 16:07,midtown marta,PIEDMONT PARK,member
R101523,15-Jun-2026 17:25,2026-06-15 17:38:31,Centennial Olympic Park,Atlantic Station,member
R102249,2026-06-23 07:07:00,06/23/2026 07:37,Midtown MARTA,Ponce City Market,casual
R102232,06/22/2026 21:04,2026-06-22 21:09:44,Centennial Olympic Park,Atlantic Station,member
R100505,2026-06-05 17:47:00,2026-06-05 17:57:41,West End,Georgia State University,member
R103154,02-Jul-2026 10:48,2026-07-02 11:02:15,georgia state university,Ponce City Market,member
R101364,2026-06-14 09:36:00,2026-06-14 10:01:48,Georgia State University,Midtown MARTA,casual
R100888,2026-06-09 19:50:00,06/09/2026 20:28,Midtown MARTA,Ponce City Market,casual
R102666,06/27/2026 14:56,2026-06-27 15:04:26,Midtown MARTA,ATLANTIC STATION,casual
R100441,06/05/2026 16:06,2026-06-05 16:14:58,Ponce City Market,Piedmont Park,member
R105472,07/25/2026 14:55,2026-07-25 15:12:33,Georgia State University,West End,
R103961,10-Jul-2026 19:16,2026-07-10 19:29:11,ponce city market,Midtown MARTA,member
R104854,2026-07-19 08:46:00,07/19/2026 08:57,Ponce City Market,GEORGIA STATE UNIVERSITY,member
R103459,07/05/2026 10:30,2026-07-05 10:44:50,Midtown MARTA,Ponce City Market,casual
R104428,2026-07-15 17:47:00,07/15/2026 17:55,Ponce City Market,Centennial Olympic Park,member
R102456,2026-06-25 15:17:00,06/25/2026 15:21,Midtown MARTA,Krog Street Market,member
R104051,2026-07-11 16:08:00,2026-07-11 16:22:36,Piedmont Park,  Krog Street Market ,casual
R105828,2026-07-29 22:23:00,2026-07-29 22:32:52,Midtown MARTA,Ponce City Market,member
R103002,06/30/2026 09:14,2026-06-30 09:27:20,Atlantic Station,Georgia State University,member
R102237,2026-06-22 17:28:00,2026-06-22 17:34:53,Ponce City Market,West End,member
R100859,06/09/2026 15:34,06/09/2026 15:38,Midtown MARTA,ponce city market,member
R101610,2026-06-17 09:46:00,2026-06-17 09:37:00,Midtown MARTA,Atlantic Station,member
R102511,2026-06-25 07:47:00,2026-06-25 08:01:48,Krog Street Market,Centennial Olympic Park,member
R100235,2026-06-03 15:39:00,2026-06-03 15:46:56,MIDTOWN MARTA,Piedmont Park,member
R103946,2026-07-10 07:20:00,07/10/2026 07:34,midtown marta,Ponce City Market,member
R104746,2026-07-18 09:40:00,2026-07-18 10:04:07,Georgia State University,midtown marta,casual
R100376,04-Jun-2026 18:19,2026-06-04 18:30:06,Centennial Olympic Park,Piedmont Park,member
R103051,2026-07-01 07:29:00,2026-07-01 07:36:09,georgia state university,West End,member
R104598,07/17/2026 07:21,07/17/2026 07:47,  Georgia State University ,Ponce City Market,casual
R103812,09-Jul-2026 18:03,07/09/2026 18:21,PONCE CITY MARKET,piedmont park,casual
R103082,2026-07-01 07:47:00,2026-07-01 07:59:31,Piedmont Park,Midtown MARTA,member
R105780,2026-07-28 18:27:00,28-Jul-2026 18:51,Georgia State University,Grant Park,casual
R105771,2026-07-28 16:15:00,28-Jul-2026 16:41,Krog Street Market,Little Five Points,casual
R103955,2026-07-10 07:03:00,2026-07-10 07:28:29,Midtown MARTA,Ponce City Market,casual
R103101,07/02/2026 17:40,07/02/2026 17:54,Grant Park,Midtown MARTA,member
R102665,2026-06-27 07:31:00,06/27/2026 07:41,Ponce City Market,Georgia State University,member
R103145,2026-07-02 11:17:00,07/02/2026 11:30,Little Five Points,Midtown MARTA,member
R100133,2026-06-02 16:00:00,2026-06-02 16:13:42,Ponce City Market,Midtown MARTA,member
R100772,08-Jun-2026 19:30,08-Jun-2026 19:49,Atlantic Station,Georgia State University,casual
R104959,07/20/2026 18:39,2026-07-20 18:46:27,Georgia State University,Centennial Olympic Park,member
R100862,2026-06-09 08:32:00,2026-06-09 08:42:39,Grant Park,  Georgia State University ,member
R101325,06/13/2026 11:14,2026-06-13 11:26:57,Georgia State University,MIDTOWN MARTA,member
R101135,2026-06-12 09:28:00,06/12/2026 09:36,  Midtown MARTA ,Georgia State University,member
R104086,2026-07-11 15:07:00,2026-07-11 15:18:09,Ponce City Market,ATLANTIC STATION,member
R105575,2026-07-26 14:25:00,2026-07-26 14:36:36,Centennial Olympic Park,Ponce City Market,casual
R103115,07/02/2026 05:32,2026-07-02 05:56:15,Centennial Olympic Park,Midtown MARTA,casual
R104667,07/17/2026 07:49,2026-07-17 08:01:00,PONCE CITY MARKET,Krog Street Market,member
R105305,07/23/2026 09:46,2026-07-23 10:08:03,Georgia State University,Ponce City Market,casual
R105157,2026-07-22 20:42:00,2026-07-22 20:57:11,Ponce City Market,Georgia State University,casual
R104177,13-Jul-2026 15:54,2026-07-13 16:12:38,centennial olympic park,Georgia State University,casual
R105099,2026-07-21 08:26:00,07/21/2026 08:38,  Atlantic Station ,Centennial Olympic Park,member
R100411,2026-06-04 05:55:00,06/04/2026 06:04,Midtown MARTA,Ponce City Market,member
R105849,2026-07-29 11:55:00,07/29/2026 11:59,Centennial Olympic Park,Krog Street Market,member
R103395,07/05/2026 13:18,2026-07-05 13:50:07,Piedmont Park,Georgia State University,casual
R102359,24-Jun-2026 11:58,2026-06-24 11:59:22,Midtown MARTA,Ponce City Market,casual
R100677,07-Jun-2026 20:55,2026-06-07 21:23:03,Ponce City Market,Krog Street Market,casual
R100537,2026-06-06 04:10:00,2026-06-06 04:34:08,West End,Midtown MARTA,casual
R105209,2026-07-22 05:27:00,2026-07-22 05:57:44,Georgia State University,Midtown MARTA,casual
R103223,2026-07-03 12:06:00,07/03/2026 12:22,atlantic station,Georgia State University,member
R100992,2026-06-10 07:23:00,2026-06-10 07:35:09,midtown marta,PIEDMONT PARK,member
R102546,2026-06-25 17:07:00,25-Jun-2026 17:13,Midtown MARTA,Ponce City Market,member
R103964,2026-07-10 16:31:00,10-Jul-2026 16:43,Ponce City Market,Centennial Olympic Park,member
R104444,2026-07-15 16:04:00,2026-07-15 16:25:26,Little Five Points,Piedmont Park,member
R101103,2026-06-11 20:06:00,2026-06-11 20:14:29,centennial olympic park,Midtown MARTA,member
R105691,27-Jul-2026 05:00,2026-08-16 05:00:00,Ponce City Market,georgia state university,member
R101260,2026-06-13 22:40:00,06/13/2026 22:54,Centennial Olympic Park,Midtown MARTA,casual
R102913,06/29/2026 00:05,06/29/2026 00:14,Midtown MARTA,  Ponce City Market ,member
R105031,2026-07-21 12:49:00,21-Jul-2026 13:00,Piedmont Park,Atlantic Station,member
R104755,18-Jul-2026 10:08,2026-07-18 10:27:50,Piedmont Park,Midtown MARTA,casual
R102109,2026-06-21 15:41:00,2026-06-21 16:10:30,Centennial Olympic Park,Midtown MARTA,casual
R102644,2026-06-26 17:52:00,06/26/2026 18:30,Krog Street Market,Georgia State University,casual
R103167,07/02/2026 17:02,2026-07-02 17:16:03,Krog Street Market,Ponce City Market,member
R100768,2026-06-08 08:45:00,2026-06-08 09:33:46,centennial olympic park,ATLANTIC STATION,casual
R104697,2026-07-18 08:06:00,2026-07-18 08:06:00,centennial olympic park,centennial olympic park,member
R101920,19-Jun-2026 17:22,19-Jun-2026 17:35,midtown marta,Krog Street Market,member
R105888,2026-07-29 19:35:00,07/29/2026 19:48,Atlantic Station,Centennial Olympic Park,member
R103801,2026-07-09 15:37:00,2026-07-09 15:49:40,Piedmont Park,Georgia State University,member
R105983,2026-07-30 21:37:00,2026-07-30 21:41:55,Georgia State University,Grant Park,member
R100634,2026-06-07 14:45:00,2026-06-07 14:55:50,Ponce City Market,Georgia State University,member
R102403,2026-06-24 13:30:00,2026-06-24 13:36:37,Midtown MARTA,Piedmont Park,member
R102944,2026-06-29 18:35:00,06/29/2026 18:45,Piedmont Park,Midtown MARTA,member
R105970,2026-07-30 16:47:00,2026-07-30 16:57:34,Midtown MARTA,Atlantic Station,member
R104094,2026-07-12 13:23:00,07/12/2026 13:57,Midtown MARTA,Centennial Olympic Park,casual
R105651,07/27/2026 08:39,2026-07-27 08:48:11,Midtown MARTA,Georgia State University,member
R102918,2026-06-29 17:15:00,06/29/2026 17:40,  Little Five Points ,Midtown MARTA,casual
R104377,2026-07-15 15:59:00,2026-07-15 16:13:56,Midtown MARTA,Atlantic Station,member
R104675,2026-07-17 12:34:00,2026-07-17 13:13:30,  Piedmont Park ,Krog Street Market,casual
R105175,2026-07-22 10:42:00,2026-07-22 10:59:18,atlantic station,Ponce City Market,member
R103052,2026-07-01 15:06:00,2026-07-01 15:36:36,Ponce City Market,Midtown MARTA,casual
R103533,07/06/2026 19:48,2026-07-06 20:18:18,centennial olympic park,Midtown MARTA,casual
R101196,2026-06-12 08:16:00,2026-06-12 08:22:23,midtown marta,Centennial Olympic Park,member
R102304,2026-06-23 13:21:00,23-Jun-2026 13:33,Midtown MARTA,Ponce City Market,member
R102669,27-Jun-2026 15:37,06/27/2026 15:53,Midtown MARTA,Georgia State University,casual
R104564,2026-07-16 13:37:00,2026-07-16 13:43:00,Midtown MARTA,Centennial Olympic Park,member
R105743,2026-07-28 22:45:00,2026-07-28 22:52:42,Midtown MARTA,Atlantic Station,member
R103626,2026-07-07 08:11:00,2026-07-07 08:16:18,Midtown MARTA,Ponce City Market,member
R102966,2026-06-30 15:54:00,06/30/2026 16:03,West End,Grant Park,casual
R100695,2026-06-07 17:27:00,2026-06-07 17:40:32,krog street market,Georgia State University,member
R103429,07/05/2026 10:38,2026-07-05 11:14:07,Midtown MARTA,CENTENNIAL OLYMPIC PARK,casual
R101981,2026-06-20 13:07:00,2026-06-20 13:22:26,Ponce City Market,Midtown MARTA,casual
R101817,06/19/2026 17:31,2026-06-19 17:38:48,Midtown MARTA,Centennial Olympic Park,member
R101416,2026-06-15 09:03:00,2026-06-15 09:21:43,Ponce City Market,Midtown MARTA,member
R101599,2026-06-16 12:54:00,2026-06-16 13:01:28,Georgia State University,Midtown MARTA,member
R105602,2026-07-26 03:19:00,07/26/2026 03:56,Georgia State University,CENTENNIAL OLYMPIC PARK,casual
R103345,07/04/2026 06:46,2026-07-04 07:21:34,Midtown MARTA,Grant Park,casual
R100269,06/03/2026 14:43,03-Jun-2026 14:52,PONCE CITY MARKET,Piedmont Park,member
R103663,08-Jul-2026 14:25,2026-07-08 14:51:50,Midtown MARTA,Centennial Olympic Park,casual
R100309,03-Jun-2026 18:03,2026-06-03 18:15:28,Midtown MARTA,Centennial Olympic Park,member
R103917,2026-07-10 11:10:00,2026-07-10 11:23:04,Midtown MARTA,georgia state university,member
R100008,2026-06-01 20:16:00,06/01/2026 20:17,Midtown MARTA,Centennial Olympic Park,member
R100928,2026-06-10 08:19:00,2026-06-10 08:26:28,Ponce City Market,Midtown MARTA,member
R100898,2026-06-09 18:50:00,2026-06-09 18:56:57,Midtown MARTA,Georgia State University,member
R102997,06/30/2026 12:01,06/30/2026 12:26,  Midtown MARTA ,Ponce City Market,casual
R105785,2026-07-28 12:11:00,07/28/2026 12:28,Georgia State University,Midtown MARTA,member
R103686,2026-07-08 11:01:00,2026-07-08 11:07:47,Centennial Olympic Park,Midtown MARTA,member
R105351,2026-07-24 09:56:00,2026-07-24 10:15:07,Georgia State University,  Grant Park ,member
R101582,2026-06-16 18:02:00,16-Jun-2026 18:14,Centennial Olympic Park,Midtown MARTA,member
R105288,07/23/2026 17:27,23-Jul-2026 17:33,Georgia State University,Midtown MARTA,member
R102410,06/24/2026 16:09,2026-06-24 16:13:41,Ponce City Market,centennial olympic park,member
R100047,01-Jun-2026 07:50,2026-06-01 08:00:49,Atlantic Station,Ponce City Market,member
R104454,2026-07-15 19:35:00,2026-07-15 19:54:21,Georgia State University,,member
R100301,2026-06-03 08:52:00,2026-06-03 09:06:17,Midtown MARTA,,member
R101392,2026-06-14 12:40:00,2026-06-14 12:51:45,Ponce City Market,Georgia State University,member
R104554,2026-07-16 17:13:00,2026-07-16 17:41:36,Ponce City Market,Midtown MARTA,casual
R103617,2026-07-07 15:40:00,07-Jul-2026 15:47,Georgia State University,Midtown MARTA,
R101419,2026-06-15 07:23:00,2026-06-15 07:54:04,KROG STREET MARKET,Ponce City Market,casual
R104395,07/15/2026 00:08,15-Jul-2026 00:36,centennial olympic park,Georgia State University,casual
R104087,2026-07-11 18:51:00,2026-07-11 19:04:22,midtown marta,Centennial Olympic Park,member
R101989,06/20/2026 15:55,2026-06-20 16:02:47,Midtown MARTA,Georgia State University,member
R103892,09-Jul-2026 05:45,2026-07-09 06:07:14,  Midtown MARTA ,Ponce City Market,member
R103252,07/03/2026 17:13,2026-07-03 17:28:50,CENTENNIAL OLYMPIC PARK,GEORGIA STATE UNIVERSITY,member
R104577,2026-07-17 06:16:00,2026-07-17 06:29:35,Centennial Olympic Park,Ponce City Market,member
R101021,2026-06-11 19:33:00,2026-06-11 19:40:21,Ponce City Market,Midtown MARTA,member
R104609,2026-07-17 00:35:00,07/17/2026 00:39,Midtown MARTA,Ponce City Market,member
R102907,2026-06-29 11:26:00,06/29/2026 11:39,Ponce City Market,midtown marta,casual
R103538,06-Jul-2026 14:09,2026-07-06 14:16:54,MIDTOWN MARTA,Ponce City Market,member
R103327,2026-07-04 18:29:00,2026-07-04 18:47:00,  Ponce City Market ,Midtown MARTA,casual
R101477,15-Jun-2026 07:57,06/15/2026 08:26,Georgia State University,  Ponce City Market ,casual
R104811,2026-07-19 08:05:00,2026-07-19 08:17:31,Midtown MARTA,Ponce City Market,member
R100331,2026-06-04 08:00:00,2026-06-04 08:10:14,Midtown MARTA,Piedmont Pk,member
R102866,2026-06-29 06:17:00,06/29/2026 06:39,Ponce City Market,krog street market,member
R105043,07/21/2026 11:35,2026-07-21 11:50:23,Ponce City Market,Midtown MARTA,member
R102090,2026-06-21 17:36:00,2026-06-21 17:44:10,Ponce City Market,Georgia State University,casual
R104657,07/17/2026 11:21,2026-07-17 11:34:51,Centennial Olympic Park,Georgia State University,member
R100101,2026-06-01 16:07:00,2026-06-01 16:18:34,Ponce City Market,Georgia State University,casual
R101091,2026-06-11 18:39:00,06/11/2026 18:42,Midtown MARTA,Krog Street Market,member
R105115,21-Jul-2026 22:16,21-Jul-2026 22:45,  Georgia State University ,Midtown MARTA,casual
R102833,06/28/2026 14:38,2026-06-28 14:45:44,Georgia State University,Krog Street Market,casual
R104616,17-Jul-2026 07:17,2026-07-17 07:36:59,  Krog Street Market ,Midtown MARTA,member
R101579,2026-06-16 18:12:00,06/16/2026 18:19,Midtown MARTA,WEST END,casual
R105382,2026-07-24 15:22:00,2026-07-24 15:35:23,Centennial Olympic Park,Piedmont Pk,member
R102271,06/23/2026 01:28,2026-06-23 01:43:51,Midtown MARTA,Ponce City Market,member
R103869,2026-07-09 07:07:00,2026-07-09 07:21:54,Centennial Olympic Park,Georgia State University,member
R104620,2026-07-17 15:23:00,2026-07-17 15:33:32,Ponce City Market,Piedmont Park,member
R103943,2026-07-10 17:22:00,2026-07-10 17:55:42,Centennial Olympic Park,Ponce City Market,casual
R102874,2026-06-29 17:37:00,2026-06-29 18:07:55,Centennial Olympic Park,Georgia State University,casual
R100199,2026-06-02 16:28:00,2026-06-02 16:59:58,Atlantic Station,Piedmont Park,casual
R104700,2026-07-18 15:21:00,2026-07-18 16:07:04,  Midtown MARTA ,Georgia State University,casual
R100131,2026-06-02 21:13:00,2026-06-02 21:26:22,Midtown MARTA,Centennial Olympic Park,member
R105555,2026-07-26 12:24:00,2026-07-26 12:37:03,Ponce City Market,Midtown MARTA,member
R105967,2026-07-30 07:22:00,2026-07-30 07:36:53,Georgia State University,Ponce City Market,member
R105143,2026-07-21 16:26:00,2026-07-21 16:34:45,Georgia State University,  Ponce City Market ,member
R100439,05-Jun-2026 17:28,06/05/2026 17:37,  Ponce City Market ,  Georgia State University ,member
R105581,26-Jul-2026 16:47,2026-07-26 17:03:52,Midtown MARTA,Ponce City Market,casual
R103407,07/05/2026 00:58,2026-07-05 01:15:30,Midtown MARTA,Ponce City Market,casual
R101032,2026-06-11 17:06:00,06/11/2026 17:16,ponce city market,Little Five Points,member
R101737,06/18/2026 11:00,2026-06-18 11:16:53,Ponce City Market,Midtown MARTA,member
R104245,2026-07-13 00:30:00,2026-07-13 00:47:48,Midtown MARTA,Ponce City Market,member
R104537,07/16/2026 09:40,16-Jul-2026 09:42,Atlantic Station,  Georgia State University ,
R102628,2026-06-26 18:07:00,2026-06-26 18:42:30,West End,Centennial Olympic Pk,casual
R100357,2026-06-04 17:45:00,2026-06-04 18:00:45,Midtown MARTA,Ponce City Market,member
R104785,2026-07-18 16:30:00,2026-07-18 16:43:20,GEORGIA STATE UNIVERSITY,Ponce City Market,member
R101130,2026-06-12 20:55:00,2026-06-12 21:06:51,Ponce City Market,Midtown MARTA,member
R101234,2026-06-12 02:51:00,2026-06-12 03:08:00,Georgia State University,Midtown MARTA,member
R102031,2026-06-21 07:05:00,2026-06-21 07:24:01,Atlantic Station,Ponce City Market,casual
R104823,07/19/2026 15:02,07/19/2026 15:06,midtown marta,Ponce City Market,member
R104528,2026-07-16 05:53:00,07/16/2026 06:05,West End,Centennial Olympic Park,member
R100740,2026-06-08 07:02:00,06/08/2026 07:11,Centennial Olympic Park,Ponce City Market,casual
R101492,2026-06-15 16:30:00,2026-06-15 16:52:19,Ponce City Market,GEORGIA STATE UNIVERSITY,casual
R103085,2026-07-01 10:25:00,2026-07-01 11:00:20,Ponce City Market,MIDTOWN MARTA,casual
R101018,2026-06-11 13:51:00,11-Jun-2026 13:55,Georgia State University,Ponce City Market,member
R103782,2026-07-09 16:29:00,2026-07-09 16:59:44,  Georgia State University ,Ponce City Market,casual
R100050,01-Jun-2026 16:09,2026-06-01 16:14:26,Centennial Olympic Park,Georgia State University,member
R102860,2026-06-29 11:54:00,06/29/2026 12:12,Ponce City Market,ATLANTIC STATION,casual
R101678,06/17/2026 04:41,2026-06-17 04:52:04,Midtown MARTA,West End,member
R102192,2026-06-22 09:21:00,2026-06-22 09:33:50,Piedmont Park,Atlantic Station,member
R102042,2026-06-21 17:37:00,06/21/2026 17:58,Atlantic Station,Piedmont Park,casual
R104906,07/19/2026 01:52,2026-07-19 01:56:31,Georgia State University,Midtown MARTA,member
R100871,2026-06-09 10:58:00,2026-06-09 11:05:58,Piedmont Park,Centennial Olympic Park,member
R102811,2026-06-28 17:36:00,2026-06-28 18:08:24,Atlantic Station,Midtown MARTA,casual
R104287,14-Jul-2026 09:38,2026-07-14 10:05:23,Ponce City Market,Krog Street Market,casual
R100997,2026-06-10 07:37:00,2026-06-10 07:53:01,MIDTOWN MARTA,Krog Street Market,member
R104095,12-Jul-2026 12:34,2026-07-12 12:49:59,Centennial Olympic Park,Georgia State University,member
R100098,2026-06-01 10:48:00,2026-06-01 11:02:58,Krog Street Market,Centennial Olympic Park,member
R104853,07/19/2026 14:59,07/19/2026 15:12,Midtown MARTA,Centennial Olympic Park,member
R100272,06/03/2026 13:51,03-Jun-2026 14:13,Atlantic Station,Piedmont Park,casual
R102657,2026-06-26 10:09:00,2026-06-26 10:41:24,Ponce City Market,Midtown MARTA,casual
R104590,2026-07-17 08:56:00,2026-07-17 09:04:09,Georgia State University,  Ponce City Market ,member
R100652,06/07/2026 09:23,07-Jun-2026 09:45,piedmont park,Ponce City Market,casual
R100932,2026-06-10 07:36:00,2026-06-10 07:44:08,Georgia State University,Midtown MARTA,member
R104202,2026-07-13 07:40:00,2026-07-13 07:50:11,Ponce City Market,Georgia State University,member
R102185,2026-06-22 19:13:00,22-Jun-2026 19:25,Ponce City Market,Midtown MARTA,member
R104403,2026-07-15 12:05:00,2026-07-15 12:15:29,Midtown MARTA,Centennial Olympic Park,member
R100375,2026-06-04 11:01:00,06/04/2026 11:14,Krog Street Market,,member
R102100,06/21/2026 19:52,2026-07-01 19:52:00,Midtown MARTA,Georgia State University,member
R104077,2026-07-11 12:15:00,2026-07-11 12:35:38,Piedmont Park,Georgia State University,member
R100084,2026-06-01 12:06:00,2026-06-13 12:06:00,Ponce City Market,Midtown MARTA,member
R100354,06/04/2026 08:43,2026-06-04 08:51:18,Midtown MARTA,  Georgia State University ,member
R104730,2026-07-18 06:39:00,2026-07-18 07:17:57,Georgia State University,Atlantic Station,casual
R104426,2026-07-15 06:31:00,2026-07-15 07:11:17,Centennial Olympic Park,Piedmont Park,casual
R104339,14-Jul-2026 18:24,14-Jul-2026 18:38,Ponce City Market,Midtown MARTA,member
R101335,06/14/2026 06:44,2026-06-14 06:58:14,CENTENNIAL OLYMPIC PARK,  Ponce City Market ,member
R100793,2026-06-08 14:53:00,06/08/2026 15:27,Krog Street Market,Atlantic Station,casual
R103889,2026-07-09 11:13:00,09-Jul-2026 11:18,Centennial Olympic Park,Piedmont Park,member
R105200,2026-07-22 06:49:00,22-Jul-2026 06:57,Little Five Points,Centennial Olympic Park,member
R105768,2026-07-28 21:26:00,2026-07-28 21:35:53,Little Five Points,  Krog Street Market ,member
R100580,06-Jun-2026 02:17,2026-06-06 02:24:25,Ponce City Market,midtown marta,member
R101225,2026-06-12 07:54:00,12-Jun-2026 08:05,MIDTOWN MARTA,Atlantic Station,member
R104232,07/13/2026 08:44,2026-07-13 08:57:07,Georgia State University,Ponce City Market,member
R103399,2026-07-05 03:00:00,2026-07-05 03:03:06,Midtown MARTA,georgia state university,member
R102440,24-Jun-2026 05:56,06/24/2026 06:44,  Georgia State University ,Ponce City Market,casual
R101442,2026-06-15 08:41:00,2026-06-15 08:47:56,Ponce City Market,Grant Pk,member
R102470,2026-06-25 08:06:00,2026-06-25 08:25:36,ponce city market,Centennial Olympic Park,casual
R104614,07/17/2026 18:32,2026-07-17 18:40:13,Midtown MARTA,Grant Park,member
R100134,06/02/2026 18:50,2026-06-02 19:17:27,Ponce City Market,Georgia State University,casual
R102861,2026-06-29 16:01:00,29-Jun-2026 16:13,Midtown MARTA,Georgia State University,member
R100436,06/05/2026 18:32,05-Jun-2026 18:54,Georgia State University,WEST END,
R100314,2026-06-04 23:43:00,2026-06-11 23:43:00,Atlantic Station,Piedmont Park,casual
R105236,2026-07-22 19:46:00,2026-07-22 19:54:12,Midtown MARTA,Little Five Points,member
R105826,07/29/2026 18:42,2026-07-29 18:52:43,Midtown MARTA,PIEDMONT PARK,member
R101702,2026-06-17 14:51:00,06/17/2026 14:55,Midtown MARTA,Atlantic Station,member
R103473,2026-07-06 09:51:00,2026-07-06 10:07:04,PONCE CITY MARKET,Midtown MARTA,member
R104022,11-Jul-2026 12:07,07/11/2026 12:17,Georgia State University,Centennial Olympic Park,member
R105784,07/28/2026 05:24,2026-07-28 05:33:57,Midtown MARTA,Krog St. Market,member
R101986,2026-06-20 20:27:00,2026-06-20 20:47:21,  Midtown MARTA ,Georgia State University,casual
R105653,2026-07-27 09:40:00,2026-07-27 09:45:04,Georgia State University,Midtown MARTA,member
R102730,2026-06-27 14:52:00,2026-06-27 15:01:58,Midtown MARTA,Centennial Olympic Park,member
R105182,2026-07-22 06:57:00,2026-07-22 07:13:34,Atlantic Station,Georgia State University,member
R102876,2026-06-29 14:31:00,29-Jun-2026 15:05,Midtown MARTA,Ponce City Market,casual
R100822,2026-06-09 10:31:00,06/09/2026 10:41,Ponce City Market,Centennial Olympic Park,member
R104997,2026-07-20 08:06:00,2026-07-20 08:16:37,Ponce City Market,Grant Park,member
R102790,2026-06-28 12:19:00,2026-06-28 12:31:51,GEORGIA STATE UNIVERSITY,Ponce City Market,member
R102889,2026-06-29 15:16:00,2026-06-29 15:23:29,Midtown MARTA,CENTENNIAL OLYMPIC PARK,member
R104018,2026-07-11 12:44:00,2026-07-11 13:01:07,Krog Street Market,Atlantic Station,casual
R103818,2026-07-09 05:15:00,2026-07-09 05:14:00,MIDTOWN MARTA,Centennial Olympic Park,member
R103247,2026-07-03 07:34:00,2026-07-03 07:46:24,Ponce City Market,Midtown MARTA,member
R102775,2026-06-28 17:33:00,06/28/2026 18:02,  Georgia State University ,Centennial Olympic Park,casual
R103633,2026-07-07 08:58:00,07-Jul-2026 09:01,Midtown MARTA,Ponce City Market,member
R100585,06/06/2026 15:57,2026-06-06 16:12:28,Ponce City Market,Georgia State University,member
R101112,11-Jun-2026 06:12,2026-06-11 06:24:53,Midtown MARTA,Georgia State University,member
R103432,07/05/2026 11:05,05-Jul-2026 11:38,Midtown MARTA,Ponce City Market,casual
R105816,2026-07-29 17:52:00,07/29/2026 17:56,Ponce City Market,Midtown MARTA,casual
R102241,2026-06-23 17:49:00,23-Jun-2026 18:03,Ponce City Market,  Midtown MARTA ,member
R100318,2026-06-04 14:10:00,2026-06-04 14:23:10,Georgia State University,Centennial Olympic Park,member
R101733,2026-06-18 18:35:00,18-Jun-2026 18:38,Centennial Olympic Park,Ponce City Market,member
R104192,2026-07-13 16:16:00,07/13/2026 16:17,Ponce City Market,Georgia State University,casual
R101496,06/15/2026 18:02,2026-06-15 18:14:29,  Atlantic Station ,Midtown MARTA,member
R103094,2026-07-01 15:18:00,2026-07-01 15:33:28,GEORGIA STATE UNIVERSITY,Centennial Olympic Park,member
R100949,2026-06-10 13:04:00,2026-06-10 13:13:25,Georgia State University,Ponce City Market,member
R101273,2026-06-13 09:11:00,2026-06-13 09:40:30,Midtown MARTA,Georgia State University,casual
R100964,2026-06-10 10:13:00,2026-06-10 10:25:51,Midtown MARTA,Krog Street Market,member
R105208,2026-07-22 18:05:00,2026-07-22 18:16:15,Ponce City Market,Centennial Olympic Park,member
R104774,2026-07-18 12:01:00,2026-07-18 12:19:17,Centennial Olympic Park,Georgia State University,casual
R100937,06/10/2026 07:40,2026-06-10 07:51:25,Midtown MARTA,Centennial Olympic Park,member
R104106,12-Jul-2026 15:27,2026-07-12 15:26:00,  West End ,Midtown MARTA,casual
R103428,2026-07-05 16:59:00,2026-07-05 17:21:16,Centennial Olympic Pk,West End,casual
R100286,2026-06-03 19:18:00,03-Jun-2026 19:35,Atlantic Station,Midtown MARTA,member
R103184,2026-07-02 17:20:00,07/02/2026 17:25,Centennial Olympic Park,Krog Street Market,member
R103093,2026-07-01 09:11:00,2026-07-01 09:19:15,PIEDMONT PARK,Ponce City Market,member
R102975,2026-06-30 07:38:00,2026-06-30 07:49:39,  Georgia State University ,Little Five Points,member
R101150,2026-06-12 17:07:00,2026-06-12 17:26:06,Midtown MARTA,Ponce City Market,member
R104999,2026-07-20 07:31:00,2026-07-20 07:39:22,Midtown MARTA,Ponce City Market,member
R101300,06/13/2026 09:47,06/13/2026 10:16,Georgia State University,KROG STREET MARKET,casual
R104790,2026-07-18 07:39:00,2026-07-18 07:58:32,Centennial Olympic Park,Georgia State University,member
R103069,2026-07-01 13:48:00,2026-07-01 13:57:30,Ponce City Market,  Midtown MARTA ,member
R101927,2026-06-19 12:33:00,06/19/2026 12:51,Centennial Olympic Park,Ponce City Market,member
R100565,2026-06-06 10:32:00,2026-06-06 10:40:08,Georgia State University,Ponce City Market,member
R101627,17-Jun-2026 18:47,2026-06-17 19:21:09,Grant Park,Piedmont Park,casual
R102527,2026-06-25 02:49:00,2026-06-25 03:06:45,midtown marta,Centennial Olympic Park,casual
R101697,2026-06-17 13:03:00,17-Jun-2026 13:09,Midtown MARTA,Grant Park,member
R103374,04-Jul-2026 15:26,2026-07-04 15:42:27,Ponce City Market,Georgia State University,casual
R100597,06/07/2026 13:29,07-Jun-2026 13:37,Ponce City Market,CENTENNIAL OLYMPIC PARK,member
R103520,2026-07-06 20:10:00,07/06/2026 20:19,  Midtown MARTA ,centennial olympic park,member
R101270,2026-06-13 07:53:00,2026-06-13 07:59:08,Atlantic Station,Midtown MARTA,casual
R102469,2026-06-25 18:29:00,2026-06-25 18:44:38,Georgia State University,Ponce City Market,member
R100435,2026-06-05 18:37:00,2026-06-05 18:45:05,Krog Street Market,Midtown MARTA,member
R102287,2026-06-23 07:25:00,2026-06-23 08:10:07,Grant Park,Atlantic Station,casual
R101418,2026-06-15 20:41:00,2026-06-15 20:47:29,Midtown MARTA,Georgia State University,member
R100145,2026-06-02 07:29:00,2026-06-02 07:38:37,Georgia State University,Krog Street Market,member
R104244,2026-07-13 07:22:00,07/13/2026 07:33,Midtown MARTA,Ponce City Market,member
R105929,2026-07-30 20:57:00,2026-07-30 21:00:10,Midtown MARTA,Krog Street Market,member
R102810,06/28/2026 11:58,06/28/2026 12:03,midtown marta,Centennial Olympic Park,casual
R101140,2026-06-12 11:13:00,2026-06-12 11:25:08,Centennial Olympic Pk,Piedmont Park,member
R103566,07/07/2026 07:48,2026-07-07 07:57:56,Georgia State University,ATLANTIC STATION,member
R101446,06/15/2026 13:12,2026-06-15 13:13:35,Midtown MARTA,Centennial Olympic Park,member
R102703,27-Jun-2026 17:33,27-Jun-2026 17:45,Georgia State University,Piedmont Park,member
R105875,07/29/2026 12:44,2026-07-29 12:56:34,Midtown MARTA,ATLANTIC STATION,member
R100770,2026-06-08 16:50:00,2026-06-08 17:20:08,Georgia State University,Midtown MARTA,casual
R101160,12-Jun-2026 03:57,2026-06-12 04:04:17,Midtown MARTA,Ponce City Market,member
R104809,19-Jul-2026 05:43,07/19/2026 06:04,Ponce City Market,Krog Street Market,casual
R104150,2026-07-12 16:29:00,2026-07-12 16:46:14,Georgia State University,Piedmont Park,casual
R103645,2026-07-07 15:42:00,2026-07-07 16:01:11,GEORGIA STATE UNIVERSITY,Grant Park,member
R103004,2026-06-30 08:25:00,06/30/2026 08:39,Georgia State University,Atlantic Station,casual
R102149,2026-06-22 20:24:00,2026-06-22 20:34:16,Centennial Olympic Park,Midtown MARTA,member
R100850,2026-06-09 07:43:00,2026-06-09 07:57:05,  Ponce City Market ,Centennial Olympic Pk,casual
R102445,2026-06-24 08:06:00,2026-06-24 08:20:31,Midtown MARTA,Little Five Points,member
R103778,2026-07-09 16:12:00,2026-07-09 16:26:33,Piedmont Park,Krog Street Market,member
R101067,2026-06-11 19:27:00,2026-06-11 19:39:07,Georgia State University,Ponce City Market,member
R104982,2026-07-20 06:06:00,2026-07-20 06:17:34,Krog Street Market,Centennial Olympic Park,member
R105810,07/29/2026 05:53,29-Jul-2026 06:08,ATLANTIC STATION,Midtown MARTA,member
R101367,2026-06-14 15:20:00,2026-06-14 15:31:55,Atlantic Station,MIDTOWN MARTA,casual
R103702,2026-07-08 20:44:00,2026-07-08 20:49:02,Midtown MARTA,PONCE CITY MARKET,member
R105328,2026-07-24 07:59:00,2026-07-24 08:13:01,Piedmont Park,Georgia State University,member
R102452,06/24/2026 14:48,2026-06-24 15:15:49,Midtown MARTA,Centennial Olympic Park,casual
R104637,2026-07-17 17:31:00,07/17/2026 17:49,PONCE CITY MARKET,Midtown MARTA,casual
R105833,2026-07-29 19:36:00,2026-07-29 19:59:32,little five points,Georgia State University,casual
R104750,07/18/2026 09:04,07/18/2026 09:39,Ponce City Market,MIDTOWN MARTA,casual
R102857,2026-06-29 02:48:00,2026-06-29 03:00:17,Georgia State University,ponce city market,member
R100676,2026-06-07 09:46:00,2026-06-07 09:49:18,Piedmont Park,Krog Street Market,member
R103839,2026-07-09 07:38:00,2026-07-09 08:08:53,  Piedmont Park ,Georgia State University,casual
R105088,2026-07-21 14:59:00,2026-07-21 15:31:00,Midtown MARTA,Krog Street Market,casual
R104506,2026-07-16 16:47:00,2026-07-16 17:08:11,centennial olympic park,Grant Park,casual
R100629,2026-06-07 14:23:00,2026-06-07 14:48:33,Midtown MARTA,Atlantic Station,casual
R101550,2026-06-16 12:14:00,2026-06-16 12:35:35,Krog Street Market,Midtown MARTA,casual
R103615,2026-07-07 19:19:00,2026-07-07 19:30:28,Centennial Olympic Park,Grant Park,member
R100228,06/03/2026 07:17,2026-06-03 07:25:21,Ponce City Market,Atlantic Station,member
R105404,2026-07-24 08:23:00,2026-07-24 08:45:32,Atlantic Station,Centennial Olympic Park,casual
R102264,2026-06-23 18:51:00,2026-06-23 19:04:37,Centennial Olympic Park,Piedmont Park,member
R104824,2026-07-19 10:43:00,19-Jul-2026 11:11,Midtown MARTA,Atlantic Station,casual
R101847,06/19/2026 19:39,2026-06-19 19:50:47,Piedmont Park,Atlantic Station,member
R103704,2026-07-08 17:41:00,2026-07-08 17:53:15,Atlantic Station,Midtown MARTA,member
R100284,2026-06-03 17:29:00,03-Jun-2026 17:44,Midtown MARTA,Georgia State University,member
R101026,2026-06-11 16:57:00,2026-06-11 17:10:26,midtown marta,Ponce City Market,member
R103744,2026-07-08 08:08:00,08-Jul-2026 08:20,Georgia State University,Midtown MARTA,member
R101925,2026-06-19 18:45:00,2026-06-19 18:58:09,Centennial Olympic Park,Midtown MARTA,member
R102732,2026-06-28 14:29:00,06/28/2026 14:46,Piedmont Park,Centennial Olympic Park,casual
R104423,2026-07-15 14:11:00,2026-07-15 14:28:05,PONCE CITY MARKET,Midtown MARTA,member
R102193,2026-06-22 14:52:00,06/22/2026 15:06,Midtown MARTA,Georgia State University,member
R101890,2026-06-19 14:05:00,2026-06-19 14:07:32,  Georgia State University ,Midtown MARTA,member
R103921,2026-07-10 18:40:00,07/10/2026 19:06,Ponce City Market,Centennial Olympic Park,casual
R102932,2026-06-29 07:55:00,06/29/2026 08:03,Centennial Olympic Park,Krog Street Market,member
R100427,06/05/2026 10:17,2026-06-05 10:22:14,Midtown MARTA,Georgia State University,member
R103081,2026-07-01 04:28:00,2026-07-01 04:39:22,Midtown MARTA,Atlantic Station,member
R101358,2026-06-14 15:44:00,2026-06-14 16:01:23,Ponce City Market,Midtown MARTA,member
R104243,2026-07-13 17:15:00,2026-07-30 17:15:00,  Midtown MARTA ,Georgia State University,casual
R100202,2026-06-02 08:10:00,2026-06-02 08:19:38,Midtown MARTA,Ponce City Market,casual
R101658,2026-06-17 07:19:00,2026-06-17 07:34:54,Ponce City Market,Centennial Olympic Park,member
R104363,2026-07-14 17:56:00,2026-07-14 18:10:04,Midtown MARTA,Ponce City Market,member
R104212,2026-07-13 08:38:00,07/13/2026 08:51,Georgia State University,Krog Street Market,member
R101921,2026-06-19 08:53:00,2026-06-19 09:00:28,MIDTOWN MARTA,Piedmont Park,casual
R105669,27-Jul-2026 15:54,2026-08-08 15:54:00,Piedmont Park,Atlantic Station,member
R103036,2026-07-01 21:58:00,2026-07-01 22:22:04,Georgia State University,Midtown MARTA,casual
R105954,2026-07-30 18:51:00,2026-07-30 19:11:58,Midtown MARTA,krog street market,casual
R102046,06/21/2026 09:41,2026-06-21 09:44:39,grant park,Piedmont Park,member
R100609,2026-06-07 11:35:00,2026-06-07 11:44:33,Atlantic Station,Ponce City Market,member
R102971,2026-06-30 07:45:00,2026-06-30 08:32:10,Georgia State University,Ponce City Market,casual
R103030,2026-07-01 05:49:00,2026-07-01 06:04:32,Ponce City Market,Midtown MARTA,member
R102763,2026-06-28 14:26:00,2026-06-28 14:37:07,Midtown MARTA,Little Five Points,member
R104098,2026-07-12 12:05:00,12-Jul-2026 12:33,Ponce City Market,Centennial Olympic Park,casual
R105381,2026-07-24 08:37:00,07/24/2026 08:49,  Centennial Olympic Park ,Ponce City Market,member
R105657,2026-07-27 17:54:00,07/27/2026 18:10,GEORGIA STATE UNIVERSITY,Midtown MARTA,member
R100201,2026-06-02 08:13:00,2026-06-02 08:44:01,midtown marta,Atlantic Station,casual
R103163,07/02/2026 11:01,2026-07-02 11:13:03,Midtown MARTA,Georgia State University,member
R102143,2026-06-22 16:20:00,2026-06-22 16:32:30,Midtown MARTA,Krog Street Market,member
R102464,06/25/2026 09:54,2026-06-25 10:01:36,Georgia State University,Ponce City Market,member
R101105,2026-06-11 06:22:00,2026-06-24 06:22:00,Midtown MARTA,Ponce City Market,member
R102850,28-Jun-2026 11:06,2026-06-28 11:19:25,Ponce City Market,Georgia State University,member
R101464,2026-06-15 05:52:00,2026-06-15 06:08:37,Centennial Olympic Park,Ponce City Market,casual
R105302,2026-07-23 08:06:00,07/23/2026 08:16,Centennial Olympic Park,Midtown MARTA,member
R101533,2026-06-16 19:58:00,16-Jun-2026 20:06,Atlantic Station,Georgia State University,member
R104531,07/16/2026 07:01,07/16/2026 07:15,piedmont park,Georgia State University,member
R102397,2026-06-24 19:37:00,06/24/2026 19:50,  Centennial Olympic Park ,Midtown MARTA,member
R104237,2026-07-13 12:11:00,2026-07-13 12:41:15,Midtown MARTA,Centennial Olympic Park,casual
R101912,06/19/2026 16:19,2026-06-19 16:47:11,MIDTOWN MARTA,georgia state university,casual
R100623,2026-06-07 00:58:00,07-Jun-2026 01:08,Georgia State University,Midtown MARTA,member
R101744,2026-06-18 18:04:00,2026-06-18 18:14:36,Piedmont Park,Centennial Olympic Park,member
R104908,07/19/2026 14:31,2026-07-19 14:56:31,Georgia State University,Atlantic Station,casual
R100524,2026-06-06 17:05:00,2026-06-06 17:13:17,Piedmont Pk,PONCE CITY MARKET,member
R102991,2026-06-30 15:10:00,2026-06-30 15:28:07,Midtown MARTA,Georgia State University,casual
R101088,2026-06-11 17:18:00,2026-06-11 17:20:25,CENTENNIAL OLYMPIC PARK,Midtown MARTA,member
R101295,2026-06-13 10:03:00,2026-06-13 10:31:23,CENTENNIAL OLYMPIC PARK,piedmont park,casual
R101672,17-Jun-2026 08:22,2026-06-17 08:37:51,Atlantic Station,West End,member
R103214,2026-07-03 06:31:00,2026-07-03 06:41:28,Atlantic Station,Centennial Olympic Park,member
R101399,2026-06-14 10:43:00,2026-06-14 10:49:58,GEORGIA STATE UNIVERSITY,centennial olympic park,member
R101466,2026-06-15 21:34:00,06/15/2026 21:45,CENTENNIAL OLYMPIC PARK,Georgia State University,member
R105185,2026-07-22 17:24:00,2026-07-22 17:39:57,Centennial Olympic Park,Atlantic Station,member
R102205,2026-06-22 08:28:00,22-Jun-2026 08:41,Ponce City Market,Piedmont Park,member
R101848,2026-06-19 17:30:00,19-Jun-2026 17:38,Grant Park,Centennial Olympic Park,member
R105566,2026-07-26 17:31:00,2026-07-26 17:51:39,Georgia State University,midtown marta,casual
R104723,2026-07-18 17:29:00,2026-07-18 17:48:39,Midtown MARTA,Grant Park,casual
R104348,2026-07-14 00:29:00,2026-07-14 00:42:24,  Centennial Olympic Park ,georgia state university,member
R102486,2026-06-25 07:43:00,2026-06-25 07:49:55,Ponce City Market,Georgia State University,member
R105598,2026-07-26 23:45:00,2026-07-27 00:17:12,West End,Georgia State University,casual
R100482,2026-06-05 02:02:00,06/05/2026 02:07,Midtown MARTA,Ponce City Market,member
R103629,2026-07-07 16:53:00,07/07/2026 17:07,Midtown MARTA,Georgia State University,member
R104702,2026-07-18 20:08:00,07/18/2026 20:23,Ponce City Market,MIDTOWN MARTA,member
R103669,2026-07-08 19:31:00,2026-07-08 19:42:07,Midtown MARTA,Krog Street Market,member
R103875,07/09/2026 08:22,2026-07-09 08:38:13,Midtown MARTA,Georgia State University,member
R100515,05-Jun-2026 22:37,2026-06-05 22:48:25,Ponce City Market,Midtown MARTA,member
R102504,06/25/2026 14:22,2026-06-25 14:35:00,Grant Park,Midtown MARTA,member
R105275,2026-07-23 19:46:00,2026-07-23 19:49:31,Ponce City Market,Centennial Olympic Park,member
R102610,2026-06-26 12:05:00,2026-06-26 12:17:15,Georgia State University,  Centennial Olympic Park ,member
R105783,2026-07-28 15:07:00,2026-07-28 15:17:34,Centennial Olympic Park,Piedmont Park,member
R102315,23-Jun-2026 06:28,2026-06-23 06:43:01,Ponce City Market,  Midtown MARTA ,casual
R101621,2026-06-17 06:46:00,2026-06-17 06:48:48,Midtown MARTA,Georgia State University,member
R104715,18-Jul-2026 13:34,2026-07-18 13:43:39,Georgia State University,Midtown MARTA,member
R104446,2026-07-15 02:50:00,2026-07-15 03:03:52,Little Five Points,PONCE CITY MARKET,member
R100264,06/03/2026 08:21,2026-06-03 08:31:46,Midtown MARTA,Ponce City Market,member
R104151,2026-07-12 15:22:00,2026-07-12 15:24:23,GEORGIA STATE UNIVERSITY,Little Five Points,casual
R100700,2026-06-07 11:39:00,2026-06-07 11:42:51,centennial olympic park,Midtown MARTA,casual
R104897,07/19/2026 08:27,2026-07-19 08:47:58,Ponce City Market,midtown marta,casual
R103339,2026-07-04 11:25:00,2026-07-04 11:31:53,Piedmont Park,Centennial Olympic Park,casual
R103298,2026-07-04 11:40:00,2026-07-04 11:58:54,Midtown MARTA,Atlantic Station,casual
R103141,07/02/2026 13:50,2026-07-02 13:58:27,Midtown MARTA,Ponce City Market,member
R102658,06/27/2026 11:50,2026-06-27 12:06:09,Georgia State University,Atlantic Station,casual
R101630,06/17/2026 20:34,2026-06-17 20:47:16,georgia state university,Piedmont Park,member
R103513,2026-07-06 21:25:00,2026-07-06 21:34:52,Centennial Olympic Park,Ponce City Market,member
R100122,2026-06-02 17:32:00,2026-06-02 17:40:56,Midtown MARTA,Centennial Olympic Park,casual
R104643,2026-07-17 12:00:00,07/17/2026 12:06,MIDTOWN MARTA,  Georgia State University ,member
R100497,2026-06-05 14:25:00,2026-06-05 14:38:03,Grant Park,Centennial Olympic Park,member
R104438,15-Jul-2026 09:26,2026-07-15 09:34:13,Midtown MARTA,Piedmont Park,member
R103822,2026-07-09 05:07:00,07/09/2026 05:21,Georgia State University,Atlantic Station,member
R100558,2026-06-06 17:19:00,2026-06-06 17:57:07,Atlantic Station,Krog Street Market,casual
R103134,2026-07-02 08:57:00,2026-07-02 09:06:43,Ponce City Market,Georgia State University,member
R102195,2026-06-22 13:08:00,2026-06-22 13:21:18,Centennial Olympic Park,MIDTOWN MARTA,
R103204,2026-07-02 08:52:00,02-Jul-2026 09:07,Centennial Olympic Park,Georgia State University,member
R105383,2026-07-24 07:15:00,2026-07-24 07:15:00,Centennial Olympic Park,Centennial Olympic Park,member
R102965,2026-06-30 18:41:00,2026-06-30 19:04:55,  Ponce City Market ,GEORGIA STATE UNIVERSITY,casual
R103390,2026-07-05 12:11:00,2026-07-05 12:36:17,Centennial Olympic Park,Atlantic Station,casual
R102875,2026-06-29 19:18:00,06/29/2026 19:25,Georgia State University,Grant Pk,member
R101811,19-Jun-2026 07:27,2026-06-19 08:00:21,Midtown MARTA,Krog Street Market,casual
R102756,2026-06-28 13:27:00,2026-06-28 13:32:37,  Atlantic Station ,Ponce City Market,member
R105623,07/27/2026 06:11,2026-07-27 06:30:19,GEORGIA STATE UNIVERSITY,atlantic station,casual
R103156,2026-07-02 16:53:00,2026-07-02 16:59:56,Atlantic Station,Ponce City Market,member
R102879,2026-06-29 11:21:00,2026-06-29 11:41:33,  Georgia State University ,Ponce City Market,casual
R104921,07/20/2026 19:32,2026-07-20 19:35:03,Midtown MARTA,PONCE CITY MARKET,casual
R100079,06/01/2026 08:44,2026-06-01 09:13:48,ponce city market,PIEDMONT PARK,casual
R104485,2026-07-16 12:01:00,2026-07-16 12:06:54,Ponce City Market,  Atlantic Station ,member
R102499,06/25/2026 15:51,06/25/2026 15:58,Georgia State University,Ponce City Market,member
R103731,2026-07-08 00:27:00,2026-07-08 01:03:31,Midtown MARTA,Krog Street Market,casual
R101634,2026-06-17 06:19:00,2026-06-17 06:37:27,Atlantic Station,Midtown MARTA,casual
R104748,2026-07-18 14:29:00,2026-07-18 14:44:36,Georgia State University,Ponce City Market,member
R104591,2026-07-17 14:51:00,2026-07-17 15:09:30,Piedmont Park,Georgia State University,member
R103593,2026-07-07 06:12:00,07/07/2026 06:21,Georgia State University,Ponce City Market,member
R104684,07/17/2026 02:06,2026-07-17 02:16:34,Ponce City Market,Midtown MARTA,member
R100977,06/10/2026 08:31,2026-06-10 09:05:06,Atlantic Station,Georgia State University,casual
R101434,2026-06-15 20:53:00,2026-06-15 21:16:25,Ponce City Market,Midtown MARTA,casual
R103935,2026-07-10 05:01:00,2026-07-10 05:13:44,Georgia State University,Ponce City Market,member
R105391,07/24/2026 14:25,2026-07-24 14:39:39,Atlantic Station,Midtown MARTA,member
R105440,2026-07-25 13:04:00,2026-07-25 13:13:12,Centennial Olympic Park,  Ponce City Market ,member
R101864,2026-06-19 05:32:00,2026-06-19 05:42:43,Ponce City Market,Piedmont Park,member
R102243,06/23/2026 17:34,2026-06-23 17:42:07,  Midtown MARTA ,Ponce City Market,member
R103296,2026-07-04 08:44:00,2026-07-04 09:01:05,West End,Midtown MARTA,casual
R101855,19-Jun-2026 16:58,2026-06-19 17:08:05,  Centennial Olympic Park ,Midtown MARTA,member
R105188,2026-07-22 20:18:00,2026-07-22 20:27:36,  Ponce City Market ,Georgia State University,member
R101797,2026-06-18 16:30:00,2026-06-18 16:37:15,Krog St. Market,Georgia State University,member
R101174,2026-06-12 08:41:00,2026-06-12 08:43:04,Centennial Olympic Pk,Midtown MARTA,member
R103781,07/09/2026 16:21,2026-07-09 16:33:20,Georgia State University,atlantic station,member
R100638,2026-06-07 17:52:00,2026-06-07 18:05:29,Ponce City Market,Midtown MARTA,member
R105439,2026-07-25 16:43:00,2026-07-25 17:01:59,Ponce City Market,Georgia State University,casual
R103155,2026-07-02 15:47:00,2026-07-02 15:56:08,midtown marta,Ponce City Market,member
R103637,2026-07-07 14:47:00,07/07/2026 15:01,Piedmont Park,PONCE CITY MARKET,member
R105880,2026-07-29 17:46:00,2026-07-29 17:57:40,Midtown MARTA,ponce city market,
R103712,2026-07-08 17:10:00,2026-07-08 17:31:01,Krog Street Market,Ponce City Market,member
R104474,2026-07-16 17:21:00,07/16/2026 17:33,Georgia State University,Midtown MARTA,casual
R102454,06/24/2026 17:19,2026-06-24 17:34:32,Georgia State University,Atlantic Station,member
R100074,2026-06-01 17:12:00,2026-06-01 17:24:24,Midtown MARTA,Little Five Points,member
R105002,2026-07-20 13:32:00,2026-07-20 13:49:12,midtown marta,Atlantic Station,member
R105023,2026-07-20 11:27:00,2026-07-20 11:39:03,Little Five Points,Midtown MARTA,member
R100440,2026-06-05 03:54:00,05-Jun-2026 04:17,Ponce City Market,Atlantic Station,casual
R105041,07/21/2026 18:47,07/21/2026 19:01,Ponce City Market,Little Five Points,member
R102550,2026-06-25 16:28:00,06/25/2026 16:45,  Midtown MARTA ,Ponce City Market,member
R105632,2026-07-27 17:53:00,07/27/2026 18:02,Centennial Olympic Park,Atlantic Station,member
R101520,2026-06-15 18:34:00,2026-06-15 19:08:10,georgia state university,Piedmont Park,casual
R101648,2026-06-17 06:08:00,2026-06-17 06:21:09,Piedmont Park,Georgia State University,member
R101726,2026-06-18 07:59:00,2026-06-18 08:26:48,  Ponce City Market ,Piedmont Park,casual
R103966,2026-07-10 17:46:00,07/10/2026 17:50,Piedmont Park,Midtown MARTA,casual
R105536,2026-07-26 10:09:00,2026-07-26 10:24:55,Atlantic Station,Ponce City Market,member
R103918,10-Jul-2026 18:10,2026-07-10 18:19:51,Ponce City Market,Atlantic Station,member
R102245,2026-06-23 16:46:00,2026-06-23 16:47:00,Midtown MARTA,GEORGIA STATE UNIVERSITY,member
R105159,2026-07-22 16:10:00,2026-07-22 16:24:27,Centennial Olympic Park,Ponce City Market,member
R100678,2026-06-07 09:13:00,2026-06-07 09:09:00,Ponce City Market,Midtown MARTA,member
R102273,23-Jun-2026 09:54,2026-06-23 10:12:47,Krog Street Market,Georgia State University,casual
R100979,10-Jun-2026 18:53,06/10/2026 19:31,Midtown MARTA,  Georgia State University ,casual
R105290,07/23/2026 09:54,2026-07-23 09:57:53,Ponce City Market,Grant Park,casual
R101614,2026-06-17 05:53:00,06/17/2026 06:05,  Midtown MARTA ,  Ponce City Market ,member
R100755,06/08/2026 09:46,2026-06-08 09:59:08,Ponce City Market,Centennial Olympic Park,member
R101728,06/18/2026 09:29,18-Jun-2026 09:39,atlantic station,Centennial Olympic Park,member
R103509,2026-07-06 11:22:00,07/06/2026 11:50,Midtown MARTA,Centennial Olympic Park,
R100017,2026-06-01 20:05:00,01-Jun-2026 20:37,  Midtown MARTA ,Georgia State University,casual
R100387,2026-06-04 11:57:00,04-Jun-2026 12:06,Georgia State University,Piedmont Park,member
R103600,2026-07-07 21:14:00,07/07/2026 21:25,Ponce City Market,midtown marta,casual
R105839,29-Jul-2026 19:28,2026-07-29 19:31:53,Grant Park,Georgia State University,member
R101954,06/20/2026 17:29,2026-06-20 18:00:47,Ponce City Market,Georgia State University,casual
R100271,2026-06-03 22:15:00,2026-06-03 22:26:35,Georgia State University,Midtown MARTA,member
R102202,2026-06-22 14:05:00,06/22/2026 14:11,Atlantic Station,Georgia State University,member
R104779,2026-07-18 10:34:00,2026-07-18 11:05:43,Midtown MARTA,Ponce City Market,casual
R104683,07/17/2026 16:10,07/17/2026 16:10,CENTENNIAL OLYMPIC PARK,CENTENNIAL OLYMPIC PARK,member
R100373,2026-06-04 17:21:00,2026-06-04 17:29:22,Centennial Olympic Park,Midtown MARTA,casual
R105699,07/27/2026 17:19,2026-07-27 17:21:29,Piedmont Park,Georgia State University,casual
R102174,2026-06-22 08:19:00,2026-06-22 08:34:25,Midtown MARTA,Georgia State University,member
R105122,07/21/2026 20:53,2026-07-21 21:06:54,Midtown MARTA,Krog Street Market,member
R100517,2026-06-05 16:38:00,2026-06-05 16:54:51,Georgia State University,MIDTOWN MARTA,member
R101170,06/12/2026 17:48,12-Jun-2026 17:57,Midtown MARTA,Ponce City Market,member
R102381,2026-06-24 16:35:00,06/24/2026 16:39,Ponce City Market,Atlantic Station,member
R100691,2026-06-07 13:48:00,06/07/2026 14:26,  Georgia State University ,PONCE CITY MARKET,casual
R101541,16-Jun-2026 16:28,2026-06-16 16:44:57,Ponce City Market,Grant Park,casual
R102752,06/28/2026 18:43,2026-06-28 18:50:54,Little Five Points,Georgia State University,member
R105563,2026-07-26 19:58:00,2026-07-26 20:10:33,Ponce City Market,Centennial Olympic Park,member
R101389,14-Jun-2026 11:03,2026-06-14 11:17:46,Ponce City Market,MIDTOWN MARTA,member
R100222,06/03/2026 07:41,2026-06-03 07:47:27,Midtown MARTA,Georgia State University,member
R101396,06/14/2026 16:40,2026-06-14 16:48:55,Georgia State University,Atlantic Station,member
R102635,06/26/2026 06:53,2026-06-26 07:14:04,piedmont park,Georgia State University,casual
R105825,2026-07-29 06:05:00,07/29/2026 06:16,Piedmont Park,Midtown MARTA,member
R103451,2026-07-05 07:57:00,05-Jul-2026 08:18,Midtown MARTA,Ponce City Market,casual
R102262,2026-06-23 03:27:00,23-Jun-2026 03:31,West End,Midtown MARTA,member
R103926,07/10/2026 06:46,07/10/2026 07:11,Centennial Olympic Park,Krog Street Market,casual
R100434,06/05/2026 07:54,2026-06-05 08:00:36,Ponce City Market,Little Five Points,member
R105757,2026-07-28 08:47:00,07/28/2026 09:21,Midtown MARTA,Ponce City Market,casual
R101960,20-Jun-2026 19:55,2026-06-20 20:31:58,Ponce City Market,Midtown MARTA,casual
R101461,2026-06-15 07:34:00,2026-06-15 07:57:48,Ponce City Market,Atlantic Station,casual
R101849,2026-06-19 07:19:00,06/19/2026 07:45,Krog Street Market,  Ponce City Market ,casual
R105655,07/27/2026 16:54,2026-07-27 17:21:18,ponce city market,Midtown MARTA,casual
R102225,2026-06-22 15:02:00,2026-06-22 15:11:00,Ponce City Market,KROG STREET MARKET,member
R104826,07/19/2026 06:13,19-Jul-2026 06:39,Midtown MARTA,krog street market,casual
R102956,2026-06-30 07:49:00,30-Jun-2026 08:02,Midtown MARTA,  Atlantic Station ,member
R101203,12-Jun-2026 17:40,2026-06-12 17:55:07,Georgia State University,Atlantic Station,member
R101617,2026-06-17 19:48:00,2026-06-17 20:05:07,Midtown MARTA,Georgia State University,member
R104153,2026-07-12 13:32:00,07/12/2026 13:55,Georgia State University,Midtown MARTA,casual
R105955,07/30/2026 00:28,07/30/2026 00:46,atlantic station,Georgia State University,member
R103434,05-Jul-2026 18:15,07/05/2026 18:33,Ponce City Market,Atlantic Station,casual
R100940,2026-06-10 23:37:00,2026-06-10 23:48:40,  Georgia State University ,MIDTOWN MARTA,member
R100392,2026-06-04 05:27:00,2026-06-04 05:27:00,Ponce City Market,Ponce City Market,casual
R101247,2026-06-12 13:38:00,2026-06-12 13:57:02,PONCE CITY MARKET,Centennial Olympic Park,casual
R105111,2026-07-21 17:46:00,07/21/2026 17:52,MIDTOWN MARTA,  Centennial Olympic Park ,member
R104731,2026-07-18 13:04:00,2026-07-18 13:36:43,Atlantic Station,Piedmont Park,casual
R100136,2026-06-02 17:52:00,02-Jun-2026 18:04,ponce city market,Grant Park,member
R100616,06/07/2026 08:29,2026-06-07 08:56:15,Midtown MARTA,Ponce City Market,casual
R105374,2026-07-24 12:16:00,2026-07-24 12:26:45,Ponce City Market,Midtown MARTA,member
R105858,2026-07-29 18:32:00,2026-07-29 18:44:45,Krog Street Market,Midtown MARTA,casual
R105242,2026-07-23 08:27:00,2026-07-23 08:32:05,  Georgia State University ,Ponce City Market,member
R101257,2026-06-13 14:11:00,2026-06-13 14:25:40,LITTLE FIVE POINTS,PONCE CITY MARKET,casual
R105876,07/29/2026 08:11,2026-07-29 08:21:58,Midtown MARTA,Ponce City Market,member
R101635,2026-06-17 18:42:00,2026-06-17 18:55:35,Grant Park,Midtown MARTA,member
R101753,2026-06-18 16:03:00,2026-06-18 16:07:26,Georgia State University,Atlantic Station,member
R100259,2026-06-03 16:51:00,2026-06-03 16:54:31,  Ponce City Market ,MIDTOWN MARTA,member
R101297,2026-06-13 14:34:00,2026-06-13 14:43:07,Centennial Olympic Park,,member
R103788,07/09/2026 18:59,07/09/2026 19:05,Georgia State University,Atlantic Station,member
R103533,07/06/2026 19:48,2026-07-06 20:18:18,centennial olympic park,Midtown MARTA,casual
R101115,2026-06-11 10:48:00,2026-06-11 11:04:15,Centennial Olympic Park,West End,casual
R104812,19-Jul-2026 15:54,2026-07-19 16:09:59,Centennial Olympic Park,Midtown MARTA,member
R102772,06/28/2026 14:47,2026-06-28 14:54:10,Piedmont Park,Midtown MARTA,member
R100766,2026-06-08 16:02:00,2026-06-08 16:11:22,Midtown MARTA,Georgia State University,member
R100105,2026-06-01 07:49:00,2026-06-01 07:57:26,Ponce City Market,Midtown MARTA,member
R100154,2026-06-02 07:28:00,2026-06-02 07:32:57,Midtown MARTA,GEORGIA STATE UNIVERSITY,member
R104174,07/12/2026 12:53,07/12/2026 12:57,Krog Street Market,Georgia State University,member
R102520,2026-06-25 07:55:00,25-Jun-2026 08:28,GEORGIA STATE UNIVERSITY,,casual
R102069,2026-06-21 13:22:00,2026-06-21 13:40:28,Midtown MARTA,Atlantic Station,casual
R104069,2026-07-11 21:52:00,07/11/2026 22:09,Little Five Points,Midtown MARTA,member
R103597,2026-07-07 15:27:00,2026-07-07 15:56:53,Centennial Olympic Park,,casual
R104682,2026-07-17 11:35:00,2026-07-17 12:22:47,Midtown MARTA,Ponce City Market,casual
R102258,23-Jun-2026 08:59,2026-06-23 09:09:36,Atlantic Station,Midtown MARTA,member
R102059,21-Jun-2026 16:47,06/21/2026 16:56,Krog Street Market,Midtown MARTA,member
R104562,16-Jul-2026 01:57,2026-07-16 02:22:06,Georgia State University,Piedmont Park,casual
R105389,24-Jul-2026 09:50,2026-07-24 10:17:20,Atlantic Station,Midtown MARTA,casual
R103454,2026-07-05 09:45:00,07/05/2026 10:08,Piedmont Park,Midtown MARTA,casual
R105179,2026-07-22 08:34:00,2026-07-22 08:49:17,Midtown MARTA,Ponce City Market,member
R103099,2026-07-02 08:02:00,2026-07-02 08:15:12,Centennial Olympic Park,Ponce City Market,member
R104335,2026-07-14 17:04:00,2026-07-14 17:13:01,Ponce City Market,  Georgia State University ,member
R104275,07/14/2026 07:46,07/14/2026 08:08,Centennial Olympic Park,Midtown MARTA,casual
R105893,07/29/2026 17:27,2026-07-29 17:36:33,Ponce City Market,Centennial Olympic Park,member
R105134,2026-07-21 20:03:00,2026-07-21 20:12:44,Georgia State University,Midtown MARTA,member
R105714,2026-07-27 18:29:00,07/27/2026 18:34,Grant Park,Ponce City Market,member
R102029,2026-06-21 16:27:00,2026-06-21 16:48:08,  Georgia State University ,Piedmont Pk,casual
R104836,19-Jul-2026 07:12,2026-07-26 07:12:00,Centennial Olympic Park,ponce city market,casual
R105001,2026-07-20 15:08:00,2026-07-20 15:21:44,atlantic station,Midtown MARTA,member
R102828,06/28/2026 14:48,2026-06-28 14:56:03,Georgia State University,Midtown MARTA,member
R105250,2026-07-23 09:51:00,2026-07-23 10:13:57,GEORGIA STATE UNIVERSITY,Centennial Olympic Park,casual
R100867,2026-06-09 15:31:00,09-Jun-2026 15:38,Atlantic Station,Georgia State University,member
R102068,2026-06-21 07:29:00,06/21/2026 07:42,Midtown MARTA,Ponce City Market,casual
R105003,2026-07-20 18:27:00,07/20/2026 18:34,Piedmont Park,KROG STREET MARKET,member
R101479,2026-06-15 07:36:00,2026-06-15 07:49:38,Ponce City Market,krog street market,member
R104075,2026-07-11 12:34:00,2026-07-11 12:47:24,Midtown MARTA,ponce city market,casual
R103450,2026-07-05 15:09:00,2026-07-05 15:24:02,Piedmont Park,Centennial Olympic Park,member
R105509,07/26/2026 08:31,2026-07-26 09:04:00,Ponce City Market,Midtown MARTA,casual
R103255,2026-07-03 16:18:00,2026-07-03 16:18:00,West End,West End,member
R104631,07/17/2026 11:30,2026-07-17 11:44:02,Midtown MARTA,West End,member
R105947,2026-07-30 15:16:00,2026-07-30 15:23:24,Grant Park,atlantic station,member
R101545,2026-06-16 17:41:00,2026-06-16 17:52:37,GRANT PARK,Ponce City Market,member
R103543,07/06/2026 15:06,2026-07-06 15:16:48,CENTENNIAL OLYMPIC PARK,Ponce City Market,member
R104329,2026-07-14 20:19:00,07/14/2026 20:33,Ponce City Market,Georgia State University,member
R100330,2026-06-04 15:42:00,2026-06-04 15:50:23,GEORGIA STATE UNIVERSITY,Ponce City Market,member
R102526,2026-06-25 08:29:00,2026-06-25 08:47:31,Midtown MARTA,Ponce City Market,member
R102074,06/21/2026 01:57,2026-06-21 02:08:59,Centennial Olympic Park,Midtown MARTA,member
R103216,2026-07-03 16:26:00,03-Jul-2026 16:27,Little Five Points,Midtown MARTA,casual
R102593,26-Jun-2026 16:25,2026-06-26 16:38:59,Ponce City Market,Midtown MARTA,member
R101293,13-Jun-2026 10:20,2026-06-13 10:39:28,Midtown MARTA,Centennial Olympic Park,casual
R101833,2026-06-19 10:45:00,2026-06-19 10:49:40,Midtown MARTA,Grant Park,casual
R102045,2026-06-21 09:07:00,06/21/2026 09:25,Ponce City Market,Midtown MARTA,casual
R102255,23-Jun-2026 07:05,06/23/2026 07:13,Midtown MARTA,Centennial Olympic Park,member
R102480,2026-06-25 16:53:00,2026-07-01 16:53:00,Midtown MARTA,Centennial Olympic Park,casual
R100922,2026-06-10 15:07:00,2026-06-23 15:07:00,Midtown MARTA,Ponce City Market,casual
R101687,17-Jun-2026 08:50,17-Jun-2026 08:50,Ponce City Market,Ponce City Market,casual
R101581,2026-06-16 15:15:00,2026-06-16 15:28:46,Midtown MARTA,Ponce City Market,member
R102443,2026-06-24 06:37:00,2026-06-24 06:44:12,Krog Street Market,Ponce City Market,member
R105204,2026-07-22 12:38:00,2026-07-22 12:50:23,Centennial Olympic Park,Little Five Points,member
R101408,2026-06-14 00:31:00,2026-06-14 00:48:01,Piedmont Park,ponce city market,member
R102110,21-Jun-2026 07:13,06/21/2026 07:22,Midtown MARTA,Ponce City Market,casual
R102308,2026-06-23 10:22:00,2026-06-23 10:40:31,  Midtown MARTA ,Centennial Olympic Park,member
R101746,06/18/2026 18:45,2026-06-18 19:01:29,MIDTOWN MARTA,Ponce City Market,member
R105577,2026-07-26 11:41:00,2026-07-26 12:02:48,Atlantic Station,  Midtown MARTA ,casual
R104665,07/17/2026 17:43,2026-07-17 17:54:56,PIEDMONT PARK,Atlantic Station,member
R101701,2026-06-17 07:00:00,17-Jun-2026 07:11,GEORGIA STATE UNIVERSITY,Ponce City Market,member
R102749,2026-06-28 12:49:00,2026-06-28 12:59:04,Ponce City Market,Centennial Olympic Park,member
R101087,2026-06-11 17:11:00,06/11/2026 17:13,MIDTOWN MARTA,Georgia State University,member
R104905,07/19/2026 15:42,2026-07-19 15:53:06,Ponce City Market,Centennial Olympic Park,member
R105746,2026-07-28 01:55:00,07/28/2026 02:03,Ponce City Market,Atlantic Station,member
R103790,2026-07-09 18:22:00,09-Jul-2026 18:43,Little Five Points,Centennial Olympic Park,casual
R103592,2026-07-07 07:35:00,2026-07-07 07:39:20,Georgia State University,Midtown MARTA,member
R102608,2026-06-26 19:50:00,06/26/2026 20:01,Centennial Olympic Park,KROG STREET MARKET,member
R104284,2026-07-14 17:35:00,2026-07-14 17:43:59,Midtown MARTA,Georgia State University,member
R101211,2026-06-12 12:37:00,2026-06-12 12:53:50,Centennial Olympic Park,Ponce City Market,member
R101767,2026-06-18 07:51:00,06/18/2026 07:59,Georgia State University,Midtown MARTA,member
R103035,2026-07-01 13:07:00,2026-07-01 13:11:41,Piedmont Park,Ponce City Market,member
R101239,2026-06-12 08:33:00,2026-06-12 08:48:30,Centennial Olympic Park,MIDTOWN MARTA,member
R105349,2026-07-24 02:35:00,2026-07-24 02:46:00,Midtown MARTA,Krog Street Market,member
R103098,01-Jul-2026 16:00,2026-07-01 16:02:35,MIDTOWN MARTA,Georgia State University,casual
R102148,22-Jun-2026 14:59,2026-06-22 15:06:35,Ponce City Market,atlantic station,member
R104435,2026-07-15 17:34:00,2026-07-15 17:42:15,Centennial Olympic Park,Ponce City Market,member
R101328,2026-06-13 00:59:00,2026-06-13 01:04:49,KROG STREET MARKET,Georgia State University,member
R102505,2026-06-25 21:58:00,06/25/2026 22:15,  Georgia State University ,Ponce City Market,member
R104861,2026-07-19 15:05:00,2026-07-19 15:29:34,  Ponce City Market ,West End,casual
R101123,2026-06-11 19:14:00,06/11/2026 19:22,Krog Street Market,Ponce City Market,member
R101611,2026-06-17 07:58:00,2026-06-17 08:10:55,  Little Five Points ,Piedmont Park,member
R104789,2026-07-18 11:59:00,2026-07-18 12:04:29,Ponce City Market,Krog Street Market,member
R104155,12-Jul-2026 10:11,2026-07-12 10:24:23,Ponce City Market,  Georgia State University ,member
R101475,2026-06-15 18:30:00,15-Jun-2026 18:45,Midtown MARTA,GEORGIA STATE UNIVERSITY,casual
R102807,2026-06-28 12:40:00,28-Jun-2026 12:49,MIDTOWN MARTA,Ponce City Market,casual
R100406,2026-06-04 16:53:00,2026-06-04 17:36:30,  Georgia State University ,Ponce City Market,casual
R100319,2026-06-04 07:31:00,2026-06-04 07:43:48,Centennial Olympic Park,Piedmont Park,member
R104641,07/17/2026 07:15,07/17/2026 07:23,Centennial Olympic Park,georgia state university,member
R103235,2026-07-03 09:32:00,07/03/2026 09:45,Centennial Olympic Pk,  Midtown MARTA ,member
R105300,23-Jul-2026 06:26,2026-07-23 06:39:11,Atlantic Station,Little Five Points,member
R105935,2026-07-30 08:17:00,2026-07-30 08:28:39,Midtown MARTA,Ponce City Market,member
R100688,07-Jun-2026 19:10,2026-06-07 19:24:12,Ponce City Market,Georgia State University,member
R102030,2026-06-21 12:39:00,2026-06-21 12:50:37,Midtown MARTA,Atlantic Station,member
R102894,2026-06-29 18:07:00,2026-06-29 18:14:18,Ponce City Market,Midtown MARTA,member
R104606,07/17/2026 15:05,07/17/2026 15:20,Georgia State University,Ponce City Market,member
R102495,25-Jun-2026 07:53,2026-06-25 08:06:09,Ponce City Market,Centennial Olympic Park,member
R103466,06-Jul-2026 07:30,2026-07-06 07:45:03,Centennial Olympic Park,Midtown MARTA,member
R104271,2026-07-14 08:12:00,14-Jul-2026 08:23,Midtown MARTA,Ponce City Market,member
R103382,2026-07-05 22:55:00,2026-07-05 23:10:08,  Centennial Olympic Park ,Midtown MARTA,member
R104494,2026-07-16 19:48:00,16-Jul-2026 20:11,Midtown MARTA,Ponce City Market,casual
R101749,2026-06-18 21:14:00,2026-06-18 21:28:34,Ponce City Market,ATLANTIC STATION,
R102084,2026-06-21 11:05:00,06/21/2026 11:27,Midtown MARTA,Piedmont Park,casual
R103783,2026-07-09 11:47:00,2026-07-09 11:59:32,Ponce City Market,centennial olympic park,member
R102765,2026-06-28 22:52:00,06/28/2026 23:10,Krog Street Market,Midtown MARTA,casual
R101997,06/20/2026 07:17,2026-06-20 07:20:40,Atlantic Station,,member
R100211,06/03/2026 18:10,2026-06-03 18:16:27,Krog Street Market,  Midtown MARTA ,member
R102501,2026-06-25 09:22:00,06/25/2026 09:36,GEORGIA STATE UNIVERSITY,ATLANTIC STATION,member
R105830,2026-07-29 15:24:00,07/29/2026 15:55,Centennial Olympic Park,Georgia State University,casual
R100929,2026-06-10 11:30:00,06/10/2026 11:37,Midtown MARTA,Ponce City Market,member
R101663,17-Jun-2026 13:38,2026-06-17 13:43:52,Grant Park,Midtown MARTA,member
R101336,2026-06-14 13:46:00,2026-06-14 14:28:59,Ponce City Market,Midtown MARTA,casual
R102087,2026-06-21 14:10:00,2026-06-21 14:16:36,  Ponce City Market ,Midtown MARTA,member
R101269,2026-06-13 13:08:00,2026-06-13 13:18:25,Midtown MARTA,Ponce City Market,member
R103618,2026-07-07 17:15:00,2026-07-07 17:07:00,Ponce City Market,Midtown MARTA,casual
R104369,2026-07-14 07:08:00,2026-07-14 07:17:41,Midtown MARTA,Ponce City Market,member
R104927,2026-07-20 21:35:00,07/20/2026 21:40,  Centennial Olympic Park ,Atlantic Station,casual
R102015,2026-06-21 17:39:00,21-Jun-2026 17:52,Ponce City Market,Centennial Olympic Park,member
R100573,2026-06-06 09:07:00,2026-06-06 09:41:10,Centennial Olympic Park,Ponce City Market,casual
R103000,2026-06-30 19:34:00,06/30/2026 19:45,Midtown MARTA,Ponce City Market,member
R101558,16-Jun-2026 09:58,2026-06-16 10:01:12,Midtown MARTA,Centennial Olympic Park,member
R103627,2026-07-07 08:29:00,2026-07-07 08:41:20,  Ponce City Market ,Krog Street Market,member
R104991,2026-07-20 05:38:00,07/20/2026 05:46,Georgia State University,Centennial Olympic Park,member
R103957,2026-07-10 07:35:00,2026-07-10 07:46:01,West End,Centennial Olympic Park,member
R104145,2026-07-12 15:50:00,2026-07-12 15:55:52,Midtown MARTA,Ponce City Market,member
R100984,2026-06-10 21:05:00,2026-06-10 21:19:58,Ponce City Market,Atlantic Station,member
R100426,2026-06-05 05:06:00,06/05/2026 05:32,  Midtown MARTA ,  Ponce City Market ,casual
R101947,2026-06-20 13:33:00,2026-06-20 14:01:14,Midtown MARTA,Ponce City Market,casual
R102023,2026-06-21 00:39:00,21-Jun-2026 00:46,  Midtown MARTA ,Georgia State University,member
R103144,2026-07-02 07:11:00,2026-07-02 07:19:16,ponce city market,krog street market,member
R102802,2026-06-28 15:53:00,2026-06-28 16:03:27,Midtown MARTA,Centennial Olympic Park,member
R100204,2026-06-02 07:48:00,2026-06-02 08:02:44,Krog Street Market,Midtown MARTA,member
R103747,2026-07-08 22:50:00,07/08/2026 22:56,Georgia State University,Ponce City Market,member
R105808,2026-07-29 08:42:00,07/29/2026 08:55,midtown marta,Georgia State University,member
R102967,2026-06-30 18:05:00,2026-06-30 18:18:48,Midtown MARTA,PONCE CITY MARKET,member
R102878,2026-06-29 17:43:00,06/29/2026 17:49,Centennial Olympic Park,Ponce City Market,member
R102582,06/26/2026 20:19,26-Jun-2026 20:29,Georgia State University,Midtown MARTA,member
R105052,2026-07-21 11:27:00,2026-07-21 11:38:14,West End,Georgia State University,member
R101667,2026-06-17 18:39:00,2026-06-17 18:53:24,Midtown MARTA,Grant Park,member
R102684,2026-06-27 14:33:00,2026-06-27 14:34:00,Georgia State University,PIEDMONT PARK,member
R100555,2026-06-06 19:27:00,2026-06-06 19:31:31,Ponce City Market,Georgia State University,casual
R105026,07/20/2026 16:26,2026-07-20 16:44:30,Midtown MARTA,Georgia State University,casual
R101063,06/11/2026 08:56,2026-06-11 09:09:13,MIDTOWN MARTA,Piedmont Park,member
R103292,2026-07-04 14:03:00,2026-07-04 14:14:32,Atlantic Station,Ponce City Market,member
R105734,07/28/2026 13:38,28-Jul-2026 14:09,Midtown MARTA,Centennial Olympic Park,casual
R103260,03-Jul-2026 08:34,2026-07-03 08:43:51,Ponce City Market,Little Five Points,member
R103297,07/04/2026 19:12,2026-07-04 19:21:31,Georgia State University,Midtown MARTA,member
R102921,06/29/2026 07:47,2026-06-29 07:56:08,Ponce City Market,  Piedmont Park ,member
R102917,2026-06-29 14:02:00,2026-06-29 14:18:11,Krog Street Market,Georgia State University,member
R103671,2026-07-08 18:33:00,07/08/2026 19:10,Ponce City Market,Centennial Olympic Park,casual
R105498,2026-07-26 10:15:00,2026-07-26 10:41:48,Centennial Olympic Park,Georgia State University,casual
R100234,06/03/2026 23:33,06/03/2026 23:47,Georgia State University,Centennial Olympic Park,member
R100388,2026-06-04 17:52:00,06/04/2026 18:02,Centennial Olympic Park,Midtown MARTA,member
R102909,2026-06-29 15:55:00,06/29/2026 16:12,Georgia State University,Ponce City Market,member
R104724,2026-07-18 17:36:00,2026-08-07 17:36:00,Midtown MARTA,Ponce City Market,member
R100671,07-Jun-2026 15:19,2026-06-07 15:36:15,Atlantic Station,Centennial Olympic Park,member
R103092,07/01/2026 23:03,2026-07-01 23:20:26,Centennial Olympic Park,Ponce City Market,member
R102916,29-Jun-2026 18:13,2026-06-29 18:26:24,  Midtown MARTA ,PIEDMONT PARK,member
R102056,2026-06-21 11:26:00,2026-06-21 11:33:50,Piedmont Park,Grant Park,member
R102702,2026-06-27 10:41:00,2026-06-27 10:51:46,PONCE CITY MARKET,Grant Park,member
R103624,2026-07-07 16:08:00,07/07/2026 16:20,Georgia State University,Centennial Olympic Park,member
R104783,2026-07-18 04:49:00,2026-07-18 05:24:14,Krog Street Market,Centennial Olympic Park,casual
R102294,2026-06-23 08:57:00,2026-06-23 09:04:11,Centennial Olympic Park,Midtown MARTA,member
R104640,07/17/2026 19:44,2026-07-17 19:52:48,Atlantic Station,Georgia State University,member
R100813,2026-06-09 06:08:00,2026-06-09 06:19:40,Krog Street Market,Grant Park,casual
R100007,2026-06-01 17:21:00,2026-06-01 17:25:30,Georgia State University,Ponce City Market,member
R104439,07/15/2026 08:53,2026-07-15 09:01:36,Centennial Olympic Park,Ponce City Market,member
R101625,2026-06-17 13:42:00,2026-06-17 13:51:11,Centennial Olympic Park,Atlantic Station,member
R104170,2026-07-12 13:53:00,2026-07-12 14:05:26,Centennial Olympic Park,Midtown MARTA,member
R100741,2026-06-08 07:40:00,2026-06-08 07:45:18,Ponce City Market,Grant Park,member
R105990,07/30/2026 17:35,2026-07-30 17:48:55,Centennial Olympic Park,Atlantic Station,casual
R100529,2026-06-06 11:04:00,2026-06-06 11:14:39,Midtown MARTA,Piedmont Park,member
R101961,2026-06-20 14:48:00,20-Jun-2026 14:50,Georgia State University,Ponce City Market,casual
R104761,2026-07-18 17:31:00,2026-07-18 18:04:30,Atlantic Station,Georgia State University,casual
R104113,2026-07-12 09:15:00,2026-07-12 09:26:28,  Little Five Points ,Midtown MARTA,casual
R101728,06/18/2026 09:29,18-Jun-2026 09:39,atlantic station,Centennial Olympic Park,member
R100184,2026-06-02 20:43:00,2026-06-02 21:08:03,West End,Midtown MARTA,casual
R105956,07/30/2026 15:16,07/30/2026 15:34,Krog Street Market,Georgia State University,member
R101528,06/16/2026 19:21,2026-06-16 19:13:00,LITTLE FIVE POINTS,Midtown MARTA,member
R103574,2026-07-07 17:03:00,07-Jul-2026 17:17,Ponce City Market,Midtown MARTA,member
R104385,2026-07-15 16:30:00,2026-07-15 16:42:45,Georgia State University,Midtown MARTA,member
R103823,07/09/2026 21:56,2026-07-09 22:09:29,Ponce City Market,Atlantic Station,member
R103321,2026-07-04 12:47:00,07/04/2026 13:14,Georgia State University,Midtown MARTA,casual
R100626,2026-06-07 22:27:00,2026-06-07 22:37:14,GEORGIA STATE UNIVERSITY,Ponce City Market,member
R100576,2026-06-06 17:57:00,2026-06-06 18:15:43,Georgia State University,MIDTOWN MARTA,casual
R105009,20-Jul-2026 08:37,2026-07-20 08:47:10,Midtown MARTA,Atlantic Station,member
R104331,2026-07-14 16:20:00,07/14/2026 16:29,MIDTOWN MARTA,Atlantic Station,member
R100300,06/03/2026 08:48,2026-06-03 09:21:35,Ponce City Market,Krog Street Market,casual
R100935,10-Jun-2026 18:18,2026-06-10 18:30:19,GEORGIA STATE UNIVERSITY,Centennial Olympic Park,member
R105627,2026-07-27 17:44:00,2026-07-27 17:53:55,Atlantic Station,Little Five Points,member
R105737,07/28/2026 06:52,07/28/2026 06:59,Centennial Olympic Park,Ponce City Market,member
R105127,2026-07-21 10:21:00,2026-07-21 10:32:59,Midtown MARTA,Georgia State University,member
R100016,06/01/2026 18:46,2026-06-01 18:52:50,Midtown MARTA,Piedmont Park,member
R104270,2026-07-14 05:35:00,2026-07-14 05:51:40,Centennial Olympic Park,Midtown MARTA,member
R105593,07/26/2026 02:31,2026-07-26 02:37:26,krog street market,Midtown MARTA,member
R102088,2026-06-21 08:14:00,2026-06-21 08:30:37,MIDTOWN MARTA,Centennial Olympic Park,member
R103808,09-Jul-2026 06:24,09-Jul-2026 06:34,Ponce City Market,Midtown MARTA,member
R105584,07/26/2026 18:41,2026-07-26 19:20:39,Georgia State University,Atlantic Station,casual
R104406,07/15/2026 09:28,2026-07-15 09:42:43,Krog Street Market,Piedmont Park,member
R104869,2026-07-19 12:57:00,19-Jul-2026 13:10,Georgia State University,Midtown MARTA,member
R101034,2026-06-11 10:42:00,2026-06-11 10:53:46,Midtown MARTA,Georgia State University,member
R100433,2026-06-05 17:57:00,2026-06-05 17:57:00,PIEDMONT PARK,PIEDMONT PARK,member
R102490,06/25/2026 18:12,06/25/2026 18:23,Ponce City Market,Georgia State University,member
R100545,2026-06-06 12:01:00,2026-06-06 12:19:25,Ponce City Market,Atlantic Station,member
R103162,2026-07-02 07:25:00,2026-07-02 07:31:10,Georgia State University,Midtown MARTA,member
R105819,2026-07-29 21:47:00,2026-07-29 22:00:23,Piedmont Park,Ponce City Market,member
R104788,2026-07-18 15:47:00,2026-07-18 15:59:29,Ponce City Market,Atlantic Station,casual
R100802,2026-06-08 08:43:00,2026-06-08 08:59:59,atlantic station,Ponce City Market,member
R104459,2026-07-16 07:09:00,2026-07-16 07:20:27,ponce city market,Midtown MARTA,member
R104296,14-Jul-2026 10:27,07/14/2026 11:02,Ponce City Market,Midtown MARTA,casual
R101974,2026-06-20 08:29:00,2026-06-20 08:54:04,Midtown MARTA,Centennial Olympic Park,casual
R105740,07/28/2026 08:16,2026-07-28 08:38:04,Centennial Olympic Park,Atlantic Station,member
R100670,2026-06-07 07:41:00,2026-06-07 07:47:24,ponce city market,Midtown MARTA,casual
R102576,2026-06-26 23:13:00,2026-06-26 23:32:52,georgia state university,PONCE CITY MARKET,member
R103227,03-Jul-2026 07:47,2026-07-03 08:02:05,Krog Street Market,Midtown MARTA,member
R101029,06/11/2026 21:17,2026-06-11 21:32:42,Ponce City Market,ATLANTIC STATION,member
R102849,06/28/2026 09:21,2026-06-28 09:53:00,Georgia State University,Midtown MARTA,casual
R101793,2026-06-18 07:34:00,2026-06-18 07:38:01,Ponce City Market,Georgia State University,member
R102612,06/26/2026 07:33,2026-07-03 07:33:00,Ponce City Market,Midtown MARTA,member
R101322,2026-06-13 06:01:00,2026-06-13 06:18:15,Georgia State University,  Midtown MARTA ,member
R100152,2026-06-02 18:02:00,2026-06-02 18:05:59,Ponce City Market,Midtown MARTA,casual
R105538,07/26/2026 14:50,2026-07-26 15:33:22,MIDTOWN MARTA,CENTENNIAL OLYMPIC PARK,casual
R102637,2026-06-26 16:31:00,2026-06-26 16:46:41,Georgia State University,Centennial Olympic Park,member
R102242,06/23/2026 19:32,2026-06-23 19:41:16,Ponce City Market,West End,member
R105131,2026-07-21 16:12:00,07/21/2026 16:21,Piedmont Park,Midtown MARTA,member
R103949,2026-07-10 17:20:00,2026-07-10 17:34:26,Midtown MARTA,Atlantic Station,member
R102196,2026-06-22 07:45:00,06/22/2026 07:57,piedmont park,Georgia State University,member
R103419,07/05/2026 06:51,07/05/2026 06:54,Atlantic Station,Georgia State University,casual
R101801,2026-06-18 09:06:00,2026-06-18 09:21:57,Midtown MARTA,Georgia State University,member
R102318,2026-06-23 18:15:00,2026-06-23 18:25:20,GEORGIA STATE UNIVERSITY,Ponce City Market,member
R105211,2026-07-22 18:18:00,2026-07-22 18:31:34,Ponce City Market,centennial olympic park,member
R105051,2026-07-21 08:40:00,2026-07-21 08:52:36,Georgia State University,WEST END,member
R103219,2026-07-03 13:59:00,2026-07-03 14:09:01,Ponce City Market,  Midtown MARTA ,member
R105361,2026-07-24 18:58:00,24-Jul-2026 19:06,Atlantic Station,Midtown MARTA,member
R105977,2026-07-30 16:52:00,2026-07-30 17:05:43,Krog Street Market,Midtown MARTA,member
R103290,04-Jul-2026 06:51,2026-07-04 07:02:46,Krog Street Market,Midtown MARTA,member
R105905,2026-07-30 18:05:00,2026-07-30 18:20:20,Ponce City Market,Georgia State University,member
R103553,2026-07-06 16:08:00,07/06/2026 16:14,Centennial Olympic Park,Midtown MARTA,member
R105524,2026-07-26 21:59:00,2026-07-26 22:13:28,CENTENNIAL OLYMPIC PARK,Georgia State University,member
R104703,2026-07-18 05:05:00,07/18/2026 05:20,Midtown MARTA,Ponce City Market,member
R105756,2026-07-28 06:14:00,2026-07-28 06:29:05,PONCE CITY MARKET,Grant Park,member
R101428,2026-06-15 08:39:00,2026-06-15 08:52:28,PONCE CITY MARKET,,member
R103143,02-Jul-2026 16:44,2026-07-15 16:44:00,  Midtown MARTA ,Piedmont Park,member
R105528,07/26/2026 07:31,26-Jul-2026 08:09,Ponce City Market,Centennial Olympic Park,casual
R101645,06/17/2026 18:36,06/17/2026 18:40,Ponce City Market,Georgia State University,member
R105437,2026-07-25 09:29:00,2026-07-25 09:52:07,Midtown MARTA,Atlantic Station,casual
R101375,2026-06-14 11:33:00,14-Jun-2026 11:54,Little Five Points,Ponce City Market,casual
R100349,2026-06-04 09:47:00,2026-06-04 10:03:24,atlantic station,Georgia State University,casual
R100488,2026-06-05 07:46:00,06/05/2026 07:57,Midtown MARTA,PONCE CITY MARKET,member
R100413,2026-06-04 07:49:00,06/04/2026 07:59,Piedmont Park,Centennial Olympic Park,member
R103810,2026-07-09 15:08:00,2026-07-09 15:16:55,Centennial Olympic Park,Ponce City Market,member
R103995,10-Jul-2026 17:15,2026-07-10 17:28:01,Georgia State University,  Midtown MARTA ,member
R105260,07/23/2026 16:12,07/23/2026 16:22,Georgia State University,Ponce City Market,member
R104437,2026-07-15 09:15:00,2026-07-15 09:34:38,Ponce City Market,Midtown MARTA,casual
R101859,2026-06-19 16:28:00,2026-06-19 16:57:05,  Ponce City Market ,Piedmont Park,casual
R105707,2026-07-27 17:03:00,07/27/2026 17:13,Little Five Points,Georgia State University,member
R102837,2026-06-28 22:12:00,2026-06-28 22:39:03,Centennial Olympic Park,Georgia State University,casual
R100432,06/05/2026 11:56,2026-06-05 12:08:57,Midtown MARTA,georgia state university,member
R102930,2026-06-29 20:09:00,2026-06-29 20:24:09,Ponce City Market,GRANT PARK,member
R104622,2026-07-17 09:47:00,07/17/2026 09:55,Midtown MARTA,Piedmont Park,member
R100938,2026-06-10 18:06:00,2026-06-10 18:10:30,Ponce City Market,Little Five Points,member
R105216,2026-07-22 05:03:00,2026-07-22 05:21:49,Grant Park,Ponce City Market,member
R104119,2026-07-12 12:43:00,12-Jul-2026 12:50,Midtown MARTA,Ponce City Market,member
R105008,07/20/2026 08:54,07/20/2026 09:00,Piedmont Park,Atlantic Station,member
R105266,2026-07-23 07:11:00,2026-07-23 07:47:26,Little Five Points,Ponce City Market,casual
R103526,06-Jul-2026 16:49,07/06/2026 17:06,Georgia State University,Atlantic Station,member
R102575,25-Jun-2026 05:36,2026-07-07 05:36:00,Midtown MARTA,  Georgia State University ,member
R104342,2026-07-14 17:15:00,2026-07-14 17:53:34,Centennial Olympic Park,Midtown MARTA,casual
R102118,2026-06-21 08:45:00,06/21/2026 08:49,Midtown MARTA,Georgia State University,member
R100361,2026-06-04 07:08:00,2026-06-04 07:07:00,midtown marta,Ponce City Market,casual
R101963,2026-06-20 12:00:00,2026-06-20 12:05:21,Georgia State University,Midtown MARTA,member
R101282,06/13/2026 18:33,2026-06-13 18:43:25,Midtown MARTA,Georgia State University,member
R101777,2026-06-18 20:08:00,18-Jun-2026 20:25,Ponce City Market,Atlantic Station,casual
R102335,06/24/2026 02:35,06/24/2026 02:46,Midtown MARTA,Georgia State University,member
R100094,2026-06-01 08:52:00,2026-06-01 09:09:48,Midtown MARTA,Atlantic Station,member
R103770,08-Jul-2026 07:45,2026-07-08 07:53:09,Georgia State University,Atlantic Station,member
R104305,2026-07-14 16:14:00,2026-07-14 16:26:39,PONCE CITY MARKET,Centennial Olympic Park,member
R101011,2026-06-11 15:09:00,2026-06-11 15:31:43,Georgia State University,Ponce City Market,casual
R102979,2026-06-30 09:40:00,30-Jun-2026 09:52,Ponce City Market,Atlantic Station,member
R105943,30-Jul-2026 06:28,2026-07-30 06:31:45,Georgia State University,West End,casual
R100707,2026-06-08 08:55:00,2026-06-08 09:07:26,Georgia State University,Krog Street Market,casual
R100954,2026-06-10 17:35:00,2026-06-10 17:46:26,Piedmont Park,Midtown MARTA,member
R102316,2026-06-23 08:20:00,2026-06-23 08:35:59,Georgia State University,Grant Park,member
R105801,28-Jul-2026 17:24,2026-07-28 17:25:18,Ponce City Market,Little Five Points,member
R100943,06/10/2026 08:05,2026-06-10 08:53:25,Ponce City Market,MIDTOWN MARTA,casual
R105168,2026-07-22 08:53:00,2026-07-22 09:08:52,Krog Street Market,Georgia State University,member
R105543,2026-07-26 06:18:00,26-Jul-2026 06:30,Little Five Points,Centennial Olympic Park,member
R105352,2026-07-24 12:19:00,2026-07-24 12:29:51,Midtown MARTA,Centennial Olympic Park,member
R103753,2026-07-08 08:10:00,2026-07-08 08:16:05,Ponce City Market,Midtown MARTA,member
R101383,06/14/2026 10:28,2026-06-14 10:50:24,krog street market,Centennial Olympic Park,casual
R100865,06/09/2026 17:17,2026-06-09 17:24:15,  Georgia State University ,Atlantic Station,member
R101515,2026-06-15 14:23:00,2026-06-15 14:41:24,Georgia State University,Piedmont Park,member
R101655,2026-06-17 18:03:00,17-Jun-2026 18:18,Ponce City Market,Centennial Olympic Park,member
R103799,07/09/2026 20:04,2026-07-09 20:12:20,GEORGIA STATE UNIVERSITY,Midtown MARTA,member
R102412,2026-06-24 08:45:00,2026-06-24 08:57:13,  Ponce City Market ,Georgia State University,member
R105346,2026-07-24 09:28:00,2026-07-24 09:48:59,Ponce City Market,Georgia State University,member
R100780,2026-06-08 15:12:00,06/08/2026 15:25,Georgia State University,Midtown MARTA,member
R103199,2026-07-02 17:40:00,2026-07-02 17:49:16,midtown marta,piedmont park,member
R102690,2026-06-27 19:56:00,27-Jun-2026 19:57,Ponce City Market,  Centennial Olympic Park ,casual
R103769,2026-07-08 06:31:00,2026-07-08 06:40:14,Midtown MARTA,Piedmont Park,member
R100443,2026-06-05 10:09:00,2026-06-05 10:22:30,Centennial Olympic Park,Ponce City Market,member
R104568,07/16/2026 19:35,2026-07-16 19:46:06,Georgia State University,Ponce City Market,member
R105589,07/26/2026 15:17,2026-07-26 15:35:12,Georgia State University,  Ponce City Market ,member
R104375,2026-07-15 09:05:00,2026-07-15 09:13:24,Midtown MARTA,Georgia State University,member
R104914,07/19/2026 14:48,19-Jul-2026 14:53,Ponce City Market,Piedmont Park,member
R104088,2026-07-11 10:28:00,2026-07-11 10:35:10,Centennial Olympic Park,Ponce City Market,member
R101878,2026-06-19 15:26:00,2026-06-19 15:41:53,Midtown MARTA,CENTENNIAL OLYMPIC PARK,member
R102883,2026-06-29 18:28:00,2026-06-29 18:40:17,GEORGIA STATE UNIVERSITY,Atlantic Station,casual
R105056,2026-07-21 07:43:00,07/21/2026 07:51,Georgia State University,Midtown MARTA,member
R103696,2026-07-08 18:24:00,2026-07-08 18:36:38,  Georgia State University ,Centennial Olympic Park,member
R101835,19-Jun-2026 17:57,2026-06-19 18:28:11,Piedmont Park,Centennial Olympic Park,casual
R102057,2026-06-21 07:19:00,2026-06-21 07:34:29,Midtown MARTA,  Centennial Olympic Park ,casual
R101199,2026-06-12 08:55:00,06/12/2026 09:09,CENTENNIAL OLYMPIC PARK,  Midtown MARTA ,member
R103621,2026-07-07 17:55:00,2026-07-07 18:07:12,Midtown MARTA,Atlantic Station,member
R104458,07/16/2026 17:17,07/16/2026 17:24,  Georgia State University ,Krog Street Market,member
R103749,2026-07-08 16:44:00,2026-07-08 16:56:11,  Ponce City Market ,Georgia State University,member
R102770,06/28/2026 15:23,2026-06-28 15:46:57,West End,Piedmont Park,casual
R100582,06/06/2026 15:50,2026-06-06 15:58:11,Ponce City Market,Midtown MARTA,member
R100496,2026-06-05 14:51:00,2026-06-05 15:05:17,Midtown MARTA,Centennial Olympic Park,member
R102554,2026-06-25 07:21:00,2026-06-25 07:29:51,Midtown MARTA,Centennial Olympic Park,member
R101931,19-Jun-2026 21:37,2026-06-19 21:47:11,Centennial Olympic Park,Midtown MARTA,member
R103786,2026-07-09 11:17:00,2026-07-09 11:23:26,GEORGIA STATE UNIVERSITY,  Midtown MARTA ,member
R102158,2026-06-22 17:33:00,2026-06-22 17:39:00,Krog Street Market,GRANT PARK,member
R103381,2026-07-05 08:43:00,2026-07-05 09:07:55,Midtown MARTA,Piedmont Park,casual
R103871,2026-07-09 10:50:00,2026-07-09 11:00:48,Centennial Olympic Park,West End,member
R105556,2026-07-26 12:01:00,2026-07-26 12:22:01,Krog Street Market,Georgia State University,casual
R104262,2026-07-14 19:05:00,2026-07-14 19:19:00,GEORGIA STATE UNIVERSITY,Centennial Olympic Park,member
R105342,2026-07-24 10:45:00,2026-07-24 10:56:32,Centennial Olympic Park,Grant Park,member
R105212,2026-07-22 08:27:00,22-Jul-2026 08:52,Ponce City Market,Georgia State University,casual
R101590,2026-06-16 09:11:00,2026-06-16 09:21:29,Atlantic Station,Ponce City Market,member
R102018,06/21/2026 14:18,21-Jun-2026 14:27,Georgia State University,  Piedmont Park ,member
R101145,2026-06-12 16:03:00,2026-06-22 16:03:00,  Centennial Olympic Park ,Midtown MARTA,casual
R100963,2026-06-10 10:55:00,2026-06-10 11:00:48,  Georgia State University ,  Midtown MARTA ,member
R100383,04-Jun-2026 03:02,2026-06-04 03:10:06,Centennial Olympic Park,Ponce City Market,casual
R102434,2026-06-24 16:00:00,24-Jun-2026 16:05,Ponce City Market,Atlantic Station,member
R105844,2026-07-29 07:33:00,2026-07-29 07:46:06,Centennial Olympic Park,Atlantic Station,casual
R101134,2026-06-12 08:44:00,06/12/2026 09:11,Centennial Olympic Pk,Atlantic Station,casual
R101902,2026-06-19 08:35:00,2026-06-19 08:42:43,Midtown MARTA,Piedmont Park,member
R103953,07/10/2026 15:54,07/10/2026 16:06,Midtown MARTA,Atlantic Station,member
R101782,2026-06-18 11:04:00,2026-06-18 11:12:41,Ponce City Market,LITTLE FIVE POINTS,member
R102188,22-Jun-2026 18:21,2026-06-22 18:31:04,Midtown MARTA,Ponce City Market,member
R102468,2026-06-25 10:36:00,06/25/2026 10:45,Piedmont Park,Centennial Olympic Park,member
R105028,2026-07-20 14:29:00,07/20/2026 14:42,Georgia State University,atlantic station,member
R100118,2026-06-01 16:21:00,2026-06-04 16:21:00,Georgia State University,PONCE CITY MARKET,member
R105128,21-Jul-2026 16:17,2026-07-21 16:30:51,Midtown MARTA,Centennial Olympic Park,member
R104623,2026-07-17 08:08:00,07/17/2026 08:14,Midtown MARTA,GRANT PARK,member
R103483,2026-07-06 16:57:00,2026-07-06 17:07:02,Midtown MARTA,Ponce City Market,member
R103333,2026-07-04 11:41:00,07/04/2026 12:12,Ponce City Market,Midtown MARTA,casual
R105678,2026-07-27 13:47:00,2026-07-27 14:03:53,Midtown MARTA,centennial olympic park,casual
R101784,2026-06-18 18:40:00,06/18/2026 18:51,Piedmont Park,Midtown MARTA,member
R104887,19-Jul-2026 07:05,2026-07-19 07:32:04,Ponce City Market,Midtown MARTA,casual
R103049,2026-07-01 17:47:00,07/01/2026 18:14,Centennial Olympic Park,little five points,casual
R101168,2026-06-12 14:21:00,06/12/2026 14:29,Ponce City Market,Centennial Olympic Park,member
R100462,2026-06-05 19:47:00,2026-06-05 20:00:38,Ponce City Market,Centennial Olympic Park,member
R103175,2026-07-02 07:01:00,2026-07-02 07:14:42,Atlantic Station,PONCE CITY MARKET,member
R103158,2026-07-02 10:06:00,2026-07-02 10:21:02,Centennial Olympic Park,Georgia State University,member
R100087,06/01/2026 17:43,2026-06-01 17:57:20,Midtown MARTA,Georgia State University,member
R103436,2026-07-05 14:51:00,2026-07-05 15:09:10,Centennial Olympic Park,Ponce City Market,member
R103335,07/04/2026 10:19,07/04/2026 10:28,Ponce City Market,Georgia State University,member
R100262,2026-06-03 08:13:00,2026-06-03 08:28:05,Atlantic Station,Piedmont Park,member
R102280,23-Jun-2026 14:11,2026-06-23 14:24:12,Midtown MARTA,Piedmont Park,member
R102830,2026-06-28 16:50:00,2026-06-28 17:12:17,Ponce City Market,Centennial Olympic Park,casual
R103866,2026-07-09 07:10:00,07/09/2026 07:26,Ponce City Market,Midtown MARTA,casual
R102862,2026-06-29 07:25:00,2026-06-29 07:34:31,Midtown MARTA,Ponce City Market,member
R102348,2026-06-24 18:01:00,2026-06-24 18:14:29,Ponce City Market,Midtown MARTA,member
R100786,06/08/2026 19:47,06/08/2026 20:00,Georgia State University,Ponce City Market,casual
R105363,07/24/2026 15:46,24-Jul-2026 15:51,Midtown MARTA,Ponce City Market,member
R103347,2026-07-04 07:01:00,2026-07-04 07:13:10,Centennial Olympic Park,Georgia State University,member
R105478,25-Jul-2026 03:22,2026-07-25 03:32:56,Midtown MARTA,Ponce City Market,member
R104327,14-Jul-2026 16:06,2026-07-14 16:14:31,Midtown MARTA,Centennial Olympic Park,member
R102898,2026-06-29 07:08:00,2026-06-29 07:15:56,West End,Georgia State University,member
R104586,2026-07-17 15:44:00,2026-07-23 15:44:00,Krog Street Market,Midtown MARTA,member
R101462,2026-06-15 07:41:00,2026-06-15 07:52:10,Midtown MARTA,West End,member
R105835,07/29/2026 16:39,2026-07-29 16:58:18,Midtown MARTA,Ponce City Market,casual
R102515,25-Jun-2026 14:42,2026-06-25 14:49:54,Krog Street Market,GEORGIA STATE UNIVERSITY,member
R102961,06/30/2026 06:54,2026-06-30 06:56:51,Atlantic Station,Midtown MARTA,member
R104575,2026-07-16 08:02:00,07/16/2026 08:09,Georgia State University,MIDTOWN MARTA,member
R100799,2026-06-08 16:39:00,2026-06-08 16:51:58,Midtown MARTA,Centennial Olympic Park,member
R104701,2026-07-18 13:23:00,2026-07-18 13:38:49,Piedmont Park,CENTENNIAL OLYMPIC PARK,casual
R102689,2026-06-27 18:31:00,2026-06-27 18:42:28,Midtown MARTA,Georgia State University,member
R103238,2026-07-03 14:21:00,2026-07-03 14:31:52,GEORGIA STATE UNIVERSITY,Krog Street Market,member
R103774,2026-07-09 08:14:00,2026-07-09 08:31:23,Ponce City Market,Midtown MARTA,member
R102092,2026-06-21 08:36:00,21-Jun-2026 08:46,Midtown MARTA,Ponce City Market,member
R105333,07/24/2026 09:16,2026-07-24 09:29:40,Centennial Olympic Park,Georgia State University,member
R102516,25-Jun-2026 07:39,2026-06-25 07:43:16,Midtown MARTA,Georgia State University,member
R101585,2026-06-16 07:53:00,06/16/2026 08:05,Ponce City Market,West End,member
R103111,02-Jul-2026 18:49,07/02/2026 19:20,Grant Park,Atlantic Station,casual
R103878,2026-07-09 09:53:00,2026-07-09 10:01:21,atlantic station,Ponce City Market,member
R102832,2026-06-28 16:41:00,06/28/2026 16:50,ATLANTIC STATION,Ponce City Market,member
R104484,2026-07-16 16:18:00,16-Jul-2026 16:24,Midtown MARTA,Piedmont Park,member
R104222,2026-07-13 15:00:00,2026-07-13 15:14:32,Georgia State University,  Centennial Olympic Park ,member
R101213,12-Jun-2026 18:08,2026-06-12 18:29:58,Little Five Points,,casual
R102142,2026-06-22 13:21:00,22-Jun-2026 13:35,Midtown MARTA,Centennial Olympic Pk,member
R101639,2026-06-17 18:31:00,17-Jun-2026 18:40,GEORGIA STATE UNIVERSITY,Centennial Olympic Park,member
R103130,2026-07-02 07:53:00,2026-07-02 08:25:47,Midtown MARTA,Little Five Points,casual
R104574,16-Jul-2026 07:51,2026-07-16 08:08:29,Georgia State University,  Ponce City Market ,casual
R103334,07/04/2026 15:19,2026-07-04 15:26:14,Centennial Olympic Park,Ponce City Market,member
R101099,2026-06-11 22:21:00,06/11/2026 22:36,midtown marta,LITTLE FIVE POINTS,member
R102355,06/24/2026 19:49,2026-06-24 19:54:46,Georgia State University,  Centennial Olympic Park ,member
R104857,2026-07-19 16:35:00,2026-07-19 16:40:22,Midtown MARTA,Centennial Olympic Park,member
R102662,2026-06-27 08:18:00,06/27/2026 08:26,Ponce City Market,Midtown MARTA,member
R100971,06/10/2026 08:57,2026-06-10 09:19:57,Ponce City Market,Georgia State University,casual
R105010,2026-07-20 18:58:00,07/20/2026 19:15,Ponce City Market,Little Five Points,member
R102640,06/26/2026 17:39,2026-06-26 18:05:12,Grant Park,  Atlantic Station ,casual
R103017,06/30/2026 09:02,2026-06-30 09:17:31,Georgia State University,Ponce City Market,casual
R100442,2026-06-05 08:17:00,2026-06-05 08:34:32,MIDTOWN MARTA,  Krog Street Market ,member
R100878,2026-06-09 07:28:00,2026-06-09 07:34:57,Ponce City Market,MIDTOWN MARTA,member
R104137,2026-07-12 08:39:00,2026-07-12 08:49:41,Ponce City Market,Midtown MARTA,member
R100270,2026-06-03 13:30:00,2026-06-03 13:56:00,ponce city market,Atlantic Station,casual
R105769,2026-07-28 16:54:00,28-Jul-2026 17:03,midtown marta,PIEDMONT PARK,member
R100365,06/04/2026 20:58,2026-06-04 21:00:30,ATLANTIC STATION,PONCE CITY MARKET,member
R105773,2026-07-28 16:04:00,2026-07-28 16:05:34,Ponce City Market,Centennial Olympic Park,member
R101553,2026-06-16 10:00:00,2026-06-16 10:17:28,  Atlantic Station ,centennial olympic park,member
R101304,2026-06-13 14:12:00,2026-06-13 14:12:00,Midtown MARTA,Midtown MARTA,casual
R104285,2026-07-14 08:46:00,07/14/2026 08:58,ponce city market,Midtown MARTA,member
R103936,2026-07-10 19:21:00,2026-07-10 19:33:33,Piedmont Park,midtown marta,member
R105308,23-Jul-2026 06:40,2026-07-23 06:48:48,ATLANTIC STATION,west end,member
R101468,06/15/2026 17:06,15-Jun-2026 17:15,Centennial Olympic Park,Ponce City Market,member
R101569,06/16/2026 21:04,06/16/2026 21:37,Centennial Olympic Park,Georgia State University,casual
R105638,2026-07-27 17:24:00,07/27/2026 17:41,Ponce City Market,  Midtown MARTA ,casual
R100627,06/07/2026 16:55,06/07/2026 17:15,Georgia State University,Atlantic Station,casual
R101532,2026-06-16 13:19:00,2026-06-16 13:28:39,  Midtown MARTA ,Georgia State University,member
R102959,30-Jun-2026 08:02,2026-06-30 08:09:59,Ponce City Market,Krog Street Market,member
R103468,07/06/2026 08:58,06-Jul-2026 09:02,little five points,Centennial Olympic Park,member
R104917,2026-07-20 20:27:00,2026-07-20 20:39:49,Atlantic Station,Georgia State University,member
R102815,06/28/2026 15:25,2026-06-28 16:03:22,Grant Park,Piedmont Park,casual
R100633,2026-06-07 14:22:00,2026-06-07 14:35:25,Ponce City Market,Krog Street Market,casual
R100341,2026-06-04 18:32:00,2026-06-04 18:42:21,Georgia State University,Atlantic Station,member
R105107,2026-07-21 07:58:00,2026-07-21 08:22:41,Midtown MARTA,ponce city market,casual
R102275,2026-06-23 17:15:00,2026-06-23 17:25:22,PONCE CITY MARKET,Georgia State University,member
R103007,06/30/2026 07:13,2026-06-30 07:32:04,Grant Park,Piedmont Park,casual
R101172,2026-06-12 13:24:00,2026-06-12 13:33:49,Georgia State University,MIDTOWN MARTA,member
R103925,2026-07-10 12:59:00,07/10/2026 13:05,Ponce City Market,  Little Five Points ,member
R103880,2026-07-09 11:48:00,2026-07-09 11:54:28,Ponce City Market,midtown marta,member
R101603,2026-06-16 13:48:00,2026-06-16 13:56:28,Centennial Olympic Park,Georgia State University,member
R101190,06/12/2026 08:06,06/12/2026 08:12,Georgia State University,Ponce City Market,member
R100553,2026-06-06 10:37:00,2026-06-06 10:48:15,Ponce City Market,Centennial Olympic Park,member
R105316,24-Jul-2026 21:57,2026-07-24 22:04:27,Midtown MARTA,little five points,member
R103338,2026-07-04 22:32:00,2026-07-04 22:43:42,Midtown MARTA,ponce city market,member
R101887,2026-06-19 19:58:00,2026-06-19 20:11:27,Ponce City Market,Centennial Olympic Park,casual
R103376,2026-07-04 13:59:00,07/04/2026 14:11,Midtown MARTA,centennial olympic park,member
R100796,08-Jun-2026 08:52,06/08/2026 09:07,Georgia State University,Grant Park,member
R102791,2026-06-28 10:43:00,06/28/2026 10:50,Georgia State University,Centennial Olympic Park,member
R102154,06/22/2026 08:27,2026-06-22 08:43:10,Atlantic Station,Midtown MARTA,member
R104699,07/18/2026 17:48,2026-07-18 18:04:11,Midtown MARTA,West End,member
R104902,2026-07-19 07:54:00,2026-07-19 08:00:42,  Centennial Olympic Park ,Georgia State University,member
R102525,2026-06-25 16:39:00,2026-06-25 16:45:12,  Ponce City Market ,Little Five Points,member
R103714,2026-07-08 11:34:00,2026-07-08 11:38:07,ponce city market,Georgia State University,member
R105481,2026-07-25 12:04:00,2026-07-25 12:31:28,Piedmont Park,GEORGIA STATE UNIVERSITY,casual
R104555,2026-07-16 15:04:00,2026-07-16 15:09:46,Midtown MARTA,Ponce City Market,member
R104801,2026-07-19 08:42:00,19-Jul-2026 09:25,Piedmont Pk,Midtown MARTA,casual
R103733,07/08/2026 16:05,2026-07-08 16:15:13,Piedmont Park,Ponce City Market,member
R103317,04-Jul-2026 19:49,2026-07-04 19:55:27,Georgia State University,Midtown MARTA,
R104838,2026-07-19 08:43:00,2026-07-19 08:55:14,Georgia State University,Ponce City Market,casual
R104230,07/13/2026 19:31,2026-07-13 19:54:50,Ponce City Market,Little Five Points,casual
R105921,2026-07-30 08:04:00,2026-07-30 08:13:26,Midtown MARTA,GEORGIA STATE UNIVERSITY,member
R100572,06/06/2026 14:18,2026-06-06 14:44:08,Midtown MARTA,Centennial Olympic Park,casual
R101000,2026-06-10 20:38:00,10-Jun-2026 20:42,Midtown MARTA,Centennial Olympic Park,member
R103393,2026-07-05 11:25:00,07/05/2026 11:59,Centennial Olympic Park,Georgia State University,casual
R101513,2026-06-15 16:50:00,2026-06-15 17:18:45,PIEDMONT PARK,Krog Street Market,casual
R100819,2026-06-09 12:58:00,2026-06-09 13:31:16,Piedmont Park,Centennial Olympic Park,casual
R100708,06/08/2026 11:43,08-Jun-2026 11:50,PONCE CITY MARKET,Atlantic Station,member
R102609,2026-06-26 15:10:00,2026-06-26 15:23:37,ATLANTIC STATION,Midtown MARTA,member
R103746,2026-07-08 06:48:00,2026-07-08 06:40:00,atlantic station,Georgia State University,member
R100839,2026-06-09 14:52:00,06/09/2026 14:57,West End,Midtown MARTA,member
R101534,2026-06-16 08:49:00,2026-06-16 09:04:18,Ponce City Market,  Georgia State University ,member
R104786,07/18/2026 13:05,2026-07-18 13:22:17,Centennial Olympic Park,Little Five Points,casual
R100642,06/07/2026 14:39,2026-06-07 14:46:50,Ponce City Market,georgia state university,casual
R105238,2026-07-23 06:15:00,2026-07-23 06:36:02,Ponce City Market,Midtown MARTA,member
R100546,06/06/2026 08:29,2026-06-06 08:36:39,Midtown MARTA,Ponce City Market,member
R105087,07/21/2026 18:02,07/21/2026 18:10,Ponce City Market,Midtown MARTA,member
R100469,2026-06-05 06:54:00,2026-06-05 07:11:04,GRANT PARK,Atlantic Station,member
R103392,2026-07-05 11:05:00,2026-07-05 11:22:48,Piedmont Park,Midtown MARTA,casual
R101104,2026-06-11 18:26:00,2026-06-11 18:40:50,Atlantic Station,Midtown MARTA,member
R100829,09-Jun-2026 11:47,06/09/2026 12:10,midtown marta,GRANT PARK,casual
R100403,2026-06-04 18:19:00,06/04/2026 18:53,Georgia State University,  Ponce City Market ,casual
R105560,2026-07-26 13:58:00,2026-07-26 13:59:00,Krog Street Market,MIDTOWN MARTA,member
R102141,2026-06-22 20:19:00,2026-06-22 20:37:41,Ponce City Market,Centennial Olympic Park,member
R105696,2026-07-27 07:08:00,07/27/2026 07:13,Ponce City Market,Midtown MARTA,member
R105506,2026-07-26 12:19:00,2026-07-26 12:40:35,Piedmont Park,Krog Street Market,casual
R102466,06/25/2026 07:39,2026-06-25 07:51:17,ATLANTIC STATION,Georgia State University,member
R105109,2026-07-21 21:01:00,2026-07-21 21:12:44,Krog Street Market,Little Five Points,member
R105184,07/22/2026 10:00,2026-07-22 10:16:33,Centennial Olympic Park,Georgia State University,member
R102743,2026-06-28 12:25:00,2026-06-28 12:37:17,Centennial Olympic Park,Midtown MARTA,casual
R105084,2026-07-21 08:19:00,2026-07-21 08:36:07,Georgia State University,MIDTOWN MARTA,member
R101086,06/11/2026 17:10,2026-06-11 17:17:00,Ponce City Market,Atlantic Station,member
R104304,2026-07-14 05:27:00,07/14/2026 05:32,little five points,  Centennial Olympic Park ,member
R102814,06/28/2026 08:38,2026-06-28 08:46:56,midtown marta,Centennial Olympic Park,member
R104738,2026-07-18 07:37:00,2026-07-18 07:43:43,Midtown MARTA,Georgia State University,member
R104356,2026-07-14 03:08:00,2026-07-14 03:35:08,  Ponce City Market ,Georgia State University,casual
R104672,2026-07-17 15:29:00,2026-07-17 15:41:34,Krog Street Market,Midtown MARTA,member
R101244,2026-06-12 16:20:00,2026-06-12 16:20:00,Ponce City Market,Ponce City Market,casual
R102166,2026-06-22 13:54:00,2026-06-22 14:37:47,Centennial Olympic Park,midtown marta,casual
R100723,08-Jun-2026 13:56,06/08/2026 14:06,Centennial Olympic Park,Midtown MARTA,member
R105561,2026-07-26 11:52:00,07/26/2026 11:58,Georgia State University,atlantic station,member
R101698,2026-06-17 15:40:00,2026-06-17 15:47:32,Piedmont Park,Ponce City Market,member
R100821,2026-06-09 10:43:00,06/09/2026 10:47,Midtown MARTA,,casual
R100395,2026-06-04 17:40:00,2026-06-04 18:05:06,Centennial Olympic Park,Midtown MARTA,casual
R104362,2026-07-14 11:54:00,07/14/2026 12:06,Georgia State University,Midtown MARTA,member
R105441,2026-07-25 14:21:00,2026-07-25 14:47:48,Georgia State University,piedmont park,casual
R102496,06/25/2026 06:44,2026-06-25 06:55:23,CENTENNIAL OLYMPIC PARK,Georgia State University,member
R103056,2026-07-01 08:08:00,01-Jul-2026 08:24,Georgia State University,Midtown MARTA,member
R105806,2026-07-29 15:22:00,2026-07-29 15:35:12,PONCE CITY MARKET,Georgia State University,member
R103215,07/03/2026 07:09,2026-07-03 07:39:22,Ponce City Market,Midtown MARTA,casual
R105836,07/29/2026 08:31,29-Jul-2026 08:37,Midtown MARTA,Ponce City Market,member
R103737,2026-07-08 02:05:00,08-Jul-2026 02:23,Ponce City Market,Atlantic Station,member
R105479,2026-07-25 14:15:00,2026-07-25 14:22:05,Ponce City Market,Centennial Olympic Park,casual
R103453,2026-07-05 13:56:00,2026-07-05 14:04:34,Ponce City Market,Midtown MARTA,member
R100100,2026-06-01 13:36:00,01-Jun-2026 13:47,Midtown MARTA,Atlantic Station,member
R105186,07/22/2026 16:26,2026-07-22 16:42:52,Midtown MARTA,Krog Street Market,member
R102813,2026-06-28 17:47:00,06/28/2026 18:03,Midtown MARTA,Georgia State University,member
R104726,2026-07-18 10:10:00,2026-07-18 10:21:15,Ponce City Market,Atlantic Station,member
R103522,07/06/2026 15:26,2026-07-06 15:36:03,Georgia State University,Ponce City Market,member
R103253,2026-07-03 07:20:00,2026-07-03 07:56:42,Centennial Olympic Park,Ponce City Market,casual
R101840,2026-06-19 08:09:00,19-Jun-2026 08:20,  Ponce City Market ,Midtown MARTA,member
R104634,2026-07-17 17:13:00,2026-07-17 17:40:20,Midtown MARTA,Atlantic Station,casual
R105595,07/26/2026 09:20,26-Jul-2026 09:35,midtown marta,  Centennial Olympic Park ,casual
R101405,2026-06-14 08:37:00,2026-06-14 08:49:20,Centennial Olympic Park,Midtown MARTA,member
R102439,2026-06-24 17:01:00,2026-06-24 17:22:11,Midtown MARTA,Piedmont Park,casual
R104152,2026-07-12 06:36:00,12-Jul-2026 06:47,Centennial Olympic Park,midtown marta,member
R103761,07/08/2026 09:11,2026-07-08 09:16:59,West End,Midtown MARTA,member
R101934,06/20/2026 17:56,2026-06-20 18:22:58,PONCE CITY MARKET,Midtown MARTA,casual
R105162,2026-07-22 13:54:00,2026-07-22 14:07:10,Georgia State University,Grant Pk,member
R105587,2026-07-26 17:02:00,2026-07-26 17:06:02,Midtown MARTA,  Georgia State University ,member
R101745,2026-06-18 20:11:00,2026-06-18 20:26:42,Georgia State University,Centennial Olympic Pk,member
R100756,2026-06-08 16:14:00,08-Jun-2026 16:33,Midtown MARTA,Atlantic Station,member
R105298,23-Jul-2026 15:30,2026-07-23 15:54:42,Centennial Olympic Park,Midtown MARTA,casual
R102957,2026-06-30 07:49:00,2026-06-30 07:58:34,Atlantic Station,Midtown MARTA,member
R105546,07/26/2026 21:29,2026-07-26 21:46:12,GEORGIA STATE UNIVERSITY,Krog Street Market,casual
R102027,2026-06-21 03:32:00,06/21/2026 03:48,Piedmont Park,Atlantic Station,member
R104286,07/14/2026 19:29,14-Jul-2026 19:50,  Georgia State University ,Atlantic Station,casual
R101681,2026-06-17 15:50:00,06/17/2026 16:03,Midtown MARTA,ATLANTIC STATION,member
R102248,2026-06-23 20:43:00,23-Jun-2026 20:48,Atlantic Station,Midtown MARTA,member
R103517,2026-07-06 07:13:00,06-Jul-2026 07:26,Atlantic Station,Centennial Olympic Park,member
R101243,2026-06-12 17:49:00,06/12/2026 18:01,Midtown MARTA,Krog Street Market,member
R103865,2026-07-09 04:52:00,2026-07-09 05:02:40,Ponce City Market,Centennial Olympic Park,member
R102614,2026-06-26 08:49:00,2026-06-26 09:03:38,  Centennial Olympic Park ,PONCE CITY MARKET,member
R101380,2026-06-14 06:06:00,2026-06-14 06:12:29,Centennial Olympic Park,Georgia State University,member
R100847,2026-06-09 18:28:00,2026-06-09 18:39:03,Georgia State University,Midtown MARTA,member
R103013,30-Jun-2026 16:54,2026-06-30 17:09:21,Georgia State University,Ponce City Market,member
R103938,2026-07-10 08:42:00,07/10/2026 08:52,Little Five Points,Ponce City Market,member
R100431,05-Jun-2026 14:01,2026-06-05 14:08:11,midtown marta,Atlantic Station,
R103314,07/04/2026 08:02,2026-07-04 08:37:22,Krog Street Market,Ponce City Market,casual
R102817,2026-06-28 14:42:00,2026-06-28 14:58:03,Midtown MARTA,Centennial Olympic Park,member
R100960,2026-06-10 10:16:00,2026-06-10 10:28:51,GEORGIA STATE UNIVERSITY,Midtown MARTA,member
R100142,2026-06-02 17:01:00,2026-06-02 17:19:18,centennial olympic park,Piedmont Park,member
R105863,2026-07-29 16:33:00,29-Jul-2026 16:55,Little Five Points,Georgia State University,casual
R102281,2026-06-23 17:16:00,2026-06-23 17:29:33,Krog Street Market,Piedmont Park,member
R101052,2026-06-11 17:57:00,11-Jun-2026 18:22,Ponce City Market,Centennial Olympic Park,casual
R103845,2026-07-09 19:14:00,07/09/2026 19:25,centennial olympic park,Midtown MARTA,member
R102324,06/23/2026 07:34,2026-06-23 08:07:52,Centennial Olympic Park,Ponce City Market,casual
R104517,07/16/2026 18:28,2026-07-16 18:37:45,Midtown MARTA,Grant Park,casual
R102411,2026-06-24 18:31:00,2026-06-24 18:56:49,Midtown MARTA,Atlantic Station,casual
R100077,2026-06-01 18:39:00,2026-06-01 18:55:52,Georgia State University,CENTENNIAL OLYMPIC PARK,member
R105539,26-Jul-2026 16:10,2026-07-26 16:18:19,  Ponce City Market ,Georgia State University,member
R100179,2026-06-02 09:39:00,2026-06-02 10:02:48,Georgia State University,Midtown MARTA,casual
R104468,2026-07-16 21:18:00,2026-07-16 21:25:10,West End,Ponce City Market,member
R101927,2026-06-19 12:33:00,06/19/2026 12:51,Centennial Olympic Park,Ponce City Market,member
R105529,2026-07-26 08:15:00,07/26/2026 08:29,Centennial Olympic Park,Georgia State University,member
R101661,2026-06-17 07:59:00,2026-06-17 08:32:32,Midtown MARTA,Krog Street Market,casual
R103447,2026-07-05 11:48:00,2026-07-05 12:07:28,Ponce City Market,Georgia State University,casual
R105765,2026-07-28 17:27:00,2026-07-28 17:29:33,Midtown MARTA,Ponce City Market,
R100185,2026-06-02 18:14:00,2026-06-02 18:25:45,Georgia State University,Midtown MARTA,member
R105741,2026-07-28 12:03:00,2026-07-28 12:22:43,centennial olympic park,MIDTOWN MARTA,casual
R105872,29-Jul-2026 13:42,2026-07-29 13:53:15,Midtown MARTA,Ponce City Market,member
R103388,2026-07-05 13:09:00,2026-07-05 13:20:40,Midtown MARTA,Atlantic Station,member
R100069,2026-06-01 09:29:00,2026-06-01 09:44:41,Ponce City Market,Midtown MARTA,member
R103650,2026-07-07 20:13:00,2026-07-07 20:41:27,MIDTOWN MARTA,Krog Street Market,casual
R104283,2026-07-14 22:08:00,2026-07-14 22:26:27,Ponce City Market,Midtown MARTA,member
R102766,2026-06-28 22:24:00,2026-06-28 22:36:30,  Georgia State University ,Centennial Olympic Park,member
R102239,2026-06-22 08:57:00,2026-06-22 09:11:55,Midtown MARTA,Ponce City Market,member
R105155,2026-07-22 14:19:00,2026-07-22 15:00:28,  Midtown MARTA ,Atlantic Station,casual
R104387,2026-07-15 10:29:00,07/15/2026 10:39,Ponce City Market,Midtown MARTA,member
R103352,2026-07-04 17:18:00,04-Jul-2026 17:27,Midtown MARTA,GEORGIA STATE UNIVERSITY,member
R104288,2026-07-14 18:16:00,2026-07-14 18:32:04,Midtown MARTA,Ponce City Market,member
R103595,2026-07-07 18:51:00,07/07/2026 19:02,Ponce City Market,Midtown MARTA,member
R105634,2026-07-27 20:11:00,2026-07-27 20:16:19,Ponce City Market,Georgia State University,member
R102014,2026-06-21 00:55:00,2026-06-21 01:03:45,Midtown MARTA,Atlantic Station,casual
R101433,2026-06-15 18:27:00,2026-06-15 18:36:13,midtown marta,centennial olympic park,member
R101897,2026-06-19 18:43:00,2026-06-19 18:53:35,Midtown MARTA,Centennial Olympic Park,member
R102151,2026-06-22 18:48:00,2026-06-22 19:01:39,GEORGIA STATE UNIVERSITY,Centennial Olympic Park,member
R105226,07/22/2026 11:23,22-Jul-2026 11:27,  Midtown MARTA ,Georgia State University,member
R103773,07/09/2026 13:05,09-Jul-2026 13:20,piedmont park,  Centennial Olympic Park ,member
R105334,2026-07-24 07:28:00,07/24/2026 07:39,Little Five Points,Midtown MARTA,member
R100239,06/03/2026 12:00,06/03/2026 12:32,PONCE CITY MARKET,Midtown MARTA,casual
R105264,2026-07-23 19:51:00,2026-07-23 19:59:43,  Georgia State University ,Centennial Olympic Park,member
R104987,2026-07-20 17:44:00,2026-07-20 17:39:00,PONCE CITY MARKET,Georgia State University,casual
R102416,2026-06-24 08:00:00,06/24/2026 08:13,Ponce City Market,Centennial Olympic Park,member
R101124,06/11/2026 17:00,06/11/2026 17:02,Little Five Points,Centennial Olympic Park,member
R101851,06/19/2026 07:48,2026-07-01 07:48:00,Centennial Olympic Park,Midtown MARTA,member
R103269,2026-07-03 18:41:00,2026-07-03 18:49:15,Centennial Olympic Park,Midtown MARTA,member
R104626,2026-07-17 17:14:00,07/17/2026 17:21,Georgia State University,Midtown MARTA,member
R105291,2026-07-23 09:25:00,2026-07-23 09:25:00,Midtown MARTA,Midtown MARTA,member
R103908,07/10/2026 05:26,2026-07-10 05:45:05,Centennial Olympic Park,Georgia State University,member
R101743,18-Jun-2026 09:08,2026-06-18 09:53:39,Midtown MARTA,Ponce City Market,casual
R103182,2026-07-02 12:24:00,2026-07-02 12:56:12,  Ponce City Market ,Little Five Points,casual
R104026,07/11/2026 12:23,2026-07-11 12:51:08,Midtown MARTA,Ponce City Market,casual
R102256,2026-06-23 06:40:00,23-Jun-2026 07:00,Midtown MARTA,Georgia State University,casual
R103457,2026-07-05 14:41:00,2026-07-05 14:41:00,Ponce City Market,Ponce City Market,casual
R100787,2026-06-08 22:01:00,08-Jun-2026 22:14,Midtown MARTA,Centennial Olympic Park,member
R105406,2026-07-24 17:08:00,2026-07-24 17:21:10,Ponce City Market,MIDTOWN MARTA,casual
R102044,2026-06-21 15:13:00,2026-06-21 15:36:39,Centennial Olympic Park,Little Five Points,casual
R105075,2026-07-21 15:34:00,2026-07-21 16:06:21,CENTENNIAL OLYMPIC PARK,Ponce City Market,casual
R100600,2026-06-07 12:19:00,2026-06-07 12:37:21,Centennial Olympic Park,Atlantic Station,casual
R104566,2026-07-16 04:02:00,16-Jul-2026 04:12,Midtown MARTA,Centennial Olympic Park,member
R100980,2026-06-10 13:08:00,06/10/2026 13:15,Centennial Olympic Park,  Georgia State University ,member
R105919,2026-07-30 15:59:00,2026-07-30 16:01:58,Piedmont Park,krog street market,member
R102712,2026-06-27 16:25:00,2026-06-27 16:35:31,  Georgia State University ,Midtown MARTA,member
R103054,2026-07-01 14:01:00,2026-07-01 14:05:48,Atlantic Station,Krog Street Market,member
R103029,01-Jul-2026 16:10,07/01/2026 16:20,Ponce City Market,Atlantic Station,member
R104943,2026-07-20 09:12:00,2026-07-20 09:25:27,Piedmont Park,Georgia State University,member
R104539,2026-07-16 11:49:00,2026-07-16 12:13:01,Atlantic Station,PIEDMONT PARK,casual
R103439,05-Jul-2026 13:33,05-Jul-2026 13:52,Midtown MARTA,Krog Street Market,casual
R105637,2026-07-27 16:08:00,2026-07-27 16:10:06,Midtown MARTA,Georgia State University,member
R100428,06/05/2026 08:12,2026-06-05 08:15:42,Centennial Olympic Park,Midtown MARTA,member
R100335,04-Jun-2026 10:12,2026-06-04 10:28:17,Georgia State University,West End,member
R104711,2026-07-18 12:23:00,2026-07-18 12:56:35,Centennial Olympic Park,Midtown MARTA,casual
R104408,2026-07-15 16:59:00,2026-07-15 17:10:36,Little Five Points,Midtown MARTA,member
R104681,07/17/2026 14:58,2026-07-17 15:23:51,Midtown MARTA,Ponce City Market,casual
R101531,2026-06-16 07:01:00,2026-06-16 07:13:39,Midtown MARTA,Atlantic Station,member
R104523,16-Jul-2026 18:20,16-Jul-2026 18:36,Atlantic Station,  Midtown MARTA ,member
R103989,10-Jul-2026 10:33,07/10/2026 11:05,Krog Street Market,Ponce City Market,casual
R101132,2026-06-12 20:28:00,12-Jun-2026 20:35,  Centennial Olympic Park ,Piedmont Park,member
R103015,2026-06-30 17:05:00,06/30/2026 17:44,GEORGIA STATE UNIVERSITY,West End,casual
R101516,2026-06-15 06:18:00,2026-06-15 06:26:29,Centennial Olympic Park,GRANT PARK,member
R103396,2026-07-05 15:14:00,2026-07-05 15:38:41,Piedmont Park,Midtown MARTA,casual
R100308,06/03/2026 17:51,06/03/2026 17:58,Centennial Olympic Pk,Ponce City Market,member
R101568,06/16/2026 18:39,2026-06-16 18:45:31,Atlantic Station,Georgia State University,member
R104104,2026-07-12 13:20:00,12-Jul-2026 13:38,Georgia State University,Atlantic Station,member
R104780,2026-07-18 16:02:00,07/18/2026 16:16,Midtown MARTA,Centennial Olympic Park,member
R100333,2026-06-04 17:56:00,2026-06-04 18:13:10,  Georgia State University ,Grant Park,member
R104958,07/20/2026 13:47,20-Jul-2026 14:04,Midtown MARTA,  Georgia State University ,member
R100570,06/06/2026 12:22,2026-06-06 12:29:47,Centennial Olympic Park,  Georgia State University ,member
R102182,2026-06-22 19:25:00,2026-06-22 19:40:33,Georgia State University,Ponce City Market,member
R101923,19-Jun-2026 23:36,06/19/2026 23:49,Georgia State University,Ponce City Market,member
R104858,2026-07-19 21:45:00,2026-07-19 21:58:28,Krog Street Market,Midtown MARTA,member
R105502,2026-07-26 16:12:00,2026-07-26 16:22:38,Piedmont Park,Centennial Olympic Park,casual
R104035,2026-07-11 08:47:00,2026-07-11 08:57:12,ponce city market,Centennial Olympic Park,member
R100840,2026-06-09 09:23:00,2026-06-09 09:25:02,Ponce City Market,Atlantic Station,member
R104322,07/14/2026 18:16,2026-07-14 18:55:03,Ponce City Market,Atlantic Station,casual
R104971,07/20/2026 17:24,07/20/2026 17:36,Midtown MARTA,Centennial Olympic Park,member
R104312,2026-07-14 13:55:00,2026-07-14 14:12:13,Grant Park,  Georgia State University ,member
R105118,2026-07-21 09:40:00,21-Jul-2026 09:43,PONCE CITY MARKET,Atlantic Station,member
R103664,07/08/2026 07:47,07/08/2026 08:02,Ponce City Market,Midtown MARTA,member
R105372,07/24/2026 09:01,2026-07-24 09:03:50,Centennial Olympic Park,Midtown MARTA,member
R100385,2026-06-04 10:59:00,04-Jun-2026 11:25,Centennial Olympic Park,Midtown MARTA,casual
R104525,2026-07-16 17:46:00,2026-07-16 17:59:41,Georgia State University,MIDTOWN MARTA,member
R103813,2026-07-09 20:30:00,2026-07-09 20:51:50,Georgia State University,Atlantic Station,casual
R105842,2026-07-29 18:11:00,2026-07-29 18:24:35,Centennial Olympic Park,Midtown MARTA,member
R105170,2026-07-22 17:54:00,2026-07-22 18:05:43,Midtown MARTA,Piedmont Park,member
R101620,2026-06-17 14:09:00,2026-06-17 14:25:07,KROG STREET MARKET,Ponce City Market,member
R102163,22-Jun-2026 14:35,2026-06-22 14:49:52,Ponce City Market,Centennial Olympic Park,member
R104508,2026-07-16 01:20:00,07/16/2026 01:34,Georgia State University,Atlantic Station,member
R101420,2026-06-15 07:38:00,2026-06-15 07:49:22,PIEDMONT PARK,Midtown MARTA,member
R105676,2026-07-27 14:08:00,2026-07-27 14:17:48,  Georgia State University ,west end,member
R100674,2026-06-07 13:59:00,2026-06-07 14:03:14,GEORGIA STATE UNIVERSITY,Centennial Olympic Park,member
R104611,2026-07-17 15:01:00,2026-07-17 15:07:30,Centennial Olympic Park,Piedmont Park,member
R101819,2026-06-19 19:53:00,06/19/2026 20:34,Ponce City Market,,casual
R101690,06/17/2026 15:10,2026-06-17 15:15:45,Atlantic Station,Krog Street Market,member
R104067,2026-07-11 14:23:00,2026-07-11 14:34:35,Ponce City Market,Midtown MARTA,member
R100593,2026-06-06 11:56:00,2026-06-06 12:14:39,Midtown MARTA,centennial olympic park,casual
R103882,2026-07-09 01:22:00,07/09/2026 01:29,MIDTOWN MARTA,Centennial Olympic Park,member
R105459,07/25/2026 00:55,2026-07-25 01:08:57,Midtown MARTA,Centennial Olympic Park,casual
R100761,2026-06-08 16:46:00,06/08/2026 16:54,LITTLE FIVE POINTS,Centennial Olympic Park,member
R100273,2026-06-03 07:01:00,2026-06-03 07:09:18,  Midtown MARTA ,PONCE CITY MARKET,member
R101862,2026-06-19 16:48:00,2026-06-19 17:10:57,Midtown MARTA,Georgia State University,casual
R103087,2026-07-01 08:48:00,2026-07-01 08:57:31,Centennial Olympic Park,Midtown MARTA,member
R102920,06/29/2026 08:30,06/29/2026 08:46,Georgia State University,CENTENNIAL OLYMPIC PARK,member
R104303,2026-07-14 15:28:00,2026-07-14 15:45:34,Midtown MARTA,Grant Park,casual
R103829,2026-07-09 08:45:00,2026-07-09 08:57:19,  Ponce City Market ,Midtown MARTA,member
R105848,2026-07-29 19:58:00,2026-07-29 20:07:26,  Midtown MARTA ,Ponce City Market,member
R100146,2026-06-02 15:20:00,2026-06-02 15:34:11,Atlantic Station,  Krog Street Market ,member
R100808,2026-06-09 07:42:00,2026-06-09 07:54:06,CENTENNIAL OLYMPIC PARK,Midtown MARTA,member
R103557,2026-07-06 09:46:00,2026-07-06 09:53:41,Midtown MARTA,CENTENNIAL OLYMPIC PARK,member
R105721,27-Jul-2026 12:12,07/27/2026 12:25,Atlantic Station,Georgia State University,member
R101033,06/11/2026 06:00,2026-06-11 06:07:59,  Ponce City Market ,Midtown MARTA,member
R103361,2026-07-04 17:04:00,2026-07-04 17:15:56,Centennial Olympic Park,Georgia State University,member
R103510,07/06/2026 20:43,2026-07-06 21:00:04,Ponce City Market,Midtown MARTA,member
R103941,2026-07-10 09:08:00,2026-07-10 09:32:51,Ponce City Market,Georgia State University,casual
R101340,14-Jun-2026 11:44,06/14/2026 11:58,  Midtown MARTA ,Atlantic Station,member
R103291,2026-07-04 07:08:00,2026-07-04 07:30:18,GEORGIA STATE UNIVERSITY,Ponce City Market,casual
R100795,2026-06-08 09:48:00,08-Jun-2026 10:04,Georgia State University,Ponce City Market,casual
R104561,2026-07-16 08:58:00,2026-07-16 08:59:00,Atlantic Station,West End,member
R104386,2026-07-15 08:15:00,2026-07-15 08:15:00,Ponce City Market,Ponce City Market,member
R104433,07/15/2026 08:09,15-Jul-2026 08:21,Centennial Olympic Park,,member
R102215,22-Jun-2026 11:59,06/22/2026 12:02,Midtown MARTA,Georgia State University,casual
R100877,2026-06-09 18:59:00,2026-06-09 19:09:51,Georgia State University,,member
R101053,2026-06-11 10:46:00,2026-06-11 10:51:10,atlantic station,Midtown MARTA,member
R102988,06/30/2026 08:32,2026-06-30 08:47:03,Centennial Olympic Park,Krog Street Market,member
R105432,25-Jul-2026 14:12,07/25/2026 14:45,Ponce City Market,Krog Street Market,casual
R105496,2026-07-26 11:19:00,2026-07-26 11:32:01,Atlantic Station,Ponce City Market,member
R102414,2026-06-24 18:40:00,06/24/2026 18:58,Ponce City Market,Little Five Points,member
R101195,06/12/2026 09:37,2026-06-12 10:05:49,Krog Street Market,Georgia State University,casual
R105646,27-Jul-2026 17:25,2026-07-27 17:16:00,Midtown MARTA,Ponce City Market,member
R102004,2026-06-20 17:40:00,06/20/2026 18:19,Midtown MARTA,Ponce City Market,casual
R100498,06/05/2026 07:47,2026-06-05 07:54:11,Midtown MARTA,West End,casual
R102201,2026-06-22 08:29:00,2026-06-22 08:40:06,  Ponce City Market ,  Krog Street Market ,member
R104541,2026-07-16 15:58:00,16-Jul-2026 16:09,Centennial Olympic Park,Georgia State University,member
R104434,2026-07-15 08:49:00,07/15/2026 09:09,Georgia State University,Centennial Olympic Park,member
R103282,2026-07-03 17:33:00,2026-07-03 17:44:29,Ponce City Market,Atlantic Station,member
R101666,17-Jun-2026 06:45,2026-06-17 06:53:37,piedmont park,Midtown MARTA,member
R105265,2026-07-23 21:06:00,2026-07-23 21:22:39,  Centennial Olympic Park ,Ponce City Market,member
R100743,08-Jun-2026 18:50,2026-06-08 19:01:06,Midtown MARTA,Georgia State University,member
R104148,07/12/2026 01:37,2026-07-12 01:38:00,Centennial Olympic Park,Ponce City Market,casual
R101787,06/18/2026 21:22,06/18/2026 21:22,piedmont park,piedmont park,member
R104822,2026-07-19 13:06:00,07/19/2026 13:27,Atlantic Station,Centennial Olympic Park,casual
R102715,2026-06-27 12:24:00,06/27/2026 12:26,Ponce City Market,Midtown MARTA,member
R103096,07/01/2026 15:41,2026-07-01 15:51:32,West End,,member
R101043,2026-06-11 20:40:00,2026-06-11 20:53:31,Ponce City Market,Little Five Points,member
R100120,2026-06-01 07:57:00,2026-06-01 08:11:43,Midtown MARTA,Centennial Olympic Park,member
R102384,06/24/2026 16:00,2026-06-24 16:13:35,Little Five Points,Midtown MARTA,member
R101197,2026-06-12 14:56:00,2026-06-12 15:18:06,Ponce City Market,Georgia State University,casual
R102372,06/24/2026 10:51,2026-06-24 11:01:03,Ponce City Market,Piedmont Park,member
R101129,2026-06-12 18:56:00,2026-06-12 19:15:57,Ponce City Market,Georgia State University,casual
R105463,2026-07-25 15:07:00,2026-07-25 15:16:55,Ponce City Market,Midtown MARTA,member
R104863,19-Jul-2026 08:40,07/19/2026 09:06,GEORGIA STATE UNIVERSITY,Piedmont Pk,casual
R101133,2026-06-12 19:52:00,06/12/2026 20:05,Midtown MARTA,Little Five Points,member
R102261,06/23/2026 18:36,2026-06-23 18:51:12,Midtown MARTA,Ponce City Market,member
R103203,02-Jul-2026 16:17,07/02/2026 16:52,Midtown MARTA,Georgia State University,casual
R105661,2026-07-27 18:38:00,2026-07-27 19:09:45,Atlantic Station,Centennial Olympic Park,casual
R104241,2026-07-13 14:21:00,2026-07-13 14:23:42,Ponce City Market,Centennial Olympic Park,member
R104638,2026-07-17 18:54:00,2026-07-17 19:03:33,midtown marta,KROG STREET MARKET,member
R100186,2026-06-02 09:05:00,2026-06-02 09:35:29,Centennial Olympic Park,Georgia State University,casual
R105899,2026-07-29 09:11:00,2026-07-29 09:53:39,Ponce City Market,Georgia State University,casual
R102999,2026-06-30 16:18:00,30-Jun-2026 16:32,Midtown MARTA,West End,member
R101609,2026-06-17 16:25:00,2026-06-17 16:32:56,Midtown MARTA,Georgia State University,member
R104071,2026-07-11 10:06:00,2026-07-11 10:07:47,Ponce City Market,Piedmont Park,member
R100015,2026-06-01 16:54:00,2026-06-01 17:05:18,Ponce City Market,Georgia State University,member
R104429,15-Jul-2026 16:19,2026-07-15 16:40:06,Little Five Points,Krog St. Market,casual
R103987,2026-07-10 08:30:00,07/10/2026 08:42,Midtown MARTA,Centennial Olympic Park,member
R103151,07/02/2026 06:57,07/02/2026 07:24,georgia state university,Ponce City Market,casual
R103372,2026-07-04 08:33:00,2026-07-04 08:50:49,Ponce City Market,Piedmont Park,casual
R103441,2026-07-05 00:44:00,05-Jul-2026 00:50,Ponce City Market,West End,member
R101146,2026-06-12 08:59:00,2026-06-12 09:21:01,Midtown MARTA,CENTENNIAL OLYMPIC PARK,casual
R100030,2026-06-01 06:24:00,2026-06-01 06:51:33,  Ponce City Market ,Atlantic Station,casual
R100177,06/02/2026 17:18,06/02/2026 17:26,ponce city market,CENTENNIAL OLYMPIC PARK,member
R105377,24-Jul-2026 10:30,07/24/2026 10:40,Midtown MARTA,Georgia State University,member
R101083,2026-06-11 19:08:00,2026-06-11 19:35:15,  Ponce City Market ,Midtown MARTA,casual
R103394,07/05/2026 07:20,2026-07-05 07:27:31,Midtown MARTA,Ponce City Market,member
R102333,06/24/2026 10:24,06/24/2026 11:04,Midtown MARTA,  Centennial Olympic Park ,casual
R102819,2026-06-28 14:22:00,06/28/2026 14:30,Ponce City Market,Atlantic Station,member
R105447,2026-07-25 08:06:00,2026-07-29 08:06:00,Atlantic Station,PONCE CITY MARKET,casual
R103326,2026-07-04 15:51:00,2026-07-04 16:01:27,  Midtown MARTA ,Little Five Points,member
R103001,2026-06-30 06:37:00,2026-06-30 06:42:11,Midtown MARTA,Centennial Olympic Park,member
R102604,2026-06-26 18:56:00,2026-06-26 19:10:26,Midtown MARTA,  Georgia State University ,member
R100967,2026-06-10 17:49:00,2026-06-10 17:59:32,Ponce City Market,GRANT PARK,member
R100714,08-Jun-2026 06:27,06/08/2026 06:32,Atlantic Station,Piedmont Park,member
R100001,2026-06-01 15:00:00,2026-06-01 15:18:35,Georgia State University,Ponce City Market,member
R104360,2026-07-14 08:59:00,2026-07-14 09:02:35,Atlantic Station,Ponce City Market,casual
R103420,2026-07-05 11:41:00,2026-07-05 12:12:53,Ponce City Market,Krog Street Market,casual
R102047,2026-06-21 07:39:00,06/21/2026 07:59,Midtown MARTA,West End,member
R105301,2026-07-23 07:33:00,2026-07-23 07:40:11,CENTENNIAL OLYMPIC PARK,Ponce City Market,member
R105421,07/25/2026 17:07,2026-08-10 17:07:00,Piedmont Park,Ponce City Market,member
R104314,2026-07-14 14:37:00,07/14/2026 14:50,  Georgia State University ,Little Five Points,casual
R101688,2026-06-17 09:23:00,2026-06-17 09:39:17,Ponce City Market,MIDTOWN MARTA,member
R104729,18-Jul-2026 14:43,2026-07-18 15:11:37,Midtown MARTA,Ponce City Market,casual
R104919,2026-07-20 13:17:00,2026-07-20 13:31:56,Midtown MARTA,  Piedmont Park ,member
R101679,2026-06-17 21:38:00,06/17/2026 21:47,Midtown MARTA,Atlantic Station,member
R105414,2026-07-25 09:40:00,2026-07-25 09:51:23,Midtown MARTA,Centennial Olympic Park,member
R105417,25-Jul-2026 13:36,25-Jul-2026 14:04,GEORGIA STATE UNIVERSITY,Ponce City Market,casual
R101773,06/18/2026 16:46,2026-06-18 17:05:11,Georgia State University,Atlantic Station,casual
R101778,18-Jun-2026 19:23,06/18/2026 19:32,Grant Park,PONCE CITY MARKET,member
R105233,2026-07-22 04:34:00,2026-07-22 04:45:35,midtown marta,Centennial Olympic Park,member
R102633,2026-06-26 17:29:00,2026-06-26 17:40:33,KROG STREET MARKET,Centennial Olympic Park,member
R100690,06/07/2026 09:19,2026-06-07 09:32:15,Centennial Olympic Park,Midtown MARTA,member
R103720,2026-07-08 21:20:00,2026-07-08 21:20:00,Georgia State University,Georgia State University,member
R100224,2026-06-03 08:06:00,2026-06-03 08:17:19,  Ponce City Market ,Georgia State University,member
R103537,2026-07-06 20:39:00,2026-07-06 20:48:02,Midtown MARTA,Atlantic Station,member
R101598,2026-06-16 09:38:00,2026-06-16 09:46:19,Georgia State University,Ponce City Market,casual
R104678,2026-07-17 20:38:00,2026-07-17 20:46:36,Ponce City Market,Krog Street Market,member
R100624,2026-06-07 12:51:00,06/07/2026 13:09,Ponce City Market,Midtown MARTA,member
R104344,2026-07-14 11:37:00,07/14/2026 11:43,PONCE CITY MARKET,Midtown MARTA,casual
R100764,2026-06-08 23:15:00,2026-06-08 23:31:07,Midtown MARTA,Ponce City Market,casual
R100534,06/06/2026 16:22,2026-06-06 16:32:36,Midtown MARTA,Ponce City Market,member
R100240,2026-06-03 15:19:00,2026-06-03 15:46:00,Piedmont Park,Midtown MARTA,casual
R104881,2026-07-19 18:13:00,2026-07-19 18:33:23,Ponce City Market,Midtown MARTA,casual
R105020,2026-07-20 17:36:00,20-Jul-2026 17:42,  Ponce City Market ,Centennial Olympic Park,casual
R100342,2026-06-04 16:36:00,06/04/2026 16:43,KROG STREET MARKET,Ponce City Market,member
R104884,19-Jul-2026 02:15,19-Jul-2026 02:31,Centennial Olympic Park,Ponce City Market,member
R102123,06/22/2026 19:20,2026-06-22 19:45:10,Grant Park,Georgia State University,casual
R101990,2026-06-20 21:16:00,2026-06-20 21:28:30,Centennial Olympic Park,ponce city market,member
R104924,2026-07-20 06:25:00,2026-07-20 06:58:48,Centennial Olympic Park,Piedmont Park,casual
R105146,2026-07-21 16:24:00,2026-07-21 16:34:47,Ponce City Market,Centennial Olympic Park,member
R103003,2026-06-30 06:41:00,2026-06-30 06:55:48,Midtown MARTA,Ponce City Market,casual
R104027,2026-07-11 16:55:00,2026-07-11 17:16:05,Grant Park,Ponce City Market,casual
R105946,2026-07-30 17:15:00,07/30/2026 17:21,Midtown MARTA,Atlantic Station,casual
R101768,2026-06-18 07:24:00,2026-06-18 07:31:09,Ponce City Market,MIDTOWN MARTA,member
R102896,2026-06-29 07:26:00,2026-06-29 07:31:23,GEORGIA STATE UNIVERSITY,Midtown MARTA,casual
R103363,07/04/2026 12:47,2026-07-04 12:59:18,GEORGIA STATE UNIVERSITY,Ponce City Market,member
R102098,2026-06-21 08:47:00,2026-06-21 09:01:18,Ponce City Market,Atlantic Station,casual
R104689,2026-07-17 20:16:00,2026-07-17 20:34:09,Midtown MARTA,Ponce City Market,casual
R101638,2026-06-17 09:46:00,06/17/2026 09:47,MIDTOWN MARTA,,member
R105685,2026-07-27 16:20:00,2026-07-27 16:31:11,Midtown MARTA,Ponce City Market,member
R105891,2026-07-29 08:58:00,29-Jul-2026 09:38,Centennial Olympic Park,Ponce City Market,casual
R101097,2026-06-11 07:36:00,2026-06-11 07:43:15,Atlantic Station,Piedmont Park,member
R100527,2026-06-06 07:21:00,2026-06-06 07:47:19,Georgia State University,Piedmont Park,casual
R104565,2026-07-16 07:48:00,07/16/2026 08:14,MIDTOWN MARTA,Ponce City Market,casual
R103114,02-Jul-2026 06:46,2026-07-02 07:07:12,Georgia State University,PONCE CITY MARKET,member
R101727,18-Jun-2026 05:18,2026-06-18 05:21:30,Ponce City Market,Midtown MARTA,member
R104425,2026-07-15 00:27:00,07/15/2026 00:35,Georgia State University,Midtown MARTA,member
R100060,01-Jun-2026 19:07,2026-06-01 19:29:42,atlantic station,Ponce City Market,casual
R105121,2026-07-21 16:06:00,07/21/2026 16:08,Centennial Olympic Park,Midtown MARTA,member
R105181,2026-07-22 19:59:00,2026-07-22 20:03:43,Centennial Olympic Park,Midtown MARTA,member
R101100,2026-06-11 07:34:00,2026-06-11 07:49:52,Midtown MARTA,Atlantic Station,casual
R104134,2026-07-12 12:05:00,2026-07-12 12:09:11,Atlantic Station,Little Five Points,casual
R103907,07/10/2026 17:42,2026-07-10 17:57:49,Ponce City Market,Piedmont Park,member
R100067,2026-06-01 14:21:00,06/01/2026 14:31,Midtown MARTA,Centennial Olympic Park,member
R102574,06/25/2026 15:32,2026-06-25 15:37:49,PONCE CITY MARKET,Midtown MARTA,member
R105022,2026-07-20 17:21:00,2026-07-20 17:35:58,Ponce City Market,Piedmont Park,member
R102873,06/29/2026 19:20,2026-06-29 19:31:05,Midtown MARTA,Piedmont Park,member
R102926,2026-06-29 08:14:00,2026-06-29 08:22:44,Midtown MARTA,Ponce City Market,member
R102871,06/29/2026 15:23,29-Jun-2026 15:29,Georgia State University,Grant Park,casual
R102038,2026-06-21 22:21:00,2026-06-21 22:37:08,Georgia State University,Piedmont Park,member
R103033,2026-07-01 17:14:00,07/01/2026 17:19,Ponce City Market,,member
R104226,2026-07-13 08:57:00,2026-07-13 09:13:39,Krog Street Market,Centennial Olympic Park,member
R103131,2026-07-02 18:50:00,2026-07-02 18:56:15,atlantic station,Midtown MARTA,member
R105603,2026-07-26 07:20:00,26-Jul-2026 07:44,Midtown MARTA,Georgia State University,casual
R105960,2026-07-30 07:21:00,2026-07-30 07:33:25,Centennial Olympic Park,Little Five Points,member
R102293,2026-06-23 19:30:00,2026-06-23 19:35:46,Midtown MARTA,Ponce City Market,member
R100916,2026-06-10 06:53:00,2026-06-10 07:09:03,Ponce City Market,Midtown MARTA,member
R101192,06/12/2026 12:14,2026-06-12 12:22:25,Midtown MARTA,georgia state university,member
R104813,2026-07-19 11:26:00,2026-07-19 11:32:58,Ponce City Market,Midtown MARTA,member
R104969,2026-07-20 18:11:00,20-Jul-2026 18:24,Piedmont Park,Georgia State University,member
R101774,2026-06-18 17:46:00,2026-06-18 18:12:46,  Georgia State University ,Midtown MARTA,casual
R104874,2026-07-19 08:50:00,19-Jul-2026 09:14,Centennial Olympic Park,PIEDMONT PARK,casual
R103967,10-Jul-2026 08:05,2026-07-10 08:10:39,Ponce City Market,Centennial Olympic Park,member
R103940,2026-07-10 17:09:00,2026-07-10 17:25:03,MIDTOWN MARTA,Atlantic Station,member
R101911,2026-06-19 19:33:00,2026-06-19 19:36:53,Centennial Olympic Park,Atlantic Station,member
R102848,2026-06-28 09:48:00,2026-06-28 10:36:36,Piedmont Park,Georgia State University,casual
R100126,2026-06-02 04:41:00,2026-06-02 04:51:49,Midtown MARTA,Atlantic Station,member
R101791,18-Jun-2026 08:35,2026-06-18 09:18:55,Grant Park,Midtown MARTA,casual
R105874,2026-07-29 08:14:00,07/29/2026 08:20,Little Five Points,Midtown MARTA,member
R100820,2026-06-09 04:45:00,2026-06-09 04:45:00,Midtown MARTA,Midtown MARTA,member
R100924,2026-06-10 07:38:00,10-Jun-2026 07:50,Centennial Olympic Park,Ponce City Market,member
R105594,07/26/2026 13:18,2026-07-26 13:26:44,Georgia State University,Ponce City Market,member
R100699,06/07/2026 09:26,2026-06-07 09:42:25,Piedmont Park,Georgia State University,member
R105958,2026-07-30 08:08:00,2026-07-30 08:17:01,Centennial Olympic Park,Ponce City Market,member
R102885,2026-06-29 18:54:00,2026-06-29 19:07:25,Ponce City Market,Midtown MARTA,member
R103625,07/07/2026 15:03,2026-07-07 15:12:50,Ponce City Market,Piedmont Park,member
R101781,2026-06-18 19:26:00,06/18/2026 19:51,Ponce City Market,Krog Street Market,casual
R105243,2026-07-23 13:30:00,2026-07-23 13:36:36,GRANT PARK,Ponce City Market,member
R105356,07/24/2026 13:30,2026-07-24 13:38:41,Centennial Olympic Park,Georgia State University,casual
R105074,2026-07-21 07:32:00,2026-07-21 07:41:04,Georgia State University,Midtown MARTA,member
R103375,2026-07-04 11:24:00,2026-07-04 11:46:54,Little Five Points,Midtown MARTA,casual
R101437,2026-06-15 17:54:00,2026-06-15 18:10:51,PONCE CITY MARKET,  Midtown MARTA ,member
R101996,2026-06-20 15:55:00,2026-06-20 15:55:00,Midtown MARTA,Midtown MARTA,member
R103743,07/08/2026 17:02,2026-07-08 17:08:56,Georgia State University,Midtown MARTA,member
R101288,2026-06-13 11:32:00,2026-06-13 11:42:00,  Centennial Olympic Park ,Ponce City Market,member
R101179,2026-06-12 14:20:00,2026-06-12 14:26:25,PIEDMONT PARK,Midtown MARTA,member
R102627,2026-06-26 08:41:00,26-Jun-2026 08:52,Ponce City Market,Krog Street Market,member
R102803,2026-06-28 06:43:00,06/28/2026 07:32,Midtown MARTA,  Atlantic Station ,casual
R105781,2026-07-28 18:15:00,2026-07-28 18:19:57,ATLANTIC STATION,Grant Park,member
R102393,2026-06-24 08:17:00,06/24/2026 08:35,Midtown MARTA,Grant Park,member
R101932,06/19/2026 07:54,06/19/2026 08:06,Midtown MARTA,Ponce City Market,member
R102735,28-Jun-2026 09:36,2026-06-28 09:55:47,Georgia State University,Krog Street Market,casual
R103025,2026-07-01 11:50:00,2026-07-01 12:25:31,West End,Atlantic Station,casual
R105617,2026-07-27 18:48:00,2026-07-27 19:19:11,Midtown MARTA,Georgia State University,casual
R104082,2026-07-11 09:18:00,2026-07-11 09:51:05,Midtown MARTA,Ponce City Market,casual
R104278,2026-07-14 01:24:00,07/14/2026 01:44,Centennial Olympic Park,Midtown MARTA,casual
R102911,06/29/2026 17:05,2026-06-29 17:10:31,GRANT PARK,Georgia State University,member
R103501,2026-07-06 06:48:00,2026-07-06 07:00:13,Centennial Olympic Park,Midtown MARTA,member
R100504,2026-06-05 09:56:00,2026-06-05 10:14:43,Midtown MARTA,georgia state university,member
R103905,2026-07-10 10:29:00,2026-07-10 10:37:13,CENTENNIAL OLYMPIC PARK,Midtown MARTA,member
R101334,06/14/2026 15:34,06/14/2026 15:59,Krog Street Market,Atlantic Station,casual
R102591,2026-06-26 17:03:00,2026-06-26 17:11:21,Midtown MARTA,PONCE CITY MARKET,member
R104127,2026-07-12 08:42:00,2026-07-12 09:23:02,Midtown MARTA,West End,casual
R101978,20-Jun-2026 13:36,2026-06-20 13:41:14,Ponce City Market,Centennial Olympic Park,member
R104819,2026-07-19 13:55:00,07/19/2026 14:05,Ponce City Market,GEORGIA STATE UNIVERSITY,casual
R103123,2026-07-02 19:59:00,2026-07-02 20:21:30,Grant Park,  Georgia State University ,casual
R103978,2026-07-10 16:54:00,2026-07-10 17:20:38,Georgia State University,PONCE CITY MARKET,casual
R105108,2026-07-21 11:02:00,2026-07-21 11:15:37,Midtown MARTA,Centennial Olympic Park,member
R104501,2026-07-16 21:23:00,16-Jul-2026 21:47,Georgia State University,PONCE CITY MARKET,casual
R104228,07/13/2026 02:53,2026-07-13 02:58:57,Ponce City Market,MIDTOWN MARTA,member
R102584,2026-06-26 11:45:00,06/26/2026 12:10,Georgia State University,Ponce City Market,casual
R104706,2026-07-18 08:05:00,07/18/2026 08:15,Krog Street Market,Midtown MARTA,member
R100099,2026-06-01 09:50:00,2026-06-01 09:55:01,Midtown MARTA,Ponce City Market,member
R105544,2026-07-26 10:13:00,2026-07-26 10:14:00,Ponce City Market,,casual
R103623,2026-07-07 08:48:00,2026-07-07 08:55:21,ATLANTIC STATION,Midtown MARTA,member
R100053,01-Jun-2026 15:42,2026-06-01 15:56:15,Midtown MARTA,Krog Street Market,member
R103726,2026-07-08 22:09:00,2026-07-08 22:23:59,Ponce City Market,Midtown MARTA,casual
R103295,2026-07-04 18:38:00,2026-07-04 19:23:52,Georgia State University,Piedmont Park,casual
R104686,2026-07-17 09:21:00,07/17/2026 09:33,Centennial Olympic Park,Atlantic Station,member
R102200,06/22/2026 07:07,2026-06-22 07:17:35,Centennial Olympic Park,Ponce City Market,member
R103413,2026-07-05 08:29:00,07/05/2026 08:51,MIDTOWN MARTA,,casual
R105897,2026-07-29 12:08:00,2026-07-29 12:18:11,Midtown MARTA,  Centennial Olympic Park ,member
R103959,2026-07-10 02:46:00,2026-07-10 02:59:09,ponce city market,Georgia State University,member
R100258,2026-06-03 07:19:00,2026-06-03 07:27:11,Ponce City Market,  Krog Street Market ,member
R102077,2026-06-21 20:53:00,06/21/2026 21:04,Georgia State University,Ponce City Market,casual
R105777,2026-07-28 01:19:00,28-Jul-2026 01:36,Midtown MARTA,PONCE CITY MARKET,casual
R101393,2026-06-14 12:02:00,2026-06-14 12:34:34,Centennial Olympic Pk,Midtown MARTA,casual
R102667,2026-06-27 13:18:00,2026-06-27 13:32:30,Ponce City Market,Midtown MARTA,member
R103340,2026-07-04 05:46:00,2026-07-04 05:59:15,Midtown MARTA,Ponce City Market,casual
R100430,2026-06-05 17:58:00,05-Jun-2026 18:07,Atlantic Station,Ponce City Market,member
R101050,2026-06-11 18:23:00,2026-06-11 18:32:11,Midtown MARTA,Ponce City Market,member
R105018,2026-07-20 18:38:00,2026-07-20 18:50:57,centennial olympic park,Midtown MARTA,member
R103553,2026-07-06 16:08:00,07/06/2026 16:14,Centennial Olympic Park,Midtown MARTA,member
R102487,2026-06-25 17:06:00,25-Jun-2026 17:15,  Georgia State University ,Centennial Olympic Park,member
R100307,03-Jun-2026 07:30,2026-06-03 07:39:47,Midtown MARTA,Krog Street Market,member
R103830,07/09/2026 11:19,2026-07-09 11:27:58,  Georgia State University ,midtown marta,member
R101623,2026-06-17 14:55:00,2026-06-17 15:10:35,Georgia State University,Midtown MARTA,member
R101484,2026-06-15 18:11:00,06/15/2026 18:22,Little Five Points,Krog Street Market,member
R103402,2026-07-05 12:10:00,07/05/2026 12:20,Centennial Olympic Park,Georgia State University,member
R101857,2026-06-19 09:15:00,2026-06-19 09:30:58,Atlantic Station,Centennial Olympic Park,member
R101535,2026-06-16 13:37:00,06/16/2026 14:14,Midtown MARTA,Ponce City Market,casual
R104445,07/15/2026 08:24,2026-07-15 08:35:24,Krog Street Market,Midtown MARTA,member
R101167,2026-06-12 08:05:00,2026-06-12 08:09:37,Centennial Olympic Park,GEORGIA STATE UNIVERSITY,member
R103920,2026-07-10 18:23:00,2026-07-10 18:28:14,Midtown MARTA,Atlantic Station,member
R103690,08-Jul-2026 21:00,2026-07-08 21:21:28,Atlantic Station,Centennial Olympic Park,casual
R102229,06/22/2026 16:57,2026-06-22 17:11:38,Piedmont Park,Georgia State University,member
R103075,2026-07-01 07:12:00,2026-07-01 07:29:47,Georgia State University,PONCE CITY MARKET,casual
R104414,07/15/2026 11:36,2026-07-15 11:51:25,  Midtown MARTA ,Ponce City Market,member
R104893,2026-07-19 14:10:00,07/19/2026 14:15,Atlantic Station,Midtown MARTA,member
R103541,2026-07-06 11:25:00,2026-07-06 11:26:32,Georgia State University,Atlantic Station,member
R103584,2026-07-07 07:23:00,2026-07-07 07:29:03,Midtown MARTA,Centennial Olympic Park,member
R102552,2026-06-25 19:26:00,2026-06-25 19:37:56,Piedmont Park,  Midtown MARTA ,member
R104250,07/13/2026 17:06,2026-07-13 17:21:42,CENTENNIAL OLYMPIC PARK,Grant Park,member
R100130,06/02/2026 17:18,2026-06-02 17:36:12,Centennial Olympic Park,Ponce City Market,member
R105304,07/23/2026 06:43,2026-07-23 06:51:35,Georgia State University,Ponce City Market,member
R100512,05-Jun-2026 20:04,2026-06-05 20:05:00,Centennial Olympic Park,Midtown MARTA,member
R102075,06/21/2026 06:00,2026-06-21 06:18:25,Midtown MARTA,Georgia State University,casual
R103682,2026-07-08 13:55:00,07/08/2026 14:06,GEORGIA STATE UNIVERSITY,piedmont park,member
R100348,2026-06-04 08:37:00,04-Jun-2026 08:41,Midtown MARTA,Krog Street Market,member
R105046,07/21/2026 21:22,2026-07-21 21:39:01,Midtown MARTA,Ponce City Market,casual
R102322,2026-06-23 08:08:00,06/23/2026 08:12,piedmont park,Georgia State University,casual
R101176,12-Jun-2026 21:47,2026-06-12 21:59:08,Midtown MARTA,georgia state university,member
R104911,07/19/2026 17:02,2026-07-19 17:11:11,Midtown MARTA,Ponce City Market,member
R102675,2026-06-27 11:27:00,06/27/2026 11:51,  Piedmont Park ,Ponce City Market,casual
R100679,06/07/2026 09:12,2026-06-07 09:23:58,west end,Ponce City Market,member
R101829,2026-06-19 08:42:00,2026-06-19 08:56:31,Georgia State University,Ponce City Market,member
R103037,01-Jul-2026 15:03,2026-07-01 15:14:44,  Ponce City Market ,West End,member
R105782,2026-07-28 07:04:00,07/28/2026 07:13,Midtown MARTA,Georgia State University,member
R104029,2026-07-11 12:10:00,2026-07-11 12:25:09,Georgia State University,Centennial Olympic Park,member
R104058,11-Jul-2026 09:50,07/11/2026 10:24,CENTENNIAL OLYMPIC PARK,Ponce City Market,casual
R104626,2026-07-17 17:14:00,07/17/2026 17:21,Georgia State University,Midtown MARTA,member
R101316,2026-06-13 14:12:00,06/13/2026 14:21,Centennial Olympic Park,Midtown MARTA,casual
R101012,11-Jun-2026 12:29,2026-06-11 12:34:39,  Atlantic Station ,Georgia State University,casual
R105110,2026-07-21 08:34:00,07/21/2026 08:44,Krog Street Market,  Midtown MARTA ,member
R102523,2026-06-25 07:34:00,2026-06-25 07:51:11,Midtown MARTA,Ponce City Market,member
R102786,2026-06-28 13:36:00,2026-06-28 14:13:25,Georgia State University,Ponce City Market,casual
R105695,07/27/2026 07:38,07/27/2026 07:50,Georgia State University,Grant Park,member
R102569,2026-06-25 18:25:00,2026-06-25 18:33:15,West End,Ponce City Market,member
R101527,2026-06-16 12:26:00,06/16/2026 12:36,MIDTOWN MARTA,Georgia State University,member
R105733,07/28/2026 16:26,2026-07-28 16:51:01,Centennial Olympic Park,Midtown MARTA,casual
R101706,17-Jun-2026 07:08,2026-06-17 07:16:27,Midtown MARTA,Krog Street Market,member
R104587,07/17/2026 19:31,2026-07-17 19:49:52,Ponce City Market,CENTENNIAL OLYMPIC PARK,
R105711,2026-07-27 08:33:00,2026-07-27 08:43:25,Atlantic Station,Krog Street Market,member
R100304,06/03/2026 10:14,2026-06-03 10:22:26,Atlantic Station,Midtown MARTA,casual
R103205,2026-07-02 16:44:00,02-Jul-2026 17:01,Midtown MARTA,Ponce City Market,casual
R103658,2026-07-08 17:52:00,2026-07-08 18:01:52,Atlantic Station,Georgia State University,member
R102617,2026-06-26 09:55:00,2026-06-26 10:07:30,Ponce City Market,Midtown MARTA,member
R102230,2026-06-22 11:12:00,22-Jun-2026 11:24,Piedmont Park,West End,member
R102240,06/23/2026 17:13,06/23/2026 17:30,ATLANTIC STATION,Centennial Olympic Park,member
R105384,07/24/2026 20:15,2026-07-24 20:33:06,Georgia State University,MIDTOWN MARTA,member
R102859,2026-06-29 17:05:00,2026-06-29 17:15:23,  Krog Street Market ,Midtown MARTA,casual
R102869,2026-06-29 18:06:00,2026-06-29 18:12:40,Atlantic Station,Ponce City Market,member
R104993,2026-07-20 06:22:00,2026-07-20 06:29:20,Midtown MARTA,Ponce City Market,member
R100981,2026-06-10 13:58:00,2026-06-10 14:04:07,Krog Street Market,Ponce City Market,member
R104513,2026-07-16 23:46:00,2026-07-16 23:52:24,Midtown MARTA,Georgia State University,member
R105514,2026-07-26 13:34:00,07/26/2026 13:47,Ponce City Market,Georgia State University,casual
R105453,2026-07-25 18:23:00,2026-07-25 18:42:51,Ponce City Market,Georgia State University,casual
R103684,08-Jul-2026 06:47,2026-07-08 07:13:22,MIDTOWN MARTA,Centennial Olympic Park,casual
R102762,2026-06-28 07:37:00,2026-06-28 07:50:10,Centennial Olympic Pk,Atlantic Station,casual
R103185,2026-07-02 08:55:00,2026-07-02 09:04:47,PONCE CITY MARKET,Grant Park,member
R105821,2026-07-29 15:58:00,2026-07-29 16:06:57,  Centennial Olympic Park ,Ponce City Market,member
R100900,2026-06-09 07:53:00,06/09/2026 08:00,Midtown MARTA,Atlantic Station,casual
R101233,2026-06-12 08:38:00,06/12/2026 08:58,Ponce City Market,Georgia State University,member
R105795,28-Jul-2026 11:36,07/28/2026 11:37,Midtown MARTA,GEORGIA STATE UNIVERSITY,member
R105554,2026-07-26 13:16:00,2026-07-26 13:49:54,grant park,georgia state university,casual
R101080,2026-06-11 20:00:00,2026-06-11 20:20:15,Atlantic Station,Georgia State University,member
R104078,2026-07-11 03:23:00,2026-07-11 03:49:28,Georgia State University,MIDTOWN MARTA,casual
R100347,06/04/2026 12:26,2026-06-04 12:35:49,Midtown MARTA,Atlantic Station,member
R101071,2026-06-11 06:29:00,2026-06-11 06:40:37,Georgia State University,Centennial Olympic Park,member
R101096,2026-06-11 21:43:00,11-Jun-2026 21:56,Grant Park,  Georgia State University ,member
R100745,2026-06-08 08:48:00,2026-06-08 09:02:13,Midtown MARTA,Georgia State University,casual
R101814,06/19/2026 08:16,2026-06-19 08:19:39,Centennial Olympic Park,ponce city market,member
R103913,10-Jul-2026 00:09,07/10/2026 00:19,Centennial Olympic Park,PIEDMONT PARK,member
R103161,2026-07-02 11:24:00,2026-07-02 11:31:46,Ponce City Market,Piedmont Park,member
R105818,2026-07-29 18:17:00,2026-07-29 18:35:13,Midtown MARTA,Ponce City Market,casual
R103893,09-Jul-2026 17:02,2026-07-09 17:05:11,Georgia State University,Krog Street Market,casual
R102366,2026-06-24 13:15:00,2026-06-24 13:33:07,Ponce City Market,Midtown MARTA,member
R105969,2026-07-30 15:07:00,2026-07-30 15:24:14,GEORGIA STATE UNIVERSITY,Ponce City Market,member
R102438,2026-06-24 20:35:00,06/24/2026 20:50,Ponce City Market,CENTENNIAL OLYMPIC PARK,member
R104277,2026-07-14 08:23:00,2026-07-14 08:26:53,Piedmont Park,Georgia State University,member
R101024,2026-06-11 08:04:00,2026-06-11 08:16:31,  Ponce City Market ,midtown marta,member
R105686,2026-07-27 16:24:00,2026-07-27 17:06:29,midtown marta,Ponce City Market,casual
R100407,06/04/2026 17:45,2026-06-04 17:58:44,Georgia State University,  West End ,member
R102105,2026-06-21 15:26:00,2026-06-21 16:07:28,midtown marta,  Georgia State University ,casual
R100995,2026-06-10 07:50:00,06/10/2026 08:00,Centennial Olympic Pk,Midtown MARTA,member
R105287,2026-07-23 17:52:00,2026-07-23 18:16:12,Midtown MARTA,,member
R105373,2026-07-24 11:49:00,2026-07-24 11:57:38,Piedmont Park,  Centennial Olympic Park ,member
R100321,04-Jun-2026 18:27,2026-06-04 18:41:14,ponce city market,Atlantic Station,member
R105461,07/25/2026 13:10,07/25/2026 13:24,Atlantic Station,Midtown MARTA,member
R103894,2026-07-09 21:15:00,2026-07-09 21:23:36,Midtown MARTA,  Ponce City Market ,member
R100587,2026-06-06 09:01:00,2026-06-06 09:14:28,GEORGIA STATE UNIVERSITY,Grant Park,casual
R104728,2026-07-18 07:05:00,2026-07-18 07:17:46,midtown marta,Centennial Olympic Park,member
R100869,06/09/2026 12:31,2026-06-09 12:44:34,Midtown MARTA,Krog Street Market,member
R100612,07-Jun-2026 09:57,2026-06-07 10:06:37,Atlantic Station,MIDTOWN MARTA,member
R100557,2026-06-06 01:35:00,06/06/2026 02:08,Ponce City Market,MIDTOWN MARTA,casual
R105114,2026-07-21 18:05:00,07/21/2026 18:33,West End,Ponce City Market,casual
R105758,2026-07-28 17:35:00,2026-07-28 17:42:12,Piedmont Park,Ponce City Market,member
R103519,2026-07-06 17:40:00,07/06/2026 18:03,PONCE CITY MARKET,Atlantic Station,member
R102020,2026-06-21 17:56:00,2026-06-21 18:16:34,Centennial Olympic Park,GEORGIA STATE UNIVERSITY,casual
R101311,13-Jun-2026 17:34,2026-06-13 17:48:59,Ponce City Market,Georgia State University,member
R100716,2026-06-08 10:35:00,06/08/2026 10:40,Ponce City Market,Centennial Olympic Park,member
R100999,2026-06-10 16:04:00,2026-06-10 16:15:30,Centennial Olympic Park,Piedmont Park,member
R105012,07/20/2026 14:52,2026-07-20 15:05:23,Ponce City Market,Georgia State University,member
R101400,2026-06-14 07:51:00,2026-06-14 08:23:32,Ponce City Market,Georgia State University,casual
R104401,2026-07-15 06:47:00,07/15/2026 07:17,Little Five Points,MIDTOWN MARTA,casual
R105684,2026-07-27 00:15:00,2026-07-27 00:49:38,midtown marta,Centennial Olympic Park,casual
R105059,2026-07-21 06:49:00,2026-07-21 07:03:04,Piedmont Park,midtown marta,member
R102800,2026-06-28 17:27:00,2026-06-28 17:36:14,Midtown MARTA,Ponce City Market,member
R103272,2026-07-03 11:41:00,07/03/2026 11:58,Georgia State University,Midtown MARTA,member
R103027,2026-07-01 15:56:00,07/01/2026 16:09,  Georgia State University ,Piedmont Park,member
R105057,07/21/2026 20:06,2026-07-21 20:27:45,PIEDMONT PARK,Midtown MARTA,casual
R103440,05-Jul-2026 13:12,2026-07-05 13:28:05,Georgia State University,Piedmont Park,member
R104612,2026-07-17 08:13:00,2026-07-17 08:35:43,Midtown MARTA,Ponce City Market,casual
R100835,2026-06-09 22:28:00,09-Jun-2026 23:05,Piedmont Park,MIDTOWN MARTA,casual
R102724,2026-06-27 20:32:00,2026-06-27 20:45:37,Midtown MARTA,PONCE CITY MARKET,casual
R104297,2026-07-14 21:11:00,2026-07-14 21:24:35,Ponce City Market,CENTENNIAL OLYMPIC PARK,member
R101284,13-Jun-2026 07:17,06/13/2026 07:40,Georgia State University,Centennial Olympic Park,casual
R102880,2026-06-29 16:31:00,2026-06-29 16:43:16,Grant Pk,Georgia State University,member
R101007,2026-06-11 01:29:00,2026-06-11 01:46:49,Georgia State University,West End,casual
R103491,2026-07-06 14:26:00,2026-07-06 14:34:36,KROG STREET MARKET,Midtown MARTA,member
R105106,21-Jul-2026 09:04,2026-07-21 09:25:54,GEORGIA STATE UNIVERSITY,West End,casual
R103055,2026-07-01 13:47:00,2026-07-01 13:57:33,MIDTOWN MARTA,Georgia State University,member
R104016,2026-07-11 08:16:00,2026-07-11 08:28:30,Piedmont Park,Georgia State University,casual
R103787,2026-07-09 19:01:00,07/09/2026 19:20,Midtown MARTA,ponce city market,member
R103414,2026-07-05 10:55:00,05-Jul-2026 11:11,Midtown MARTA,Ponce City Market,member
R105596,2026-07-26 08:28:00,2026-07-26 08:45:48,Ponce City Market,Midtown MARTA,casual
R102128,2026-06-22 14:33:00,2026-06-22 14:46:55,Midtown MARTA,Little Five Points,member
R102161,06/22/2026 20:27,22-Jun-2026 20:43,Midtown MARTA,Georgia State University,member
R101039,06/11/2026 08:58,06/11/2026 09:09,Little Five Points,Midtown MARTA,member
R103643,2026-07-07 20:28:00,2026-07-23 20:28:00,Atlantic Station,Ponce City Market,casual
R104338,2026-07-14 16:05:00,2026-07-14 16:06:00,Georgia State University,Piedmont Park,casual
R101518,15-Jun-2026 16:27,2026-06-15 16:33:29,Atlantic Station,Georgia State University,casual
R101217,12-Jun-2026 18:50,12-Jun-2026 19:05,GEORGIA STATE UNIVERSITY,Midtown MARTA,member
R105499,2026-07-26 05:53:00,2026-07-26 06:03:39,Georgia State University,Piedmont Park,member
R100032,2026-06-01 18:14:00,01-Jun-2026 18:46,Centennial Olympic Park,midtown marta,casual
R105065,2026-07-21 21:51:00,2026-07-21 22:30:05,Ponce City Market,Krog Street Market,casual
R102317,2026-06-23 08:43:00,06/23/2026 08:55,Midtown MARTA,Ponce City Market,member
R103194,07/02/2026 13:41,07/02/2026 13:54,Krog Street Market,Midtown MARTA,member
R101221,2026-06-12 20:19:00,2026-06-12 20:29:08,Atlantic Station,MIDTOWN MARTA,member
R105135,2026-07-21 19:32:00,2026-07-21 19:45:06,ATLANTIC STATION,Midtown MARTA,member
R105532,2026-07-26 08:14:00,2026-07-26 08:19:34,Ponce City Market,MIDTOWN MARTA,member
R103493,07/06/2026 08:31,07/06/2026 08:38,Piedmont Park,Centennial Olympic Park,member
R100851,09-Jun-2026 16:23,2026-06-09 16:44:49,Ponce City Market,Midtown MARTA,casual
R101349,2026-06-14 18:54:00,2026-06-14 19:18:05,Midtown MARTA,Krog Street Market,casual
R105519,2026-07-26 15:34:00,2026-07-26 16:07:07,  Midtown MARTA ,Ponce City Market,casual
R102175,2026-06-22 20:25:00,2026-06-26 20:25:00,Centennial Olympic Park,Georgia State University,casual
R102203,2026-06-22 16:31:00,2026-06-22 16:37:15,Grant Park,West End,member
R104875,2026-07-19 11:57:00,2026-07-19 12:06:59,Ponce City Market,  Midtown MARTA ,member
R102978,06/30/2026 17:53,2026-06-30 18:10:16,Ponce City Market,Georgia State University,member
R104480,2026-07-16 17:36:00,16-Jul-2026 17:42,Midtown MARTA,Ponce City Market,member
R102476,2026-06-25 08:45:00,25-Jun-2026 08:57,Georgia State University,Centennial Olympic Pk,member
R103480,2026-07-06 08:41:00,2026-07-06 08:51:29,Ponce City Market,Midtown MARTA,member
R103222,2026-07-03 12:06:00,2026-07-03 12:16:14,Midtown MARTA,Georgia State University,member
R105662,07/27/2026 21:16,2026-07-27 21:28:32,Midtown MARTA,Krog Street Market,member
R100459,05-Jun-2026 08:44,2026-06-05 08:53:35,Ponce City Market,Atlantic Station,member
R101329,2026-06-13 16:49:00,2026-06-13 16:53:40,Centennial Olympic Park,Piedmont Park,casual
R100863,2026-06-09 17:46:00,2026-06-09 18:00:31,Georgia State University,atlantic station,member
R104180,2026-07-13 16:43:00,2026-07-13 16:58:58,GRANT PARK,  Midtown MARTA ,member
R100946,2026-06-10 16:16:00,2026-06-10 16:36:17,West End,Piedmont Park,casual
R101589,06/16/2026 08:52,2026-06-16 08:55:27,Midtown MARTA,Centennial Olympic Park,member
R104651,2026-07-17 16:34:00,2026-07-17 16:44:25,Atlantic Station,Midtown MARTA,member
R101452,2026-06-15 16:55:00,2026-06-15 17:12:45,Ponce City Market,Centennial Olympic Park,casual
R102905,2026-06-29 10:38:00,2026-06-29 11:11:24,Ponce City Market,Centennial Olympic Park,casual
R102624,2026-06-26 11:16:00,2026-06-26 11:21:30,Ponce City Market,Piedmont Pk,member
R105136,21-Jul-2026 17:22,07/21/2026 17:28,west end,Midtown MARTA,member
R105455,2026-07-25 09:01:00,2026-07-25 09:10:21,Little Five Points,Atlantic Station,member
R101374,2026-06-14 14:52:00,2026-06-14 14:55:55,Georgia State University,Grant Park,casual
R103197,2026-07-02 14:22:00,2026-07-02 14:38:55,  Krog Street Market ,Little Five Points,casual
R104661,2026-07-17 21:16:00,2026-07-17 21:27:12,Midtown MARTA,Georgia State University,member
R104271,2026-07-14 08:12:00,14-Jul-2026 08:23,Midtown MARTA,Ponce City Market,member
R101200,2026-06-12 18:23:00,2026-06-12 18:34:34,Georgia State University,Centennial Olympic Park,member
R104524,07/16/2026 18:06,2026-07-16 18:19:10,Ponce City Market,Centennial Olympic Park,member
R102291,2026-06-23 18:52:00,23-Jun-2026 18:57,Midtown MARTA,Ponce City Market,member
R103558,2026-07-06 08:58:00,2026-07-06 09:17:35,Ponce City Market,Georgia State University,casual
R103807,2026-07-09 18:16:00,2026-07-09 18:30:41,Georgia State University,Ponce City Market,member
R105371,2026-07-24 09:17:00,2026-07-24 09:48:35,Georgia State University,Midtown MARTA,casual
R101226,06/12/2026 17:57,2026-06-12 18:05:07,Midtown MARTA,georgia state university,member
R102311,06/23/2026 09:13,2026-06-23 09:24:43,Ponce City Market,Midtown MARTA,member
R104583,2026-07-17 18:27:00,2026-07-17 18:19:00,Piedmont Park,Ponce City Market,member
R105799,2026-07-28 17:04:00,2026-07-28 17:15:15,Ponce City Market,KROG STREET MARKET,member
R102933,2026-06-29 17:34:00,06/29/2026 17:50,Georgia State University,Ponce City Market,member
R104589,2026-07-17 12:39:00,17-Jul-2026 12:53,Atlantic Station,Georgia State University,member
R101204,2026-06-12 05:25:00,2026-06-12 05:39:52,Midtown MARTA,atlantic station,member
R100833,06/09/2026 12:58,2026-06-09 13:08:02,Midtown MARTA,Piedmont Park,member
R104810,2026-07-19 13:34:00,2026-07-19 13:53:03,GEORGIA STATE UNIVERSITY,Ponce City Market,casual
R104140,2026-07-12 13:43:00,2026-07-12 14:12:09,  Centennial Olympic Park ,Midtown MARTA,casual
R104754,07/18/2026 11:32,18-Jul-2026 11:48,Georgia State University,  Ponce City Market ,casual
R101031,2026-06-11 08:26:00,2026-06-11 08:33:49,Midtown MARTA,Piedmont Park,member
R105953,07/30/2026 17:48,07/30/2026 17:57,Georgia State University,Centennial Olympic Park,member
R100861,2026-06-09 13:50:00,2026-06-09 14:07:19,Midtown MARTA,Ponce City Market,member
R105198,2026-07-22 18:15:00,2026-07-22 18:33:28,GEORGIA STATE UNIVERSITY,Krog Street Market,member
R101411,2026-06-14 20:09:00,2026-06-14 20:31:31,Midtown MARTA,Centennial Olympic Park,casual
R104365,2026-07-14 13:32:00,2026-07-14 13:40:51,piedmont park,Georgia State University,member
R101040,2026-06-11 09:08:00,2026-06-11 09:14:57,Midtown MARTA,Grant Park,member
R103962,2026-07-10 08:34:00,2026-07-10 08:48:28,Ponce City Market,midtown marta,member
R104708,2026-07-18 12:51:00,07/18/2026 13:07,Krog Street Market,Ponce City Market,member
R100425,2026-06-05 17:11:00,05-Jun-2026 17:26,Ponce City Market,  Centennial Olympic Park ,member
R100124,2026-06-02 07:51:00,2026-06-06 07:51:00,Midtown MARTA,Little Five Points,casual
R100020,06/01/2026 07:58,06/01/2026 07:58,  Midtown MARTA ,  Midtown MARTA ,member
R102704,2026-06-27 14:52:00,2026-06-27 15:06:24,Centennial Olympic Park,  Piedmont Park ,member
R102915,2026-06-29 19:05:00,2026-06-29 19:16:06,PONCE CITY MARKET,MIDTOWN MARTA,member
R101245,06/12/2026 17:11,06/12/2026 17:24,PONCE CITY MARKET,Atlantic Station,casual
R100601,2026-06-07 07:05:00,2026-06-07 07:15:33,Ponce City Market,Midtown MARTA,casual
R104008,2026-07-10 03:20:00,2026-07-10 03:27:04,Piedmont Park,Midtown MARTA,member
R100408,2026-06-04 10:07:00,06/04/2026 10:18,Little Five Points,Georgia State University,member
R100215,03-Jun-2026 18:40,03-Jun-2026 18:57,Georgia State University,Ponce City Market,casual
R104895,2026-07-19 10:34:00,2026-07-19 10:42:11,krog street market,Ponce City Market,member
R100564,2026-06-06 06:59:00,06/06/2026 07:37,Ponce City Market,Midtown MARTA,casual
R104040,2026-07-11 14:01:00,2026-07-11 14:27:56,Atlantic Station,Little Five Points,casual
R105869,07/29/2026 16:54,2026-07-29 17:05:01,Midtown MARTA,Georgia State University,member
R100713,2026-06-08 06:23:00,2026-06-08 06:34:09,Georgia State University,Midtown MARTA,member
R102390,06/24/2026 06:59,2026-06-24 07:11:56,Centennial Olympic Park,Ponce City Market,member
R104674,2026-07-17 19:50:00,2026-07-17 20:04:46,Atlantic Station,Centennial Olympic Park,member
R101008,2026-06-11 19:26:00,2026-06-11 19:37:26,  Centennial Olympic Park ,Midtown MARTA,member
R102761,06/28/2026 02:25,2026-06-28 02:39:11,Georgia State University,Ponce City Market,casual
R104002,2026-07-10 09:52:00,07/10/2026 09:55,Centennial Olympic Pk,Piedmont Park,member
R102227,2026-06-22 08:25:00,06/22/2026 08:54,Midtown MARTA,ponce city market,casual
R100549,2026-06-06 10:09:00,2026-06-06 10:26:26,Centennial Olympic Park,Midtown MARTA,casual
R103620,07-Jul-2026 12:48,2026-07-07 12:58:12,Georgia State University,Midtown MARTA,member
R105119,2026-07-21 16:01:00,2026-07-21 15:59:00,Centennial Olympic Park,Georgia State University,casual
R103460,2026-07-05 18:54:00,2026-07-05 19:07:42,  Atlantic Station ,Centennial Olympic Park,member
R100607,06/07/2026 19:00,06/07/2026 19:01,MIDTOWN MARTA,Georgia State University,casual
R103837,2026-07-09 10:33:00,2026-07-09 10:49:30,Ponce City Market,  Centennial Olympic Park ,member
R104334,14-Jul-2026 19:43,2026-07-14 19:47:39,Piedmont Park,Georgia State University,member
R105166,2026-07-22 07:07:00,22-Jul-2026 07:20,  Midtown MARTA ,Ponce City Market,member
R102389,06/24/2026 08:47,06/24/2026 08:49,Atlantic Station,Centennial Olympic Park,member
R100914,06/10/2026 22:14,2026-06-10 22:28:12,Midtown MARTA,Georgia State University,member
R100798,2026-06-08 06:24:00,2026-06-08 06:33:33,Atlantic Station,CENTENNIAL OLYMPIC PARK,member
R101116,2026-06-11 14:07:00,2026-06-11 14:30:55,PIEDMONT PARK,CENTENNIAL OLYMPIC PARK,casual
R100012,2026-06-01 06:58:00,2026-06-01 07:14:29,ATLANTIC STATION,Krog Street Market,member
R102560,06/25/2026 06:34,06/25/2026 06:44,Midtown MARTA,Ponce City Market,member
R105490,07/26/2026 06:34,07/26/2026 06:48,Krog Street Market,Midtown MARTA,member
R100778,06/08/2026 12:52,06/08/2026 12:58,Atlantic Station,midtown marta,member
R100737,2026-06-08 09:18:00,08-Jun-2026 09:48,Ponce City Market,  Midtown MARTA ,casual
R100584,2026-06-06 16:21:00,2026-06-06 16:31:09,Grant Park,Midtown MARTA,member
R101022,2026-06-11 16:24:00,2026-06-11 16:31:30,Little Five Points,  Atlantic Station ,member
R105823,29-Jul-2026 17:56,2026-07-29 18:08:30,Atlantic Station,Ponce City Market,member
R100856,2026-06-09 19:27:00,2026-06-09 19:32:11,Atlantic Station,Midtown MARTA,member
R101286,13-Jun-2026 14:40,2026-06-13 15:08:35,centennial olympic park,georgia state university,casual
R102272,2026-06-23 09:36:00,2026-06-23 10:00:22,Midtown MARTA,Piedmont Park,casual
R104571,2026-07-16 08:52:00,07/16/2026 09:00,Midtown MARTA,CENTENNIAL OLYMPIC PARK,member
R105847,2026-07-29 16:45:00,07/29/2026 17:06,Centennial Olympic Park,  Georgia State University ,casual
R100144,2026-06-02 23:20:00,2026-06-02 23:33:39,Ponce City Market,Centennial Olympic Park,casual
R100508,2026-06-05 07:46:00,2026-06-05 07:57:20,Midtown MARTA,Ponce City Market,member
R101830,2026-06-19 13:48:00,2026-06-19 13:58:48,Georgia State University,Midtown MARTA,casual
R100790,2026-06-08 16:31:00,2026-06-08 16:44:27,Midtown MARTA,Ponce City Market,member
R104850,2026-07-19 11:22:00,19-Jul-2026 12:02,Midtown MARTA,Atlantic Station,casual
R100779,2026-06-08 06:16:00,2026-06-08 06:28:41,midtown marta,Atlantic Station,member
R105898,07/29/2026 10:33,29-Jul-2026 10:43,ATLANTIC STATION,  Ponce City Market ,member
R102473,2026-06-25 08:03:00,2026-06-25 08:21:25,Krog Street Market,Midtown MARTA,member
R100034,06/01/2026 17:05,2026-06-01 17:36:14,Midtown MARTA,Piedmont Park,casual
R100351,06/04/2026 08:44,2026-06-04 08:57:33,MIDTOWN MARTA,Piedmont Park,member
R100857,06/09/2026 09:10,06/09/2026 09:16,Midtown MARTA,Atlantic Station,casual
R101950,2026-06-20 12:37:00,2026-06-20 13:20:14,Centennial Olympic Park,Georgia State University,casual
R101236,2026-06-12 18:04:00,06/12/2026 18:13,  Krog Street Market ,Midtown MARTA,member
R103369,07/04/2026 15:25,2026-07-04 15:34:33,ponce city market,Grant Park,member
R103028,07/01/2026 18:04,2026-07-01 18:11:12,ponce city market,GEORGIA STATE UNIVERSITY,member
R104050,07/11/2026 11:00,2026-07-11 11:11:16,  Piedmont Park ,Ponce City Market,member
R100212,2026-06-03 08:38:00,2026-06-03 08:56:07,Centennial Olympic Pk,Georgia State University,casual
R100890,2026-06-09 15:09:00,2026-06-09 15:25:41,PONCE CITY MARKET,GRANT PARK,member
R103742,2026-07-08 04:41:00,2026-07-08 04:47:29,  Ponce City Market ,Georgia State University,member
R105072,2026-07-21 16:55:00,2026-07-21 17:04:02,Midtown MARTA,piedmont park,casual
R100889,2026-06-09 16:06:00,09-Jun-2026 16:37,Georgia State University,centennial olympic park,casual
R105660,2026-07-27 16:32:00,2026-07-27 16:58:48,georgia state university,Centennial Olympic Park,casual
R104986,07/20/2026 06:24,2026-07-20 06:34:05,Little Five Points,Atlantic Station,member
R102601,2026-06-26 11:48:00,2026-06-26 12:12:13,Georgia State University,Midtown MARTA,casual
R105117,2026-07-21 20:47:00,2026-07-21 20:57:33,Ponce City Market,Georgia State University,casual
R101735,2026-06-18 14:56:00,2026-06-18 15:06:09,Midtown MARTA,PIEDMONT PARK,member
R104938,2026-07-20 08:47:00,20-Jul-2026 08:59,Midtown MARTA,Centennial Olympic Park,member
R104527,2026-07-16 09:41:00,2026-07-16 09:48:36,Midtown MARTA,West End,member
R102339,06/24/2026 07:18,2026-06-24 07:47:16,atlantic station,Midtown MARTA,casual
R103531,2026-07-06 16:30:00,06-Jul-2026 16:41,Midtown MARTA,Georgia State University,member
R101110,2026-06-11 10:26:00,2026-06-11 10:35:52,atlantic station,Georgia State University,member
R100604,07-Jun-2026 16:10,2026-06-07 16:31:23,Ponce City Market,Midtown MARTA,casual
R101155,2026-06-12 16:21:00,2026-06-12 16:37:27,Atlantic Station,Georgia State University,casual
R102779,2026-06-28 11:23:00,2026-06-28 11:34:36,georgia state university,Midtown MARTA,member
R104868,2026-07-19 16:03:00,2026-07-19 16:21:02,Midtown MARTA,Atlantic Station,member
R101330,06/13/2026 07:47,2026-06-13 08:01:52,Midtown MARTA,West End,member
R100588,2026-06-06 17:59:00,2026-06-06 17:51:00,  Georgia State University ,Krog Street Market,member
R102293,2026-06-23 19:30:00,2026-06-23 19:35:46,Midtown MARTA,Ponce City Market,member
R101676,06/17/2026 08:43,2026-06-17 08:59:56,Ponce City Market,Georgia State University,casual
R100097,06/01/2026 15:43,2026-06-01 15:53:12,Midtown MARTA,Ponce City Market,member
R103128,07/02/2026 08:47,2026-07-16 08:47:00,Ponce City Market,Georgia State University,member
R100002,2026-06-01 10:37:00,2026-06-01 10:52:53,Atlantic Station,Georgia State University,member
R102881,2026-06-29 15:00:00,2026-06-29 15:13:31,Atlantic Station,Piedmont Park,member
R105718,2026-07-27 08:23:00,2026-07-27 08:40:04,Centennial Olympic Park,Midtown MARTA,member
R101379,2026-06-14 11:16:00,14-Jun-2026 11:23,ponce city market,West End,casual
R103856,2026-07-09 16:28:00,2026-07-09 16:41:47,Midtown MARTA,Atlantic Station,casual
R103763,08-Jul-2026 15:58,2026-07-08 16:06:33,Ponce City Market,Midtown MARTA,member
R100974,06/10/2026 16:47,2026-06-10 16:58:15,Georgia State University,Ponce City Market,member
R103758,08-Jul-2026 22:19,2026-07-08 22:46:24,Ponce City Market,Piedmont Park,casual
R104808,2026-07-19 18:43:00,2026-07-19 19:07:44,Midtown MARTA,Atlantic Station,casual
R103887,09-Jul-2026 19:49,2026-07-09 20:15:11,Grant Park,Georgia State University,casual
R105144,2026-07-21 20:50:00,2026-07-21 21:03:13,Midtown MARTA,Georgia State University,casual
R105978,2026-07-30 08:45:00,2026-07-30 08:56:32,West End,Midtown MARTA,member
R102442,2026-06-24 15:18:00,2026-06-24 15:23:41,Little Five Points,Ponce City Market,member
R100749,2026-06-08 13:41:00,2026-06-08 14:20:08,Midtown MARTA,Ponce City Market,casual
R103977,2026-07-10 09:36:00,2026-07-10 09:54:01,Midtown MARTA,Krog Street Market,casual
R105580,2026-07-26 19:48:00,2026-07-26 20:12:39,Midtown MARTA,Ponce City Market,casual
R105410,25-Jul-2026 11:38,25-Jul-2026 11:44,Midtown MARTA,Ponce City Market,member
R102106,21-Jun-2026 14:23,06/21/2026 14:31,Midtown MARTA,Georgia State University,member
R101538,2026-06-16 13:46:00,06/16/2026 13:57,Midtown MARTA,Atlantic Station,member
R105800,2026-07-28 12:59:00,2026-07-28 13:08:02,Centennial Olympic Park,Midtown MARTA,member
R104514,2026-07-16 08:47:00,07/16/2026 08:55,MIDTOWN MARTA,Ponce City Market,member
R104572,2026-07-16 13:27:00,2026-07-16 13:36:50,Grant Park,Midtown MARTA,member
R103449,2026-07-05 18:37:00,07/05/2026 19:03,  Georgia State University ,Ponce City Market,casual
R101723,2026-06-17 08:43:00,2026-06-17 08:56:22,Centennial Olympic Park,Ponce City Market,member
R104404,2026-07-15 14:11:00,2026-07-15 14:21:43,  Krog Street Market ,Atlantic Station,casual
R100866,06/09/2026 07:42,2026-06-09 07:45:12,ponce city market,krog street market,member
R101252,13-Jun-2026 13:10,2026-06-13 13:24:22,Midtown MARTA,West End,member
R105357,07/24/2026 15:06,2026-07-24 15:16:41,Centennial Olympic Park,Midtown MARTA,member
R101483,2026-06-15 13:20:00,2026-06-15 13:34:53,  Midtown MARTA ,Piedmont Park,member
R103821,09-Jul-2026 19:20,09-Jul-2026 19:43,Georgia State University,Atlantic Station,casual
R100892,2026-06-09 14:43:00,09-Jun-2026 15:08,midtown marta,PONCE CITY MARKET,casual
R103090,07/01/2026 05:17,2026-07-01 05:27:13,Midtown MARTA,Little Five Points,member
R104264,2026-07-14 23:11:00,2026-07-14 23:16:35,  Ponce City Market ,Georgia State University,
R102428,2026-06-24 18:44:00,2026-06-24 19:31:49,Centennial Olympic Park,  Ponce City Market ,casual
R103306,2026-07-04 17:43:00,2026-07-04 17:43:00,Ponce City Market,Ponce City Market,casual
R105192,2026-07-22 18:25:00,2026-07-22 18:43:46,  Midtown MARTA ,Centennial Olympic Park,member
R100514,2026-06-05 13:20:00,06/05/2026 13:35,Piedmont Park,centennial olympic park,member
R103311,2026-07-04 15:32:00,2026-07-04 15:41:42,  Krog Street Market ,,member
R105142,2026-07-21 09:17:00,2026-07-21 09:29:07,Midtown MARTA,Little Five Points,member
R105892,2026-07-29 12:32:00,29-Jul-2026 12:41,Centennial Olympic Pk,Georgia State University,member
R104882,2026-07-19 11:51:00,19-Jul-2026 11:54,MIDTOWN MARTA,centennial olympic park,member
R102615,2026-06-26 17:26:00,2026-06-26 17:36:07,Midtown MARTA,Ponce City Market,member
R103858,2026-07-09 13:21:00,2026-07-09 13:28:55,Piedmont Park,Ponce City Market,member
R104204,2026-07-13 08:15:00,2026-07-13 08:26:14,Atlantic Station,centennial olympic park,member
R100665,06/07/2026 19:49,2026-06-07 19:53:48,Centennial Olympic Park,Atlantic Station,
R101059,2026-06-11 12:18:00,06/11/2026 12:28,Centennial Olympic Park,Atlantic Station,member
R105425,07/25/2026 09:43,2026-07-25 09:51:36,Ponce City Market,midtown marta,member
R102095,2026-06-21 15:31:00,2026-06-21 15:38:48,Midtown MARTA,Little Five Points,member
R105667,2026-07-27 06:51:00,2026-07-27 07:08:47,Atlantic Station,Georgia State University,member
R104422,2026-07-15 17:04:00,07/15/2026 17:17,  Midtown MARTA ,PONCE CITY MARKET,casual
R103827,2026-07-09 18:54:00,2026-07-09 19:01:36,Midtown MARTA,Centennial Olympic Park,member
R105541,2026-07-26 01:03:00,2026-07-26 01:13:57,Grant Park,Georgia State University,casual
R105952,2026-07-30 16:56:00,07/30/2026 17:05,PONCE CITY MARKET,Piedmont Park,member
R104238,2026-07-13 07:20:00,13-Jul-2026 07:24,Midtown MARTA,  Centennial Olympic Park ,member
R100720,06/08/2026 16:20,06/08/2026 16:33,ATLANTIC STATION,Krog Street Market,member
R101937,2026-06-20 16:13:00,2026-06-20 16:28:16,Midtown MARTA,Atlantic Station,casual
R101073,2026-06-11 11:43:00,06/11/2026 11:50,Atlantic Station,Ponce City Market,member
R104336,2026-07-14 17:44:00,07/14/2026 17:58,Ponce City Market,Georgia State University,member
R105861,2026-07-29 06:29:00,07/29/2026 06:34,  Ponce City Market ,Piedmont Park,member
R102062,21-Jun-2026 17:33,2026-06-21 17:46:23,Centennial Olympic Park,Ponce City Market,casual
R105375,07/24/2026 09:37,2026-07-24 09:48:33,Ponce City Market,West End,member
R105165,22-Jul-2026 12:52,2026-07-22 13:00:33,Ponce City Market,Georgia State University,member
R102116,2026-06-21 08:27:00,06/21/2026 08:46,Midtown MARTA,Centennial Olympic Park,casual
R100759,2026-06-08 17:36:00,2026-06-08 17:45:49,Georgia State University,KROG STREET MARKET,member
R100310,03-Jun-2026 10:04,06/03/2026 10:18,Centennial Olympic Park,Little Five Points,member
R103771,2026-07-08 18:38:00,07/08/2026 18:48,GRANT PARK,Georgia State University,member
R104521,07/16/2026 07:32,2026-07-16 07:54:16,georgia state university,Centennial Olympic Park,casual
R102471,25-Jun-2026 07:19,2026-06-25 07:30:58,Piedmont Park,  Midtown MARTA ,member
R105100,2026-07-21 21:22:00,07/21/2026 21:34,Centennial Olympic Park,Georgia State University,member
R101425,15-Jun-2026 15:50,06/15/2026 16:03,Krog Street Market,Centennial Olympic Park,member
R103568,2026-07-07 08:20:00,2026-07-07 08:25:17,Centennial Olympic Park,Ponce City Market,member
R103139,2026-07-02 12:40:00,02-Jul-2026 12:51,Ponce City Market,Grant Park,member
R103988,2026-07-10 08:14:00,2026-07-10 08:25:49,Centennial Olympic Pk,Ponce City Market,member
R104117,2026-07-12 14:50:00,12-Jul-2026 15:26,Midtown MARTA,Ponce City Market,casual
R102418,2026-06-24 16:08:00,2026-06-24 16:26:05,Ponce City Market,Midtown MARTA,member
R100200,2026-06-02 08:02:00,2026-06-02 08:11:37,Ponce City Market,Georgia State University,member
R102783,06/28/2026 00:16,2026-06-28 00:39:22,Georgia State University,Piedmont Park,casual
R104769,18-Jul-2026 11:00,2026-07-18 11:37:49,Midtown MARTA,Atlantic Station,casual
R105599,2026-07-26 08:57:00,2026-08-04 08:57:00,Georgia State University,Midtown MARTA,member
R101866,2026-06-19 17:13:00,2026-06-19 17:43:31,Ponce City Market,Piedmont Park,casual
R100334,04-Jun-2026 20:07,06/04/2026 20:08,Little Five Points,  Atlantic Station ,member
R100163,06/02/2026 07:33,2026-06-02 07:59:40,Ponce City Market,MIDTOWN MARTA,casual
R100437,2026-06-05 18:52:00,2026-06-05 18:57:24,Midtown MARTA,  Georgia State University ,member
R103657,2026-07-08 21:14:00,2026-07-08 21:28:32,Midtown MARTA,PONCE CITY MARKET,member
R104109,07/12/2026 13:00,2026-07-12 13:08:06,Georgia State University,Midtown MARTA,member
R105942,2026-07-30 17:56:00,30-Jul-2026 18:05,  Krog Street Market ,Midtown MARTA,member
R100660,06/07/2026 12:17,2026-06-07 12:23:40,Midtown MARTA,Georgia State University,member
R105988,2026-07-30 18:32:00,2026-07-30 18:43:30,Ponce City Market,  Grant Park ,member
R102701,2026-06-27 18:34:00,2026-06-27 18:39:32,Centennial Olympic Park,Georgia State University,member
R100767,06/08/2026 16:10,2026-06-08 16:27:40,midtown marta,ponce city market,member
R105576,2026-07-26 17:22:00,07/26/2026 17:50,Ponce City Market,Piedmont Park,casual
R100712,2026-06-08 20:38:00,2026-06-08 20:48:25,Piedmont Park,Midtown MARTA,casual
R100471,2026-06-05 19:53:00,2026-06-05 20:02:03,Piedmont Pk,Atlantic Station,casual
R101308,2026-06-13 14:04:00,2026-06-13 14:28:53,Krog St. Market,Midtown MARTA,casual
R101231,2026-06-12 23:30:00,06/12/2026 23:41,  Ponce City Market ,Atlantic Station,member
R100773,08-Jun-2026 04:55,2026-06-08 05:07:12,  Ponce City Market ,Midtown MARTA,member
R103018,2026-06-30 17:20:00,2026-06-30 17:37:06,GEORGIA STATE UNIVERSITY,PONCE CITY MARKET,member
R100669,2026-06-07 15:16:00,2026-06-07 15:32:18,Georgia State University,Midtown MARTA,casual
R105283,2026-07-23 13:03:00,07/23/2026 13:20,  Georgia State University ,Ponce City Market,casual
R105092,2026-07-21 07:18:00,07/21/2026 07:25,krog street market,Atlantic Station,member
R104328,2026-07-14 17:17:00,2026-07-14 17:32:40,PONCE CITY MARKET,Georgia State University,member
R103556,2026-07-06 07:05:00,2026-07-06 07:16:23,Ponce City Market,Centennial Olympic Park,member
R101344,06/14/2026 03:37,14-Jun-2026 04:16,Ponce City Market,Georgia State University,casual
R105369,24-Jul-2026 16:42,2026-07-24 16:46:13,Midtown MARTA,Georgia State University,member
R102033,06/21/2026 15:36,21-Jun-2026 15:47,midtown marta,ponce city market,member
R103792,2026-07-09 06:18:00,2026-07-09 06:27:55,Little Five Points,Georgia State University,member
R100158,2026-06-02 16:31:00,02-Jun-2026 16:47,Georgia State University,Piedmont Park,casual
R102400,06/24/2026 08:46,06/24/2026 08:50,Atlantic Station,Midtown MARTA,member
R103911,2026-07-10 21:29:00,07/10/2026 21:37,Midtown MARTA,GRANT PARK,casual
R105663,07/27/2026 18:51,07/27/2026 19:03,Georgia State University,PONCE CITY MARKET,member
R101548,06/16/2026 07:30,2026-06-16 07:34:14,Ponce City Market,Midtown MARTA,member
R105870,2026-07-29 05:53:00,2026-07-29 06:06:26,centennial olympic park,GEORGIA STATE UNIVERSITY,member
R104239,2026-07-13 09:43:00,2026-07-13 09:55:46,CENTENNIAL OLYMPIC PARK,Atlantic Station,member
R104948,07/20/2026 01:38,07/20/2026 01:53,Midtown MARTA,Ponce City Market,member
R105207,2026-07-22 17:49:00,2026-07-22 17:52:51,Centennial Olympic Park,Atlantic Station,member
R104601,17-Jul-2026 07:38,17-Jul-2026 07:50,West End,,member
R104698,07/18/2026 14:03,2026-07-18 14:19:19,Georgia State University,atlantic station,member
R100870,06/09/2026 19:12,2026-06-09 19:23:54,Midtown MARTA,Georgia State University,member
R100569,2026-06-06 08:29:00,06-Jun-2026 09:08,Georgia State University,Ponce City Market,casual
R104695,2026-07-18 07:17:00,2026-07-18 07:21:15,krog street market,Centennial Olympic Park,member
R101668,2026-06-17 09:01:00,2026-06-17 09:07:25,Ponce City Market,  Georgia State University ,member
R104677,2026-07-17 19:50:00,2026-07-17 20:05:32,Georgia State University,Ponce City Market,casual
R103877,2026-07-09 15:53:00,09-Jul-2026 16:07,Midtown MARTA,,member
R100169,2026-06-02 06:24:00,2026-06-02 06:32:00,Ponce City Market,Centennial Olympic Park,member
R102085,2026-06-21 17:23:00,2026-06-21 17:31:27,Atlantic Station,  Georgia State University ,member
R100757,06/08/2026 14:01,2026-06-08 14:14:18,Georgia State University,Atlantic Station,member
R100241,03-Jun-2026 05:30,2026-06-03 05:54:56,Krog Street Market,Georgia State University,casual
R104972,2026-07-20 09:14:00,07/20/2026 09:25,Midtown MARTA,Atlantic Station,member
R102928,2026-06-29 08:20:00,2026-06-29 08:23:56,West End,Atlantic Station,member
R100961,2026-06-10 07:22:00,10-Jun-2026 07:32,Ponce City Market,Atlantic Station,member
R101893,2026-06-19 05:13:00,2026-06-19 05:26:48,ATLANTIC STATION,Piedmont Park,member
R103337,2026-07-04 10:19:00,2026-07-15 10:19:00,Ponce City Market,georgia state university,casual
R103475,07/06/2026 17:17,06-Jul-2026 17:18,Midtown MARTA,Georgia State University,casual
R105633,2026-07-27 07:51:00,2026-07-27 08:19:18,Piedmont Park,West End,casual
R100176,2026-06-02 03:50:00,02-Jun-2026 04:02,midtown marta,Piedmont Park,member
R101137,2026-06-12 23:39:00,13-Jun-2026 00:02,Piedmont Pk,Midtown MARTA,member
R101985,2026-06-20 06:52:00,2026-06-20 07:05:04,Ponce City Market,  Krog Street Market ,member
R101972,2026-06-20 11:09:00,06/20/2026 11:11,Georgia State University,  Ponce City Market ,member
R105054,07/21/2026 12:07,07/21/2026 12:43,Georgia State University,Atlantic Station,casual
R100117,2026-06-01 07:23:00,2026-06-01 07:45:51,Georgia State University,Midtown MARTA,casual
R105190,07/22/2026 08:06,07/22/2026 08:14,GEORGIA STATE UNIVERSITY,Midtown MARTA,member
R103455,2026-07-05 13:29:00,2026-07-05 13:35:45,midtown marta,Krog Street Market,member
R103502,06-Jul-2026 16:10,07/06/2026 16:39,Centennial Olympic Park,Grant Park,casual
R100028,2026-06-01 06:04:00,2026-06-09 06:04:00,Piedmont Park,Centennial Olympic Park,member
R102391,2026-06-24 07:45:00,2026-06-24 07:58:12,CENTENNIAL OLYMPIC PARK,Midtown MARTA,member
R104200,07/13/2026 16:50,2026-07-13 17:11:17,Ponce City Market,Piedmont Park,member
R105700,07/27/2026 19:12,2026-07-27 19:15:29,Midtown MARTA,PONCE CITY MARKET,member
R102621,2026-06-26 17:52:00,2026-06-26 17:59:19,Ponce City Market,georgia state university,member
R100031,2026-06-01 15:18:00,06/01/2026 15:33,Georgia State University,Midtown MARTA,member
R105150,2026-07-21 17:31:00,2026-07-21 17:46:05,Georgia State University,Midtown MARTA,member
R104533,16-Jul-2026 13:18,07/16/2026 13:42,Georgia State University,Midtown MARTA,casual
R102209,2026-06-22 06:16:00,2026-06-22 06:25:25,Centennial Olympic Park,Midtown MARTA,member
R100640,06/07/2026 09:45,2026-06-07 10:29:45,Little Five Points,Centennial Olympic Park,casual
R104110,12-Jul-2026 12:40,2026-07-12 13:02:00,Georgia State University,Ponce City Market,casual
R103121,2026-07-02 14:51:00,2026-07-02 15:01:47,Midtown MARTA,Atlantic Station,member
R104796,2026-07-18 23:37:00,2026-07-18 23:46:34,Georgia State University,Midtown MARTA,casual
R103760,08-Jul-2026 09:11,2026-07-08 09:25:25,Ponce City Market,Piedmont Park,member
R102183,2026-06-22 17:01:00,2026-06-22 17:12:50,Ponce City Market,Piedmont Park,member
R104346,2026-07-14 17:30:00,2026-07-14 17:34:37,Midtown MARTA,Piedmont Park,member
R101552,16-Jun-2026 21:19,2026-06-16 21:26:25,Atlantic Station,Midtown MARTA,member
R100481,2026-06-05 09:33:00,2026-06-05 09:39:12,Midtown MARTA,Ponce City Market,member
R100944,2026-06-10 18:53:00,06/10/2026 18:59,Ponce City Market,Midtown MARTA,member
R103257,2026-07-03 00:01:00,2026-07-03 00:05:15,Midtown MARTA,  Atlantic Station ,member
R105085,2026-07-21 06:35:00,07/21/2026 06:44,Midtown MARTA,Centennial Olympic Pk,member
R102433,06/24/2026 21:33,24-Jun-2026 21:41,Georgia State University,  Midtown MARTA ,member
R104443,2026-07-15 09:00:00,2026-07-15 09:06:01,Midtown MARTA,Ponce City Market,member
R101689,2026-06-17 08:52:00,17-Jun-2026 09:02,Midtown MARTA,  Little Five Points ,member
R104190,07/13/2026 18:31,2026-07-13 18:47:27,Georgia State University,Midtown MARTA,member
R104692,2026-07-18 12:08:00,18-Jul-2026 12:24,Georgia State University,Midtown MARTA,member
R102994,2026-06-30 20:14:00,30-Jun-2026 20:20,Centennial Olympic Park,Krog Street Market,member
R104384,2026-07-15 05:24:00,2026-07-15 05:38:02,Centennial Olympic Park,georgia state university,member
R102361,06/24/2026 21:51,06/24/2026 22:36,Georgia State University,Atlantic Station,casual
R102969,2026-06-30 13:57:00,06/30/2026 14:12,Midtown MARTA,Georgia State University,casual
R103640,2026-07-07 10:04:00,07-Jul-2026 10:23,Georgia State University,  Midtown MARTA ,member
R105460,2026-07-25 12:00:00,2026-07-25 12:26:35,  Ponce City Market ,Georgia State University,casual
R100824,2026-06-09 17:17:00,06/09/2026 17:38,georgia state university,Piedmont Park,member
R100765,06/08/2026 14:47,06/08/2026 14:56,GEORGIA STATE UNIVERSITY,Piedmont Pk,member
R105736,07/28/2026 17:26,07/28/2026 17:41,krog street market,West End,member
R100673,07-Jun-2026 09:42,2026-06-07 10:19:35,Georgia State University,Ponce City Market,casual
R100826,2026-06-09 15:22:00,2026-06-09 15:34:14,PONCE CITY MARKET,Georgia State University,member
R104322,07/14/2026 18:16,2026-07-14 18:55:03,Ponce City Market,Atlantic Station,casual
R102483,2026-06-25 17:58:00,2026-06-25 18:11:41,Ponce City Market,Centennial Olympic Park,member
R102401,2026-06-24 17:42:00,2026-06-24 17:55:46,Ponce City Market,  Piedmont Park ,member
R103228,2026-07-03 16:23:00,2026-07-03 16:32:34,georgia state university,Midtown MARTA,member
R103825,07/09/2026 08:35,2026-07-09 08:51:20,Ponce City Market,Centennial Olympic Park,member
R105213,07/22/2026 20:03,07/22/2026 20:14,Ponce City Market,georgia state university,casual
R103796,09-Jul-2026 11:52,2026-07-09 12:02:05,Piedmont Park,Centennial Olympic Park,member
R101279,2026-06-13 23:52:00,2026-06-14 00:02:27,MIDTOWN MARTA,Ponce City Market,member
R100982,2026-06-10 05:19:00,2026-06-10 06:08:01,Georgia State University,Midtown MARTA,casual
R104214,2026-07-13 07:20:00,07/13/2026 07:31,Midtown MARTA,Grant Park,member
R103353,07/04/2026 10:26,2026-07-04 11:05:11,PONCE CITY MARKET,Georgia State University,casual
R101682,06/17/2026 17:45,2026-06-17 17:52:41,  Midtown MARTA ,Piedmont Park,member
R100556,2026-06-06 15:25:00,2026-06-06 15:25:00,Centennial Olympic Park,Centennial Olympic Park,member
R104756,07/18/2026 11:34,2026-07-18 11:45:42,Georgia State University,Centennial Olympic Park,member
R104595,2026-07-17 20:29:00,2026-07-17 20:39:29,Midtown MARTA,centennial olympic park,member
R105989,2026-07-30 07:51:00,2026-07-30 08:10:26,Piedmont Park,Midtown MARTA,casual
R105698,2026-07-27 18:06:00,2026-07-27 18:16:28,Little Five Points,Midtown MARTA,member
R104860,2026-07-19 09:41:00,2026-07-19 10:09:59,Ponce City Market,atlantic station,casual
R105161,2026-07-22 10:03:00,2026-07-22 10:35:25,Piedmont Park,Ponce City Market,casual
R104635,2026-07-17 15:58:00,07/17/2026 16:03,Ponce City Market,Atlantic Station,member
R100210,2026-06-03 16:18:00,2026-06-03 16:30:20,Piedmont Park,Midtown MARTA,member
R105776,2026-07-28 08:05:00,28-Jul-2026 08:23,Midtown MARTA,Krog Street Market,member
R103951,2026-07-10 15:34:00,10-Jul-2026 15:38,Ponce City Market,Piedmont Park,casual
R104739,2026-07-18 21:06:00,18-Jul-2026 21:31,MIDTOWN MARTA,Ponce City Market,casual
R104791,07/18/2026 06:45,2026-07-18 06:50:32,Centennial Olympic Park,Midtown MARTA,member
R101562,2026-06-16 12:01:00,2026-06-16 12:24:52,West End,Midtown MARTA,casual
R104530,2026-07-16 07:47:00,2026-07-16 07:58:44,GEORGIA STATE UNIVERSITY,Ponce City Market,
R104315,07/14/2026 07:43,07/14/2026 07:45,ATLANTIC STATION,Centennial Olympic Park,member
R105643,07/27/2026 08:22,07/27/2026 08:33,Piedmont Park,Centennial Olympic Park,member
R102437,2026-06-24 17:22:00,2026-06-24 17:33:22,MIDTOWN MARTA,ponce city market,member
R100492,05-Jun-2026 17:40,2026-06-05 17:48:47,midtown marta,Atlantic Station,member
R102459,2026-06-25 17:59:00,2026-06-25 18:09:50,  Midtown MARTA ,Ponce City Market,member
R101163,2026-06-12 10:45:00,2026-06-12 10:54:12,  Krog Street Market ,Midtown MARTA,member
R101320,2026-06-13 14:41:00,2026-06-13 14:48:41,Midtown MARTA,Ponce City Market,member
R104313,2026-07-14 07:52:00,14-Jul-2026 08:13,Atlantic Station,Ponce City Market,casual
R101674,17-Jun-2026 19:46,2026-06-17 19:51:53,Georgia State University,Centennial Olympic Park,member
R103078,07/01/2026 17:49,07/01/2026 18:20,Piedmont Park,Georgia State University,casual
R103300,07/04/2026 15:41,2026-07-04 16:00:09,Midtown MARTA,Ponce City Market,casual
R102078,2026-06-21 14:59:00,06/21/2026 15:12,Krog Street Market,Centennial Olympic Park,member
R103699,07/08/2026 13:02,2026-07-08 13:11:03,Midtown MARTA,GRANT PARK,member
R103456,07/05/2026 20:42,2026-07-05 21:22:07,Midtown MARTA,Atlantic Station,casual
R101751,2026-06-18 21:36:00,2026-06-18 21:52:19,Ponce City Market,Georgia State University,member
R100189,2026-06-02 20:23:00,2026-06-02 20:36:32,Centennial Olympic Park,  Ponce City Market ,member
R100518,2026-06-05 17:23:00,2026-06-05 17:24:00,Centennial Olympic Park,Krog Street Market,member
R101368,2026-06-14 18:40:00,2026-06-14 18:51:35,Midtown MARTA,Centennial Olympic Park,member
R102312,06/23/2026 07:19,2026-06-23 07:27:03,Piedmont Park,Ponce City Market,member
R100500,2026-06-05 01:47:00,2026-06-05 01:53:37,  Midtown MARTA ,Ponce City Market,member
R102764,2026-06-28 16:22:00,2026-06-28 16:50:08,Midtown MARTA,  Georgia State University ,casual
R101980,2026-06-20 18:20:00,2026-06-20 18:34:43,Midtown MARTA,Ponce City Market,member
R104931,2026-07-20 07:12:00,2026-07-20 07:30:18,piedmont park,  West End ,member
R104216,2026-07-13 11:04:00,2026-07-13 11:15:41,Centennial Olympic Park,  Krog Street Market ,member
R100815,2026-06-09 08:27:00,2026-06-09 08:28:00,Ponce City Market,Georgia State University,casual
R101184,12-Jun-2026 16:38,2026-06-12 16:39:55,Centennial Olympic Park,Krog Street Market,member
R102186,2026-06-22 08:31:00,2026-06-22 08:35:50,Piedmont Park,ponce city market,member
R104920,07/20/2026 08:22,2026-07-20 08:33:46,Midtown MARTA,Centennial Olympic Park,member
R100340,2026-06-04 18:57:00,2026-06-04 18:57:00,Ponce City Market,Ponce City Market,member
R102831,06/28/2026 12:08,2026-06-28 12:30:49,Centennial Olympic Pk,Piedmont Park,casual
R102671,2026-06-27 13:10:00,2026-06-27 13:43:43,Georgia State University,Atlantic Station,casual
R100274,2026-06-03 18:01:00,03-Jun-2026 18:18,Atlantic Station,Midtown MARTA,casual
R101281,2026-06-13 09:12:00,13-Jun-2026 09:19,Midtown MARTA,Ponce City Market,member
R104379,2026-07-15 07:44:00,2026-07-15 07:53:11,Midtown MARTA,Piedmont Park,member
R101298,2026-06-13 13:53:00,2026-06-13 14:03:23,Grant Park,Georgia State University,member
R105619,2026-07-27 08:41:00,2026-07-27 08:55:19,Centennial Olympic Park,Ponce City Market,member
R102066,06/21/2026 14:14,21-Jun-2026 14:42,Georgia State University,Ponce City Market,casual
R102605,2026-06-26 13:25:00,06/26/2026 13:42,Midtown MARTA,Centennial Olympic Park,member
R102650,26-Jun-2026 15:20,26-Jun-2026 15:37,Ponce City Market,Midtown MARTA,member
R102594,2026-06-26 06:14:00,2026-06-26 06:24:55,Ponce City Market,MIDTOWN MARTA,member
R105158,2026-07-22 17:27:00,2026-07-22 17:35:57,  Georgia State University ,Midtown MARTA,member
R101770,06/18/2026 07:13,2026-06-18 07:21:36,Krog Street Market,Midtown MARTA,member
R101471,2026-06-15 07:04:00,2026-06-15 07:09:31,Piedmont Park,Ponce City Market,member
R105679,07/27/2026 09:52,2026-08-16 09:52:00,Atlantic Station,Georgia State University,casual
R104064,2026-07-11 20:43:00,2026-07-11 20:53:41,Ponce City Market,GEORGIA STATE UNIVERSITY,member
R105492,2026-07-26 15:06:00,2026-07-26 15:22:04,  Centennial Olympic Park ,Midtown MARTA,member
R104557,2026-07-16 18:35:00,07/16/2026 18:47,Midtown MARTA,Ponce City Market,member
R103391,07/05/2026 10:22,2026-07-05 10:27:51,Georgia State University,West End,member
R103271,2026-07-03 18:14:00,07/03/2026 18:22,Midtown MARTA,Krog Street Market,member
R105680,27-Jul-2026 20:47,27-Jul-2026 20:47,Piedmont Park,Piedmont Park,member
R100477,2026-06-05 12:42:00,2026-06-05 13:09:42,Midtown MARTA,  Ponce City Market ,casual
R101254,2026-06-13 11:35:00,06/13/2026 11:36,Atlantic Station,Centennial Olympic Park,casual
R100115,2026-06-01 08:12:00,2026-06-01 08:27:45,Midtown MARTA,atlantic station,member
R105222,2026-07-22 07:11:00,2026-07-22 07:19:10,Ponce City Market,Centennial Olympic Park,member
R105480,25-Jul-2026 07:56,2026-07-25 08:04:25,Georgia State University,Midtown MARTA,member
R102049,2026-06-21 19:26:00,2026-06-21 19:39:30,Midtown MARTA,Atlantic Station,member
R100019,2026-06-01 05:15:00,2026-06-01 05:29:42,Midtown MARTA,Ponce City Market,member
R102120,2026-06-21 13:47:00,2026-06-21 14:28:20,Little Five Points,Centennial Olympic Park,casual
R102269,06/23/2026 11:28,23-Jun-2026 11:44,  Midtown MARTA ,,member
R102028,21-Jun-2026 08:45,2026-06-21 08:52:51,Midtown MARTA,Piedmont Park,member
R105219,2026-07-22 16:45:00,2026-07-22 16:57:27,  Georgia State University ,Ponce City Market,member
R103230,2026-07-03 20:00:00,2026-07-03 20:07:14,Georgia State University,Krog Street Market,member
R105367,2026-07-24 11:21:00,24-Jul-2026 11:30,MIDTOWN MARTA,Ponce City Market,member
R100962,06/10/2026 08:41,2026-06-10 08:51:55,Piedmont Park,Midtown MARTA,member
R103319,2026-07-04 15:08:00,2026-07-04 15:19:50,Georgia State University,  Centennial Olympic Park ,member
R102309,2026-06-23 06:59:00,2026-06-23 07:07:24,GEORGIA STATE UNIVERSITY,Atlantic Station,member
R101487,2026-06-15 21:05:00,06/15/2026 21:15,Piedmont Park,  Midtown MARTA ,member
R105227,2026-07-22 07:47:00,2026-07-22 08:07:08,CENTENNIAL OLYMPIC PARK,Ponce City Market,casual
R105903,2026-07-30 07:45:00,2026-07-30 07:48:30,Midtown MARTA,Ponce City Market,member
R102596,2026-06-26 20:24:00,06/26/2026 20:41,Midtown MARTA,Georgia State University,casual
R102065,06/21/2026 13:30,2026-06-21 13:44:48,Ponce City Market,Georgia State University,casual
R103972,07/10/2026 09:20,2026-07-10 09:36:14,Georgia State University,Atlantic Station,casual
R104396,2026-07-15 15:54:00,2026-07-15 16:00:51,CENTENNIAL OLYMPIC PARK,  Piedmont Park ,member
R102037,2026-06-21 03:08:00,2026-06-21 03:26:49,GEORGIA STATE UNIVERSITY,Atlantic Station,casual
R103254,2026-07-03 02:09:00,2026-07-03 02:27:55,Atlantic Station,MIDTOWN MARTA,member
R103470,2026-07-06 17:24:00,2026-07-06 18:07:08,Midtown MARTA,Georgia State University,casual
R101731,06/18/2026 17:48,06/18/2026 17:58,Ponce City Market,Georgia State University,member
R101191,06/12/2026 21:45,2026-06-12 21:54:54,Ponce City Market,Georgia State University,member
R105864,2026-07-29 20:41:00,2026-07-29 20:50:02,Midtown MARTA,ponce city market,member
R104330,2026-07-14 16:33:00,2026-07-14 16:41:09,Ponce City Market,Midtown MARTA,member
R104540,2026-07-16 15:28:00,2026-07-16 15:41:22,Midtown MARTA,georgia state university,member
R101361,2026-06-14 08:52:00,2026-06-14 09:16:25,PIEDMONT PARK,Midtown MARTA,casual
R105433,2026-07-25 17:50:00,2026-07-25 18:30:39,Midtown MARTA,Ponce City Market,casual
R102673,2026-06-27 14:51:00,2026-06-27 15:03:23,Georgia State University,Centennial Olympic Park,member
R100448,2026-06-05 17:23:00,2026-06-05 17:30:40,MIDTOWN MARTA,Georgia State University,member
R102086,06/21/2026 14:23,2026-06-21 15:07:28,Midtown MARTA,Piedmont Park,casual
R101521,2026-06-15 21:18:00,2026-06-15 21:23:31,Centennial Olympic Park,Ponce City Market,member
R102551,2026-06-25 20:25:00,2026-06-25 21:18:24,  Ponce City Market ,West End,casual
R104901,2026-07-19 14:50:00,07/19/2026 15:18,Georgia State University,Midtown MARTA,casual
R100103,06/01/2026 01:23,2026-06-01 01:41:43,Ponce City Market,Midtown MARTA,member
R100472,2026-06-05 17:40:00,2026-06-05 17:52:03,Georgia State University,Midtown MARTA,member
R103302,2026-07-04 15:01:00,2026-07-04 15:26:28,Centennial Olympic Park,Piedmont Park,casual
R103529,2026-07-06 19:36:00,07/06/2026 19:49,Centennial Olympic Park,ponce city market,member
R102289,2026-06-23 18:31:00,2026-06-23 18:41:43,Midtown MARTA,KROG STREET MARKET,member
R100587,2026-06-06 09:01:00,2026-06-06 09:14:28,GEORGIA STATE UNIVERSITY,Grant Park,casual
R104798,2026-07-18 18:34:00,07/18/2026 19:07,Atlantic Station,Centennial Olympic Pk,casual
R105011,20-Jul-2026 11:53,2026-07-20 12:22:23,KROG STREET MARKET,Little Five Points,casual
R105572,2026-07-26 09:10:00,07/26/2026 09:20,Grant Park,West End,member
R100503,2026-06-05 10:45:00,06/05/2026 10:56,Midtown MARTA,Georgia State University,member
R105606,27-Jul-2026 08:24,2026-07-27 08:54:45,Georgia State University,Ponce City Market,casual
R101901,2026-06-19 08:00:00,2026-06-19 08:11:39,Georgia State University,Little Five Points,member
R104373,2026-07-15 15:55:00,2026-07-15 16:06:39,Ponce City Market,Georgia State University,member
R105649,07/27/2026 18:11,27-Jul-2026 18:32,Ponce City Market,Georgia State University,casual
R100288,2026-06-03 04:24:00,06/03/2026 04:31,Ponce City Market,Midtown MARTA,member
R103275,2026-07-03 19:07:00,2026-07-03 19:19:59,Krog Street Market,Centennial Olympic Park,member
R100618,06/07/2026 13:17,2026-06-07 13:37:05,Centennial Olympic Park,Midtown MARTA,casual
R103285,2026-07-04 17:55:00,2026-07-04 18:07:16,Ponce City Market,  Georgia State University ,member
R100729,2026-06-08 17:28:00,06/08/2026 17:43,CENTENNIAL OLYMPIC PARK,Little Five Points,member
R102502,06/25/2026 16:50,2026-06-25 17:07:58,Grant Park,GEORGIA STATE UNIVERSITY,casual
R101449,2026-06-15 21:39:00,06/15/2026 22:01,Midtown MARTA,Georgia State University,casual
R103234,2026-07-03 07:32:00,07/03/2026 07:38,Midtown MARTA,West End,casual
R104290,14-Jul-2026 07:32,2026-07-14 07:51:27,Piedmont Park,Ponce City Market,casual
R105262,23-Jul-2026 08:31,07/23/2026 08:44,Little Five Points,Ponce City Market,member
R100254,2026-06-03 19:33:00,2026-06-03 19:42:39,Piedmont Park,Ponce City Market,casual
R103548,2026-07-06 10:52:00,2026-07-06 11:02:45,Krog Street Market,GEORGIA STATE UNIVERSITY,member
R103258,2026-07-03 16:27:00,2026-07-03 16:40:49,Georgia State University,Centennial Olympic Park,member
R103110,07/02/2026 11:34,2026-07-02 12:06:49,Ponce City Market,Centennial Olympic Park,casual
R105254,07/23/2026 09:23,2026-07-23 09:49:52,Atlantic Station,Georgia State University,casual
R103590,2026-07-07 08:14:00,2026-07-07 08:21:31,georgia state university,West End,member
R101198,2026-06-12 17:24:00,06/12/2026 17:42,Ponce City Market,Midtown MARTA,member
R105244,2026-07-23 07:42:00,2026-07-23 07:47:11,Ponce City Market,KROG STREET MARKET,member
R101906,06/19/2026 16:11,2026-06-19 16:17:17,georgia state university,Krog Street Market,member
R104960,2026-07-20 16:34:00,2026-07-20 16:40:41,Krog Street Market,Ponce City Market,member
R100157,06/02/2026 19:10,2026-06-02 19:35:31,Georgia State University,Atlantic Station,casual
R105985,2026-07-30 07:05:00,30-Jul-2026 07:20,Midtown MARTA,,member
R103983,10-Jul-2026 08:50,2026-07-10 09:00:41,Midtown MARTA,Atlantic Station,member
R102278,23-Jun-2026 08:19,2026-06-23 08:30:31,Georgia State University,Midtown MARTA,member
R102383,2026-06-24 16:56:00,06/24/2026 17:09,Piedmont Park,Ponce City Market,member
R101966,2026-06-20 16:58:00,2026-06-20 17:19:45,Midtown MARTA,Georgia State University,casual
R101959,06/20/2026 12:45,2026-06-20 13:29:45,Ponce City Market,Midtown MARTA,casual
R100451,2026-06-05 17:48:00,2026-06-05 18:11:03,Ponce City Market,Atlantic Station,casual
R100208,03-Jun-2026 18:03,2026-06-03 18:15:51,Ponce City Market,Atlantic Station,member
R101952,2026-06-20 07:19:00,2026-06-20 07:28:00,Midtown MARTA,Centennial Olympic Park,casual
R100595,2026-06-07 13:09:00,2026-06-07 13:14:11,Midtown MARTA,Ponce City Market,member
R103126,2026-07-02 08:44:00,02-Jul-2026 08:55,Grant Park,Ponce City Market,member
R102376,2026-06-24 08:28:00,2026-06-24 08:41:20,Ponce City Market,midtown marta,member
R104624,2026-07-17 07:19:00,17-Jul-2026 07:26,Georgia State University,Little Five Points,member
R100289,06/03/2026 16:27,2026-06-03 16:46:51,Ponce City Market,midtown marta,casual
R101642,06/17/2026 07:45,2026-06-17 07:47:46,Ponce City Market,Midtown MARTA,casual
R102693,2026-06-27 17:03:00,2026-06-27 17:29:54,Georgia State University,  Ponce City Market ,casual
R101643,2026-06-17 10:31:00,2026-06-17 10:47:59,Ponce City Market,Midtown MARTA,member
R103147,02-Jul-2026 18:19,2026-07-02 18:27:10,MIDTOWN MARTA,Piedmont Park,member
R101436,2026-06-15 14:42:00,15-Jun-2026 14:50,PONCE CITY MARKET,midtown marta,member
R100263,2026-06-03 08:51:00,2026-06-03 09:04:39,Midtown MARTA,CENTENNIAL OLYMPIC PARK,member
R101280,06/13/2026 12:15,2026-06-13 12:43:40,Georgia State University,Midtown MARTA,casual
R100836,2026-06-09 19:54:00,2026-06-09 20:05:02,Centennial Olympic Pk,Krog Street Market,member
R100326,06/04/2026 06:38,2026-06-04 06:45:41,Midtown MARTA,Piedmont Park,member
R102431,2026-06-24 06:25:00,06/24/2026 06:29,  Centennial Olympic Park ,Ponce City Market,member
R100639,2026-06-07 15:18:00,07-Jun-2026 15:23,Ponce City Market,Midtown MARTA,member
R102893,06/29/2026 04:32,2026-06-29 04:37:03,Midtown MARTA,Atlantic Station,member
R105843,2026-07-29 18:26:00,2026-07-29 18:36:42,atlantic station,Centennial Olympic Park,member
R104014,2026-07-11 03:44:00,11-Jul-2026 03:51,Midtown MARTA,West End,member
R105359,2026-07-24 17:35:00,07/24/2026 17:47,Ponce City Market,Centennial Olympic Park,member
R103016,30-Jun-2026 07:08,2026-06-30 07:26:22,West End,MIDTOWN MARTA,member
R101693,2026-06-17 13:30:00,17-Jun-2026 13:54,  Midtown MARTA ,Ponce City Market,casual
R101223,12-Jun-2026 18:31,2026-06-12 18:38:20,Krog Street Market,Centennial Olympic Park,member
R101438,2026-06-15 08:02:00,2026-06-15 08:12:16,Ponce City Market,Midtown MARTA,member
R104381,2026-07-15 05:24:00,15-Jul-2026 05:33,Midtown MARTA,Georgia State University,member
R104345,2026-07-14 17:48:00,2026-07-14 17:59:22,Midtown MARTA,Atlantic Station,member
R100061,2026-06-01 16:36:00,2026-06-01 16:48:00,piedmont park,Ponce City Market,member
R105738,28-Jul-2026 17:08,07/28/2026 17:11,Centennial Olympic Park,Ponce City Market,member
R101808,06/19/2026 17:15,2026-06-19 17:32:53,Centennial Olympic Park,Atlantic Station,casual
R102514,2026-06-25 16:03:00,06/25/2026 16:09,Ponce City Market,Little Five Points,member
R104976,07/20/2026 05:00,07/20/2026 05:14,Midtown MARTA,Piedmont Park,member
R100927,2026-06-10 08:11:00,10-Jun-2026 08:38,Centennial Olympic Park,Atlantic Station,casual
R103965,2026-07-10 17:07:00,2026-07-10 17:26:49,West End,Ponce City Market,casual
R103678,2026-07-08 01:16:00,07/08/2026 01:21,Midtown MARTA,Ponce City Market,member
R101042,2026-06-11 10:14:00,11-Jun-2026 10:31,Ponce City Market,piedmont park,member
R100052,2026-06-01 16:22:00,2026-06-01 16:33:19,Georgia State University,  Krog Street Market ,member
R104956,07/20/2026 16:58,2026-07-20 17:14:02,Georgia State University,Midtown MARTA,member
R100193,2026-06-02 15:56:00,2026-06-02 16:06:43,Midtown MARTA,Georgia State University,member
R100024,2026-06-01 22:02:00,2026-06-13 22:02:00,Atlantic Station,Midtown MARTA,member
R103209,2026-07-02 07:55:00,2026-07-02 08:02:19,Ponce City Market,  Georgia State University ,member
R105494,2026-07-26 08:30:00,2026-07-26 08:52:13,Ponce City Market,Midtown MARTA,casual
R101143,2026-06-12 06:52:00,12-Jun-2026 06:58,Georgia State University,Atlantic Station,member
R105507,2026-07-26 15:13:00,2026-07-26 15:19:25,little five points,  Atlantic Station ,member
R101567,2026-06-16 16:57:00,16-Jun-2026 17:07,PONCE CITY MARKET,Atlantic Station,member
R101953,2026-06-20 07:35:00,2026-06-20 08:09:21,Midtown MARTA,ponce city market,casual
R104299,2026-07-14 13:31:00,14-Jul-2026 13:48,West End,Ponce City Market,member
R104550,07/16/2026 09:48,2026-07-16 09:54:05,Centennial Olympic Pk,Midtown MARTA,member
R104981,2026-07-20 08:20:00,2026-07-20 08:50:46,Centennial Olympic Park,GEORGIA STATE UNIVERSITY,casual
R104762,07/18/2026 11:18,18-Jul-2026 11:32,Georgia State University,Piedmont Park,member
R100585,06/06/2026 15:57,2026-06-06 16:12:28,Ponce City Market,Georgia State University,member
R101394,2026-06-14 12:03:00,2026-06-14 12:27:36,Midtown MARTA,Atlantic Station,casual
R102145,2026-06-22 19:59:00,2026-06-22 20:09:19,Midtown MARTA,Krog Street Market,member
R101958,2026-06-20 15:24:00,06/20/2026 15:53,Atlantic Station,  Midtown MARTA ,casual
R103437,05-Jul-2026 14:08,2026-07-05 14:12:45,Centennial Olympic Park,  Ponce City Market ,member
R102081,21-Jun-2026 13:13,2026-06-21 13:22:32,Ponce City Market,Midtown MARTA,member
R103342,04-Jul-2026 11:00,2026-07-04 11:11:20,Midtown MARTA,Georgia State University,member
R101786,2026-06-18 09:52:00,06/18/2026 10:12,Centennial Olympic Park,Midtown MARTA,casual
R100172,2026-06-02 18:19:00,06/02/2026 18:29,Atlantic Station,MIDTOWN MARTA,member
R101371,14-Jun-2026 15:29,06/14/2026 15:41,Ponce City Market,KROG STREET MARKET,member
R105386,2026-07-24 07:18:00,2026-07-24 07:30:37,Centennial Olympic Pk,atlantic station,member
R105289,2026-07-23 16:57:00,2026-07-23 17:05:42,Midtown MARTA,Ponce City Market,member
R102773,06/28/2026 05:22,06/28/2026 05:45,PONCE CITY MARKET,Midtown MARTA,casual
R100952,2026-06-10 20:09:00,2026-06-10 20:25:52,Ponce City Market,midtown marta,casual
R105422,2026-07-25 21:11:00,25-Jul-2026 21:36,Midtown MARTA,Georgia State University,casual
R100998,2026-06-10 21:51:00,2026-06-10 22:03:27,Georgia State University,Ponce City Market,member
R101844,2026-06-19 05:04:00,06/19/2026 05:13,Centennial Olympic Park,Midtown MARTA,member
R105484,2026-07-26 01:32:00,26-Jul-2026 01:46,Midtown MARTA,Piedmont Park,member
R102598,2026-06-26 12:37:00,2026-06-26 12:45:34,Ponce City Market,Midtown MARTA,member
R103074,01-Jul-2026 16:43,2026-07-01 16:53:49,Midtown MARTA,Ponce City Market,member
R102757,2026-06-28 11:05:00,06/28/2026 11:17,  Ponce City Market ,GEORGIA STATE UNIVERSITY,member
R100942,2026-06-10 16:47:00,2026-06-10 16:56:40,Midtown MARTA,Ponce City Market,member
R101241,2026-06-12 17:36:00,2026-06-12 17:46:33,PONCE CITY MARKET,Georgia State University,member
R101054,2026-06-11 07:49:00,11-Jun-2026 08:01,Piedmont Park,Atlantic Station,member
R103982,2026-07-10 18:01:00,2026-07-10 18:12:24,PONCE CITY MARKET,Centennial Olympic Park,member
R101709,17-Jun-2026 18:43,06/17/2026 18:49,Ponce City Market,Centennial Olympic Park,member
R101941,2026-06-20 13:03:00,06/20/2026 13:44,Atlantic Station,Midtown MARTA,casual
R101485,06/15/2026 18:58,06/15/2026 19:11,Midtown MARTA,Ponce City Market,member
R104855,2026-07-19 00:19:00,07/19/2026 00:23,Ponce City Market,PIEDMONT PARK,member
R105493,07/26/2026 07:17,2026-07-26 07:22:54,  Atlantic Station ,Centennial Olympic Park,member
R101544,2026-06-16 18:09:00,2026-06-16 18:19:29,Georgia State University,Ponce City Market,member
R104712,2026-07-18 22:53:00,2026-07-18 23:05:35,Ponce City Market,Piedmont Park,member
R105385,2026-07-24 13:22:00,07/24/2026 13:31,Georgia State University,Ponce City Market,member
R100800,2026-06-08 07:57:00,08-Jun-2026 08:10,Midtown MARTA,Piedmont Park,member
R101796,18-Jun-2026 06:18,2026-06-18 06:42:44,CENTENNIAL OLYMPIC PARK,Midtown MARTA,casual
R100040,2026-06-01 11:54:00,2026-06-01 12:08:51,Midtown MARTA,Georgia State University,member
R102413,2026-06-24 10:55:00,2026-06-24 11:09:48,Ponce City Market,Georgia State University,
R105503,2026-07-26 10:11:00,2026-07-26 10:34:14,Georgia State University,Ponce City Market,casual
R102080,21-Jun-2026 16:24,06/21/2026 16:49,georgia state university,Ponce City Market,casual
R103372,2026-07-04 08:33:00,2026-07-04 08:50:49,Ponce City Market,Piedmont Park,casual
R102295,2026-06-23 08:30:00,2026-06-23 08:40:54,Georgia State University,  Midtown MARTA ,member
R105852,2026-07-29 16:00:00,29-Jul-2026 16:12,Atlantic Station,  Ponce City Market ,member
R101594,06/16/2026 18:25,2026-06-16 18:49:54,PIEDMONT PARK,GRANT PARK,casual
R101218,2026-06-12 17:00:00,2026-06-12 17:12:34,Atlantic Station,Ponce City Market,member
R105079,2026-07-21 14:26:00,2026-07-21 14:42:56,midtown marta,Ponce City Market,casual
R102890,2026-06-29 08:42:00,2026-06-29 08:52:03,Midtown MARTA,Ponce City Market,member
R103365,2026-07-04 19:24:00,2026-07-04 19:38:06,MIDTOWN MARTA,piedmont park,member
R103870,09-Jul-2026 18:41,2026-07-09 18:55:10,Georgia State University,Ponce City Market,
R100792,06/08/2026 17:10,2026-06-08 17:25:45,  Ponce City Market ,Centennial Olympic Park,member
R100362,2026-06-04 18:33:00,2026-06-04 18:48:54,Midtown MARTA,GEORGIA STATE UNIVERSITY,member
R101511,2026-06-15 19:07:00,06/15/2026 19:36,Midtown MARTA,Ponce City Market,casual
R101439,2026-06-15 11:19:00,2026-06-15 11:35:43,Ponce City Market,Georgia State University,member
R100197,2026-06-02 16:50:00,06/02/2026 17:04,Krog St. Market,Midtown MARTA,member
R101421,15-Jun-2026 07:24,2026-06-15 07:29:32,Krog Street Market,Ponce City Market,member
R104344,2026-07-14 11:37:00,07/14/2026 11:43,PONCE CITY MARKET,Midtown MARTA,casual
R104775,2026-07-18 11:52:00,07/18/2026 12:00,Ponce City Market,  Grant Park ,casual
R100804,2026-06-08 18:41:00,2026-06-08 18:52:31,Midtown MARTA,Atlantic Station,member
R101290,2026-06-13 13:26:00,2026-06-13 13:42:45,Ponce City Market,Centennial Olympic Park,casual
R102586,2026-06-26 05:55:00,26-Jun-2026 06:06,Atlantic Station,  Georgia State University ,member
R103591,2026-07-07 09:02:00,2026-07-07 09:12:34,Midtown MARTA,Atlantic Station,member
R104934,2026-07-20 15:42:00,2026-07-20 15:52:08,Midtown MARTA,krog street market,member
R100663,2026-06-07 08:44:00,2026-06-07 09:16:42,Ponce City Market,Midtown MARTA,casual
R102742,2026-06-28 13:08:00,2026-06-28 13:21:35,Krog Street Market,Georgia State University,member
R103681,2026-07-08 08:57:00,2026-07-08 09:07:45,  Georgia State University ,Midtown MARTA,member
R100369,2026-06-04 19:44:00,06/04/2026 19:50,Midtown MARTA,Centennial Olympic Park,member
R102008,2026-06-20 11:52:00,06/20/2026 12:12,Midtown MARTA,georgia state university,casual
R101839,06/19/2026 12:41,2026-06-19 12:55:27,Piedmont Park,ponce city market,member
R104253,07/14/2026 06:21,2026-07-14 06:34:38,Atlantic Station,Krog Street Market,casual
R101865,2026-06-19 13:40:00,06/19/2026 13:47,Georgia State University,Ponce City Market,member
R104169,2026-07-12 17:12:00,2026-07-12 17:12:00,  Atlantic Station ,  Atlantic Station ,member
R105716,2026-07-27 07:47:00,27-Jul-2026 07:58,Centennial Olympic Pk,Midtown MARTA,member
R101229,2026-06-12 16:35:00,06/12/2026 16:44,Ponce City Market,Georgia State University,member
R101457,06/15/2026 08:37,15-Jun-2026 08:43,Midtown MARTA,ATLANTIC STATION,member
R103411,2026-07-05 13:45:00,2026-07-05 14:10:51,Ponce City Market,Piedmont Park,casual
R105645,07/27/2026 07:35,2026-07-27 07:46:24,Atlantic Station,Midtown MARTA,member
R105214,2026-07-22 12:28:00,2026-07-22 12:38:22,  Midtown MARTA ,Piedmont Park,member
R105717,2026-07-27 17:06:00,07/27/2026 17:17,Centennial Olympic Park,Ponce City Market,member
R104690,07/17/2026 15:32,2026-07-17 15:58:46,Ponce City Market,West End,casual
R105913,2026-07-30 07:32:00,07/30/2026 07:41,Georgia State University,Ponce City Market,member
R101263,2026-06-13 11:18:00,13-Jun-2026 11:57,Centennial Olympic Park,Atlantic Station,casual
R102559,2026-06-25 16:50:00,2026-06-25 17:25:05,West End,Georgia State University,casual
R105466,07/25/2026 14:37,25-Jul-2026 14:51,  Centennial Olympic Park ,Midtown MARTA,member
R105231,07/22/2026 17:17,2026-07-22 17:34:17,Centennial Olympic Park,Ponce City Market,member
R103312,07/04/2026 11:53,07/04/2026 12:07,Ponce City Market,  Georgia State University ,member
R101120,2026-06-11 10:28:00,2026-06-11 10:43:42,Midtown MARTA,ponce city market,member
R103490,2026-07-06 16:46:00,2026-07-06 16:53:13,MIDTOWN MARTA,Piedmont Park,casual
R102448,2026-06-24 09:31:00,2026-06-24 09:47:16,centennial olympic park,Ponce City Market,casual
R102171,2026-06-22 10:38:00,22-Jun-2026 10:48,Ponce City Market,MIDTOWN MARTA,member
R104923,07/20/2026 17:55,20-Jul-2026 18:09,Midtown MARTA,Georgia State University,member
R101824,2026-06-19 16:48:00,2026-06-19 16:55:37,Midtown MARTA,atlantic station,casual
R101102,2026-06-11 18:34:00,06/11/2026 18:42,Centennial Olympic Park,Little Five Points,member
R103070,2026-07-01 21:07:00,07/01/2026 21:20,Ponce City Market,Little Five Points,member
R101359,2026-06-14 18:25:00,2026-06-14 18:40:26,MIDTOWN MARTA,Georgia State University,casual
R100918,2026-06-10 09:35:00,2026-06-10 09:48:53,Ponce City Market,Krog St. Market,member
R105774,28-Jul-2026 10:04,2026-07-28 10:15:13,Grant Park,MIDTOWN MARTA,member
R101757,2026-06-18 08:35:00,2026-06-18 08:35:00,midtown marta,midtown marta,member
R104378,07/15/2026 17:53,2026-07-15 18:06:54,Ponce City Market,Centennial Olympic Park,member
R105310,07/23/2026 18:15,2026-07-23 18:33:57,Centennial Olympic Pk,Atlantic Station,casual
R105959,2026-07-30 07:43:00,2026-07-30 07:52:48,Atlantic Station,Midtown MARTA,member
R101010,06/11/2026 06:19,2026-06-11 06:26:25,Ponce City Market,Georgia State University,member
R103089,2026-07-01 17:51:00,07/01/2026 17:55,Piedmont Park,Atlantic Station,member
R100696,06/07/2026 10:32,07-Jun-2026 10:48,Atlantic Station,LITTLE FIVE POINTS,casual
R104831,07/19/2026 02:08,2026-07-19 02:17:39,Ponce City Market,Midtown MARTA,member
R105762,2026-07-28 07:18:00,2026-07-28 07:26:20,Midtown MARTA,ATLANTIC STATION,member
R104907,2026-07-19 11:40:00,2026-07-19 11:56:10,Piedmont Park,Midtown MARTA,member
R100581,06/06/2026 14:45,06/06/2026 15:22,Midtown MARTA,Grant Park,casual
R100305,2026-06-03 16:22:00,2026-06-03 16:31:33,  Georgia State University ,  Piedmont Park ,member
R102681,06/27/2026 14:12,2026-06-27 14:26:26,ponce city market,Krog Street Market,member
R105887,2026-07-29 07:38:00,07/29/2026 07:41,Midtown MARTA,Georgia State University,member
R101491,2026-06-15 18:58:00,2026-06-15 19:12:26,Georgia State University,Grant Park,member
R103446,07/05/2026 13:47,2026-07-05 13:54:13,Ponce City Market,  Centennial Olympic Park ,member
R105101,2026-07-21 01:05:00,21-Jul-2026 01:13,Atlantic Station,Midtown MARTA,member
R100530,2026-06-06 18:39:00,2026-06-06 19:15:22,Midtown MARTA,Little Five Points,casual
R103775,07/09/2026 09:13,2026-07-09 09:38:31,Ponce City Market,Piedmont Park,casual
R100579,2026-06-06 16:26:00,2026-06-06 16:37:03,Centennial Olympic Park,Midtown MARTA,member
R102737,2026-06-28 12:58:00,2026-06-28 13:20:34,Atlantic Station,Centennial Olympic Park,casual
R100174,2026-06-02 11:05:00,06/02/2026 11:13,Georgia State University,Centennial Olympic Park,member
R105462,25-Jul-2026 13:25,07/25/2026 13:34,Georgia State University,Midtown MARTA,member
R100083,2026-06-01 07:53:00,2026-06-01 08:09:29,Piedmont Park,MIDTOWN MARTA,member
R101404,2026-06-14 15:34:00,06/14/2026 16:18,Piedmont Park,Georgia State University,casual
R105822,2026-07-29 17:39:00,2026-07-29 17:54:59,Midtown MARTA,Ponce City Market,casual
R102872,29-Jun-2026 10:42,2026-06-29 10:54:03,Krog Street Market,Little Five Points,member
R105277,2026-07-23 01:18:00,2026-07-23 01:23:22,Ponce City Market,Midtown MARTA,member
R105987,07/30/2026 15:05,07/30/2026 15:18,Georgia State University,Grant Park,member
R105445,2026-07-25 03:17:00,2026-07-25 03:25:39,Piedmont Park,Krog Street Market,member
R105048,2026-07-21 18:08:00,2026-07-21 18:38:32,Georgia State University,Centennial Olympic Park,casual
R102798,2026-06-28 16:39:00,2026-06-28 17:01:11,Piedmont Park,Centennial Olympic Park,casual
R105704,07/27/2026 15:33,2026-07-27 15:48:54,Centennial Olympic Park,Midtown MARTA,member
R105984,30-Jul-2026 17:32,30-Jul-2026 17:38,Midtown MARTA,Grant Park,member
R101924,2026-06-19 08:26:00,2026-06-19 08:48:59,Krog Street Market,centennial olympic park,member
R105904,2026-07-30 08:07:00,07/30/2026 08:20,Piedmont Park,Georgia State University,member
R100377,2026-06-04 18:13:00,2026-06-04 18:24:59,Atlantic Station,Georgia State University,member
R104753,2026-07-18 15:06:00,2026-07-18 15:17:58,grant park,PONCE CITY MARKET,member
R102558,2026-06-25 11:09:00,25-Jun-2026 11:23,Ponce City Market,Midtown MARTA,member
R101013,2026-06-11 15:24:00,2026-06-11 15:30:09,West End,Ponce City Market,member
R104347,07/14/2026 21:05,2026-07-14 21:19:41,Georgia State University,Midtown MARTA,member
R105605,2026-07-26 11:31:00,07/26/2026 11:52,Centennial Olympic Park,Midtown MARTA,casual
R100143,2026-06-02 16:54:00,2026-06-02 17:09:59,PONCE CITY MARKET,Centennial Olympic Park,member
R105964,2026-07-30 19:24:00,07/30/2026 19:32,Atlantic Station,Georgia State University,member
R100875,06/09/2026 21:28,2026-06-09 21:35:26,Georgia State University,Krog Street Market,member
R102497,2026-06-25 18:47:00,06/25/2026 19:00,Centennial Olympic Park,Ponce City Market,member
R103571,2026-07-07 12:30:00,2026-07-07 12:40:19,Midtown MARTA,Atlantic Station,member
R104582,2026-07-17 16:27:00,17-Jul-2026 16:38,Georgia State University,Midtown MARTA,member
R100697,06/07/2026 17:58,07-Jun-2026 18:06,georgia state university,Ponce City Market,member
R105692,07/27/2026 07:15,27-Jul-2026 07:47,  Midtown MARTA ,Georgia State University,casual
R102887,2026-06-29 17:06:00,2026-06-29 17:21:15,Ponce City Market,CENTENNIAL OLYMPIC PARK,member
R100384,2026-06-04 05:22:00,06/04/2026 05:28,Centennial Olympic Park,Midtown MARTA,member
R105076,2026-07-21 16:46:00,07/21/2026 16:55,Ponce City Market,Centennial Olympic Park,member
R103587,2026-07-07 17:55:00,2026-07-07 17:59:30,Ponce City Market,Georgia State University,member
R103500,2026-07-06 13:31:00,2026-07-06 14:01:58,Ponce City Market,Georgia State University,casual
R101555,2026-06-16 21:27:00,06/16/2026 21:34,GEORGIA STATE UNIVERSITY,  Midtown MARTA ,member
R103536,07/06/2026 19:52,2026-07-06 20:03:52,Krog Street Market,Midtown MARTA,member
R101788,2026-06-18 08:05:00,06/18/2026 08:23,Little Five Points,CENTENNIAL OLYMPIC PARK,member
R103256,07/03/2026 20:23,2026-07-03 20:37:31,Centennial Olympic Park,Georgia State University,member
R103588,2026-07-07 10:23:00,2026-07-07 10:41:08,Georgia State University,Ponce City Market,member
R105061,2026-07-21 12:20:00,2026-07-21 12:49:11,PONCE CITY MARKET,Piedmont Park,casual
R101366,2026-06-14 15:35:00,2026-06-14 15:42:55,  Ponce City Market ,Piedmont Park,member
R102260,2026-06-23 10:15:00,2026-06-23 10:28:47,Georgia State University,Midtown MARTA,member
R102748,28-Jun-2026 11:36,06/28/2026 11:56,Krog Street Market,Midtown MARTA,member
R103679,07/08/2026 18:00,2026-07-08 18:12:38,Krog Street Market,  Atlantic Station ,member
R104282,2026-07-14 12:43:00,2026-07-14 12:55:28,ponce city market,Midtown MARTA,member
R103351,04-Jul-2026 04:04,2026-07-04 04:15:14,Atlantic Station,Midtown MARTA,casual
R100023,2026-06-01 16:49:00,06/01/2026 16:59,Grant Park,Ponce City Market,member
R105180,2026-07-22 08:09:00,2026-07-22 08:15:41,Georgia State University,Midtown MARTA,member
R101508,2026-06-15 18:17:00,2026-06-15 18:29:57,Piedmont Park,Midtown MARTA,member
R101888,2026-06-19 07:23:00,06/19/2026 07:42,Midtown MARTA,Little Five Points,member
R105609,2026-07-27 11:22:00,2026-07-27 11:37:31,PIEDMONT PARK,Midtown MARTA,member
R104217,07/13/2026 21:07,07/13/2026 21:08,Grant Park,Midtown MARTA,casual
R103586,2026-07-07 07:21:00,2026-07-07 07:36:08,Midtown MARTA,Atlantic Station,member
R105622,07/27/2026 21:21,2026-07-27 21:33:10,Georgia State University,Midtown MARTA,member
R101009,06/11/2026 17:39,2026-06-11 18:04:47,Midtown MARTA,  Ponce City Market ,casual
R103232,2026-07-03 19:28:00,2026-07-03 19:40:43,Ponce City Market,Midtown MARTA,member
R103551,2026-07-06 20:02:00,2026-07-06 20:33:26,Ponce City Market,Little Five Points,casual
R104383,2026-07-15 15:48:00,07/15/2026 16:03,Midtown MARTA,Centennial Olympic Pk,casual
R101023,2026-06-11 13:04:00,2026-06-30 13:04:00,Midtown MARTA,PIEDMONT PARK,member
R105082,2026-07-21 17:22:00,2026-07-21 17:35:21,Ponce City Market,Atlantic Station,member
R101147,2026-06-12 23:04:00,06/12/2026 23:16,PIEDMONT PARK,Krog Street Market,casual
R105129,2026-07-21 15:11:00,2026-07-21 15:12:00,Ponce City Market,Midtown MARTA,member
R102457,2026-06-25 07:07:00,25-Jun-2026 07:08,  Midtown MARTA ,Atlantic Station,casual
R103443,07/05/2026 18:32,07/05/2026 18:45,Centennial Olympic Park,atlantic station,member
R100412,2026-06-04 07:55:00,06/04/2026 08:04,  Ponce City Market ,MIDTOWN MARTA,
R101665,2026-06-17 08:07:00,2026-06-17 08:17:44,Georgia State University,atlantic station,member
R102290,06/23/2026 15:14,2026-06-23 15:31:08,Centennial Olympic Pk,Midtown MARTA,member
R104294,2026-07-14 13:40:00,07/14/2026 14:01,Krog Street Market,Ponce City Market,casual
R100661,06/07/2026 07:39,2026-06-07 08:06:38,Ponce City Market,Midtown MARTA,casual
R105365,2026-07-24 13:17:00,07/24/2026 13:24,Ponce City Market,Georgia State University,member
R104179,07/13/2026 16:43,13-Jul-2026 16:57,Midtown MARTA,CENTENNIAL OLYMPIC PARK,member
R103032,2026-07-01 10:52:00,2026-07-01 11:01:57,Ponce City Market,MIDTOWN MARTA,member
R100366,2026-06-04 09:47:00,2026-06-04 10:27:08,Georgia State University,Midtown MARTA,casual
R104619,07/17/2026 18:59,17-Jul-2026 19:14,Piedmont Park,Little Five Points,casual
R101060,2026-06-11 17:28:00,11-Jun-2026 17:42,  Little Five Points ,Georgia State University,member
R104694,2026-07-18 15:18:00,07/18/2026 15:28,Midtown MARTA,Piedmont Park,casual
R102152,22-Jun-2026 21:13,2026-06-22 21:28:31,Ponce City Market,Centennial Olympic Park,member
R104549,07/16/2026 10:18,2026-07-16 10:26:16,Midtown MARTA,Atlantic Station,member
R104807,2026-07-19 08:54:00,2026-07-19 09:04:06,Centennial Olympic Park,,casual
R102751,2026-06-28 19:54:00,2026-06-28 20:15:48,Atlantic Station,Ponce City Market,casual
R105452,2026-07-25 10:10:00,2026-07-25 10:23:38,Piedmont Park,Atlantic Station,member
R102970,2026-06-30 07:45:00,2026-06-30 07:59:05,Centennial Olympic Park,Ponce City Market,member
R102548,2026-06-25 08:51:00,2026-06-25 09:09:24,atlantic station,Ponce City Market,member
R100621,06/07/2026 05:48,2026-06-07 06:13:17,MIDTOWN MARTA,Centennial Olympic Park,casual
R101331,2026-06-13 12:18:00,2026-06-13 12:36:23,Midtown MARTA,Ponce City Market,casual
R103138,2026-07-02 19:14:00,07/02/2026 19:23,CENTENNIAL OLYMPIC PARK,krog street market,member
R100654,2026-06-07 06:55:00,06/07/2026 07:02,Krog Street Market,Georgia State University,member
R102720,27-Jun-2026 06:29,2026-06-27 06:37:32,Midtown MARTA,  Piedmont Park ,member
R101401,06/14/2026 08:46,2026-06-14 08:50:56,Krog Street Market,Piedmont Park,member
R103113,02-Jul-2026 07:23,2026-07-02 07:32:30,Georgia State University,Midtown MARTA,member
R105824,2026-07-29 19:27:00,07/29/2026 19:42,Georgia State University,Midtown MARTA,member
R103251,2026-07-03 19:33:00,07/03/2026 19:39,Centennial Olympic Park,Krog Street Market,member
R102513,06/25/2026 13:46,2026-06-25 13:54:28,Georgia State University,Atlantic Station,member
R104793,2026-07-18 11:30:00,2026-07-18 11:35:14,Atlantic Station,Georgia State University,casual
R100887,2026-06-09 08:57:00,2026-06-29 08:57:00,Midtown MARTA,Ponce City Market,member
R104649,2026-07-17 15:57:00,2026-07-17 16:09:23,  Georgia State University ,Midtown MARTA,member
R100400,2026-06-04 04:47:00,2026-06-04 04:41:00,Centennial Olympic Park,Ponce City Market,casual
R104876,2026-07-19 08:51:00,07/19/2026 09:02,Atlantic Station,Centennial Olympic Park,member
R102024,2026-06-21 09:34:00,21-Jun-2026 09:47,Georgia State University,Little Five Points,member
R104166,2026-07-12 13:51:00,07/12/2026 14:06,Midtown MARTA,Piedmont Park,casual
R103173,07/02/2026 09:09,2026-07-02 09:18:54,Georgia State University,Little Five Points,member
R101804,06/18/2026 13:01,2026-06-18 13:07:14,Atlantic Station,Georgia State University,member
R100453,2026-06-05 08:20:00,2026-06-05 08:25:11,Midtown MARTA,Little Five Points,member
R103122,2026-07-02 02:31:00,2026-07-02 02:43:36,Midtown MARTA,ponce city market,member
R105845,2026-07-29 17:46:00,2026-07-29 18:02:40,ponce city market,CENTENNIAL OLYMPIC PARK,member
R104221,13-Jul-2026 18:58,2026-07-13 19:05:21,Centennial Olympic Park,Midtown MARTA,member
R100279,2026-06-03 18:52:00,06/03/2026 18:58,Ponce City Market,Little Five Points,member
R103095,2026-07-01 07:57:00,2026-07-01 08:04:46,Midtown MARTA,krog street market,member
R102648,2026-06-26 21:31:00,2026-06-26 21:56:27,Midtown MARTA,Ponce City Market,casual
R104704,2026-07-18 16:43:00,2026-07-18 16:55:43,Georgia State University,Ponce City Market,member
R103229,2026-07-03 18:40:00,2026-07-03 18:55:33,Midtown MARTA,Krog Street Market,casual
R103890,2026-07-09 16:42:00,2026-07-09 16:54:40,PIEDMONT PARK,Ponce City Market,member
R103164,2026-07-02 09:51:00,2026-07-02 10:07:20,Grant Park,Krog Street Market,member
R105245,2026-07-23 08:27:00,2026-07-23 08:32:46,Centennial Olympic Park,krog street market,member
R103719,2026-07-08 06:03:00,2026-07-08 06:14:27,Grant Pk,Georgia State University,member
R101993,2026-06-20 12:34:00,2026-06-20 12:46:24,PONCE CITY MARKET,Midtown MARTA,member
R100975,2026-06-10 03:25:00,2026-06-10 03:33:03,Midtown MARTA,Georgia State University,member
R103332,2026-07-04 16:06:00,04-Jul-2026 16:22,Krog Street Market,Midtown MARTA,casual
R102845,2026-06-28 07:40:00,28-Jun-2026 08:03,Ponce City Market,Georgia State University,casual
R102943,06/29/2026 04:53,06/29/2026 05:04,Atlantic Station,MIDTOWN MARTA,member
R104933,07/20/2026 16:24,2026-07-20 16:34:05,Atlantic Station,Georgia State University,member
R103675,2026-07-08 18:08:00,08-Jul-2026 18:22,Midtown MARTA,West End,member
R101180,12-Jun-2026 06:27,2026-06-12 06:37:36,Georgia State University,  Grant Park ,member
R100343,06/04/2026 18:28,2026-06-04 18:42:55,Ponce City Market,ATLANTIC STATION,member
R103847,2026-07-09 19:43:00,2026-07-09 20:06:34,Georgia State University,Krog Street Market,casual
R105045,2026-07-21 15:49:00,2026-07-21 16:04:49,Midtown MARTA,Krog Street Market,member
R105730,2026-07-28 16:20:00,28-Jul-2026 16:28,Ponce City Market,Centennial Olympic Park,member
R103916,2026-07-10 11:34:00,2026-07-10 11:56:35,PIEDMONT PARK,Centennial Olympic Park,casual
R105343,07/24/2026 20:08,2026-07-24 20:15:41,Midtown MARTA,Georgia State University,
R103711,2026-07-08 16:30:00,2026-07-08 16:42:35,ponce city market,Midtown MARTA,member
R104368,2026-07-14 22:44:00,2026-07-14 22:45:00,Atlantic Station,Krog Street Market,casual
R100868,2026-06-09 08:11:00,2026-06-09 08:27:23,Ponce City Market,Grant Park,casual
R100614,2026-06-07 21:26:00,2026-06-07 21:39:21,GEORGIA STATE UNIVERSITY,Midtown MARTA,member
R102583,2026-06-26 18:41:00,26-Jun-2026 18:59,Centennial Olympic Park,Ponce City Market,member
R102021,2026-06-21 08:14:00,2026-06-21 08:21:43,Atlantic Station,Midtown MARTA,member
R103622,2026-07-07 07:46:00,2026-07-07 07:49:13,Midtown MARTA,Ponce City Market,casual
R100848,06/09/2026 09:42,2026-06-09 10:00:07,Atlantic Station,ponce city market,member
R102778,06/28/2026 10:54,2026-06-28 11:23:40,Centennial Olympic Park,Grant Park,casual
R101983,06/20/2026 10:55,06/20/2026 11:04,midtown marta,PONCE CITY MARKET,member
R105547,2026-07-26 14:17:00,2026-07-30 14:17:00,Krog Street Market,midtown marta,member
R104234,07/13/2026 16:14,2026-07-13 16:26:41,Georgia State University,CENTENNIAL OLYMPIC PARK,member
R102399,2026-06-24 12:40:00,06/24/2026 12:57,Atlantic Station,Centennial Olympic Park,member
R101539,2026-06-16 11:40:00,06/16/2026 11:53,Grant Park,Centennial Olympic Park,member
R105729,07/28/2026 12:11,2026-07-28 12:24:25,Little Five Points,Midtown MARTA,member
R104567,07/16/2026 22:55,2026-07-16 23:03:05,Ponce City Market,MIDTOWN MARTA,member
R101494,06/15/2026 09:36,2026-06-15 09:45:06,midtown marta,Georgia State University,member
R101381,2026-06-14 13:37:00,2026-06-14 13:46:12,Atlantic Station,  Midtown MARTA ,member
R103499,07/06/2026 14:05,07/06/2026 14:13,Krog St. Market,Georgia State University,member
R101675,17-Jun-2026 18:17,06/17/2026 18:31,Ponce City Market,Atlantic Station,member
R105755,28-Jul-2026 12:59,07/28/2026 13:08,West End,Ponce City Market,member
R104409,07/15/2026 17:23,07/15/2026 17:28,  Centennial Olympic Park ,Krog Street Market,member
R105270,2026-07-23 18:37:00,2026-07-23 18:44:46,Piedmont Park,Midtown MARTA,member
R104983,2026-07-20 19:45:00,2026-07-20 19:54:15,Midtown MARTA,Piedmont Park,member
R104023,2026-07-11 12:27:00,11-Jul-2026 12:32,Centennial Olympic Park,Midtown MARTA,member
R101593,2026-06-16 06:23:00,2026-06-16 06:31:32,Piedmont Park,Georgia State University,member
R104849,2026-07-19 12:46:00,2026-07-19 13:20:45,Krog Street Market,Midtown MARTA,casual
R103789,2026-07-09 15:21:00,2026-07-09 15:22:45,Little Five Points,Midtown MARTA,casual
R100119,2026-06-01 08:01:00,2026-06-01 08:26:36,Little Five Points,  Atlantic Station ,casual
R100858,06/09/2026 12:39,06/09/2026 12:45,Midtown MARTA,Georgia State University,member
R103605,2026-07-07 17:48:00,07/07/2026 18:05,  Midtown MARTA ,Atlantic Station,member
R100502,2026-06-05 07:14:00,06/05/2026 07:23,Centennial Olympic Park,Krog Street Market,member
R101692,2026-06-17 16:47:00,2026-06-17 16:57:13,midtown marta,Atlantic Station,member
R101896,2026-06-19 09:51:00,2026-06-19 10:06:46,Georgia State University,  Midtown MARTA ,member
R101069,2026-06-11 16:08:00,06/11/2026 16:30,centennial olympic park,Atlantic Station,casual
R105303,2026-07-23 16:42:00,07/23/2026 16:50,Centennial Olympic Park,Midtown MARTA,member
R102063,06/21/2026 13:49,2026-06-21 14:01:30,  Piedmont Park ,Ponce City Market,member
R105636,07/27/2026 16:38,2026-07-27 16:47:23,Atlantic Station,Midtown MARTA,casual
R104444,2026-07-15 16:04:00,2026-07-15 16:25:26,Little Five Points,Piedmont Park,member
R103187,2026-07-02 10:40:00,02-Jul-2026 10:49,Georgia State University,Krog Street Market,member
R105239,2026-07-23 17:28:00,2026-07-23 17:52:04,Midtown MARTA,Centennial Olympic Park,casual
R103777,2026-07-09 20:06:00,2026-07-09 20:19:02,Ponce City Market,Midtown MARTA,member
R102199,2026-06-22 08:31:00,2026-06-22 08:40:27,Centennial Olympic Park,Midtown MARTA,member
R104462,07/16/2026 18:36,16-Jul-2026 18:40,Little Five Points,Centennial Olympic Park,member
R100542,2026-06-06 13:36:00,2026-06-06 13:52:47,Midtown MARTA,Ponce City Market,casual
R103497,2026-07-06 08:51:00,2026-07-06 09:09:25,georgia state university,Midtown MARTA,member
R100540,2026-06-06 15:01:00,2026-06-06 15:14:39,Georgia State University,WEST END,casual
R104112,12-Jul-2026 13:46,12-Jul-2026 14:16,Ponce City Market,CENTENNIAL OLYMPIC PARK,casual
R101979,20-Jun-2026 15:39,2026-06-20 15:46:39,ATLANTIC STATION,PONCE CITY MARKET,member
R105641,2026-07-27 05:15:00,2026-07-27 05:44:17,Georgia State University,Ponce City Market,casual
R105971,2026-07-30 11:27:00,07/30/2026 11:47,Centennial Olympic Park,Georgia State University,casual
R102136,22-Jun-2026 13:54,06/22/2026 14:06,Ponce City Market,Atlantic Station,member
R105980,2026-07-30 19:46:00,2026-07-30 20:03:57,Little Five Points,Midtown MARTA,casual
R102962,2026-06-30 07:27:00,2026-06-30 07:39:22,Georgia State University,Ponce City Market,member
R100021,06/01/2026 05:26,2026-06-01 05:39:17,Ponce City Market,Georgia State University,member
R104407,07/15/2026 09:26,07/15/2026 09:36,Midtown MARTA,,member
R101020,11-Jun-2026 06:41,2026-06-11 07:11:10,CENTENNIAL OLYMPIC PARK,Midtown MARTA,casual
R104461,2026-07-16 14:42:00,2026-07-16 14:55:59,Georgia State University,Midtown MARTA,member
R105408,25-Jul-2026 15:50,2026-07-25 16:04:38,Midtown MARTA,little five points,member
R103242,2026-07-03 11:04:00,2026-07-03 11:13:27,Midtown MARTA,Ponce City Market,member
R102395,2026-06-24 10:50:00,06/24/2026 11:03,PONCE CITY MARKET,Grant Park,member
R103797,07/09/2026 17:23,07/09/2026 17:41,  Georgia State University ,Centennial Olympic Park,member
R104256,2026-07-14 18:50:00,14-Jul-2026 18:59,Georgia State University,Centennial Olympic Park,member
R104628,2026-07-17 17:47:00,17-Jul-2026 18:04,Piedmont Park,Ponce City Market,casual
R103563,2026-07-06 17:27:00,07/06/2026 17:53,Centennial Olympic Park,Ponce City Market,
R102588,26-Jun-2026 05:35,2026-06-26 05:56:40,Ponce City Market,Georgia State University,member
R100048,01-Jun-2026 09:04,06/01/2026 09:12,Ponce City Market,Midtown MARTA,member
R103384,2026-07-05 12:15:00,07/05/2026 12:28,Piedmont Park,Midtown MARTA,member
R100884,09-Jun-2026 17:20,2026-06-09 17:26:55,Midtown MARTA,Ponce City Market,member
R105086,07/21/2026 09:15,07/21/2026 09:15,  Georgia State University ,  Georgia State University ,member
R100528,2026-06-06 15:24:00,2026-06-06 15:22:00,Ponce City Market,Midtown MARTA,member
R101242,2026-06-12 16:10:00,2026-06-12 16:20:56,  Georgia State University ,Midtown MARTA,member
R101938,2026-06-20 08:58:00,2026-06-20 09:12:11,Piedmont Park,Georgia State University,member
R101670,17-Jun-2026 19:32,2026-06-17 19:45:05,Krog Street Market,Ponce City Market,member
R103876,2026-07-09 09:38:00,2026-07-09 09:54:02,Little Five Points,Ponce City Market,member
R101561,16-Jun-2026 19:11,2026-06-16 19:25:24,Ponce City Market,Midtown MARTA,member
R100552,06/06/2026 14:46,2026-06-06 14:59:21,Atlantic Station,Piedmont Park,member
R105199,2026-07-22 10:50:00,2026-07-22 10:54:27,Midtown MARTA,  Georgia State University ,casual
R103168,07/02/2026 07:58,02-Jul-2026 08:26,  Midtown MARTA ,Ponce City Market,casual
R105403,07/24/2026 17:06,2026-07-24 17:15:23,Krog Street Market,Atlantic Station,member
R102623,2026-06-26 16:28:00,06/26/2026 16:42,Centennial Olympic Park,  Georgia State University ,member
R102493,2026-06-25 21:22:00,2026-06-25 21:32:41,MIDTOWN MARTA,Centennial Olympic Park,member
R103904,2026-07-10 07:25:00,10-Jul-2026 07:44,atlantic station,Midtown MARTA,casual
R100230,2026-06-03 15:09:00,03-Jun-2026 15:23,Midtown MARTA,Centennial Olympic Park,member
R105044,2026-07-21 08:43:00,07/21/2026 08:51,Krog Street Market,Georgia State University,member
R105719,2026-07-27 21:39:00,07/27/2026 21:42,Midtown MARTA,Ponce City Market,member
R101810,06/19/2026 09:47,06/19/2026 10:12,MIDTOWN MARTA,  Georgia State University ,casual
R101194,2026-06-12 18:17:00,2026-06-12 18:28:52,Centennial Olympic Park,Ponce City Market,member
R105520,07/26/2026 22:09,2026-07-26 22:39:06,Atlantic Station,Midtown MARTA,casual
R104632,07/17/2026 18:19,2026-07-17 18:50:15,MIDTOWN MARTA,Georgia State University,casual
R103862,09-Jul-2026 21:59,07/09/2026 22:13,Piedmont Park,Midtown MARTA,member
R102301,06/23/2026 12:08,2026-06-23 12:13:29,Ponce City Market,Centennial Olympic Park,casual
R100065,2026-06-01 06:56:00,2026-06-01 07:09:39,Georgia State University,Ponce City Market,member
R103083,07/01/2026 18:22,07/01/2026 18:34,Midtown MARTA,Piedmont Park,member
R100006,2026-06-01 19:21:00,2026-06-01 19:25:58,Centennial Olympic Park,Ponce City Market,member
R100295,2026-06-03 06:45:00,2026-06-03 06:56:32,Piedmont Park,MIDTOWN MARTA,member
R104130,12-Jul-2026 13:17,12-Jul-2026 13:45,midtown marta,Atlantic Station,casual
R102964,2026-06-30 11:01:00,2026-06-30 11:09:19,Piedmont Park,Georgia State University,casual
R102555,2026-06-25 07:36:00,06/25/2026 07:50,LITTLE FIVE POINTS,krog street market,member
R104115,2026-07-12 13:31:00,2026-07-12 13:44:48,Midtown MARTA,Georgia State University,member
R103527,06-Jul-2026 06:00,07/06/2026 06:12,Midtown MARTA,Ponce City Market,member
R100489,2026-06-05 17:10:00,2026-06-05 17:53:52,GEORGIA STATE UNIVERSITY,Ponce City Market,casual
R100203,2026-06-02 17:18:00,2026-06-02 17:54:33,Midtown MARTA,Georgia State University,casual
R100291,06/03/2026 12:37,06/03/2026 12:37,CENTENNIAL OLYMPIC PARK,CENTENNIAL OLYMPIC PARK,member
R100541,06/06/2026 08:12,2026-06-06 08:42:41,Atlantic Station,Krog Street Market,casual
R104048,07/11/2026 04:23,11-Jul-2026 04:58,Ponce City Market,Midtown MARTA,casual
R102288,06/23/2026 20:20,06/23/2026 20:28,Krog Street Market,Ponce City Market,member
R103503,2026-07-06 18:15:00,2026-07-06 18:16:00,Midtown MARTA,Little Five Points,member
R102371,2026-06-24 19:56:00,06/24/2026 20:11,Midtown MARTA,Piedmont Park,member
R101664,2026-06-17 22:47:00,2026-06-17 22:53:59,Centennial Olympic Park,Ponce City Market,member
R102618,26-Jun-2026 08:55,2026-06-26 08:58:00,Georgia State University,Ponce City Market,member
R104465,07/16/2026 18:55,2026-07-16 19:01:21,  Centennial Olympic Park ,Midtown MARTA,member
R100728,2026-06-08 17:13:00,2026-06-08 17:20:01,Centennial Olympic Park,Georgia State University,member
R101415,2026-06-15 19:33:00,15-Jun-2026 19:48,CENTENNIAL OLYMPIC PARK,Georgia State University,member
R100371,2026-06-04 09:43:00,04-Jun-2026 09:48,Ponce City Market,ATLANTIC STATION,member
R104733,18-Jul-2026 16:47,07/18/2026 16:52,atlantic station,Piedmont Park,casual
R105307,2026-07-23 22:28:00,2026-07-23 22:36:57,Grant Park,Piedmont Park,member
R101644,2026-06-17 18:09:00,2026-06-17 18:34:05,georgia state university,Midtown MARTA,casual
R105866,2026-07-29 07:29:00,2026-07-29 07:42:35,Ponce City Market,Midtown MARTA,member
R105189,2026-07-22 15:39:00,2026-07-22 16:04:37,Ponce City Market,Georgia State University,casual
R104837,2026-07-19 15:34:00,2026-07-19 15:46:22,Georgia State University,Ponce City Market,member
R100417,2026-06-04 07:53:00,06/04/2026 08:11,Piedmont Park,Midtown MARTA,casual
R104773,2026-07-18 18:36:00,2026-07-18 19:07:35,Ponce City Market,Centennial Olympic Park,casual
R105682,07/27/2026 21:56,2026-07-27 21:59:44,Ponce City Market,Atlantic Station,member
R103824,07/09/2026 05:43,2026-07-09 05:36:00,Centennial Olympic Park,Midtown MARTA,casual
R100631,2026-06-07 18:28:00,2026-06-07 19:04:04,Georgia State University,Ponce City Market,casual
R104883,2026-07-19 10:30:00,2026-07-19 10:47:28,Midtown MARTA,Ponce City Market,member
R103279,03-Jul-2026 08:43,07/03/2026 08:50,Ponce City Market,Midtown MARTA,member
R101064,2026-06-11 08:58:00,2026-06-11 09:29:13,Midtown MARTA,Atlantic Station,casual
R102036,2026-06-21 13:39:00,21-Jun-2026 13:55,Ponce City Market,Atlantic Station,casual
R100339,2026-06-04 06:55:00,06/04/2026 07:08,CENTENNIAL OLYMPIC PARK,Georgia State University,member
R102747,2026-06-28 01:02:00,06/28/2026 01:12,  Ponce City Market ,Midtown MARTA,casual
R101095,2026-06-11 08:00:00,2026-06-11 08:07:03,Ponce City Market,Georgia State University,member
R101005,2026-06-10 08:23:00,2026-06-10 08:34:17,Midtown MARTA,centennial olympic park,member
R101984,2026-06-20 04:37:00,2026-06-20 04:44:23,Midtown MARTA,Krog Street Market,casual
R101235,2026-06-12 21:22:00,2026-06-27 21:22:00,Georgia State University,Centennial Olympic Park,casual
R104436,07/15/2026 08:23,2026-07-15 08:32:28,  Midtown MARTA ,Georgia State University,member
R101382,06/14/2026 14:55,06/14/2026 15:25,Atlantic Station,Ponce City Market,casual
R103868,07/09/2026 14:01,2026-07-09 14:11:18,Piedmont Park,Ponce City Market,member
R101503,06/15/2026 08:06,2026-06-15 08:16:46,Centennial Olympic Park,Ponce City Market,member
R100218,06/03/2026 18:58,2026-06-03 19:05:59,MIDTOWN MARTA,Ponce City Market,member
R105917,30-Jul-2026 18:53,2026-07-30 19:09:04,Atlantic Station,Centennial Olympic Park,member
R100953,2026-06-10 18:52:00,2026-06-10 19:21:31,Centennial Olympic Park,Ponce City Market,casual
R104432,2026-07-15 08:22:00,07/15/2026 08:26,PONCE CITY MARKET,Krog Street Market,member
R104509,2026-07-16 11:07:00,2026-07-16 11:07:00,Centennial Olympic Park,Centennial Olympic Park,member
R102150,2026-06-22 20:30:00,22-Jun-2026 20:32,  Midtown MARTA ,Piedmont Park,casual
R103373,2026-07-04 13:10:00,2026-07-04 13:35:02,Ponce City Market,Midtown MARTA,casual
R101365,2026-06-14 17:55:00,2026-06-14 18:04:49,krog street market,CENTENNIAL OLYMPIC PARK,member
R103224,2026-07-03 16:05:00,2026-07-03 16:12:08,Centennial Olympic Park,WEST END,member
R105940,2026-07-30 01:20:00,2026-07-30 01:39:14,midtown marta,Atlantic Station,member
R104646,2026-07-17 19:43:00,07/17/2026 19:59,Ponce City Market,West End,member
R104719,07/18/2026 09:33,2026-07-18 09:43:38,ponce city market,Atlantic Station,member
R104558,2026-07-16 09:04:00,2026-07-16 09:27:58,Centennial Olympic Park,georgia state university,casual
R102717,06/27/2026 14:26,2026-06-27 14:35:32,Midtown MARTA,Ponce City Market,member
R103059,2026-07-01 18:42:00,01-Jul-2026 18:53,Georgia State University,Ponce City Market,member
R104507,2026-07-16 12:42:00,2026-07-16 12:50:04,Midtown MARTA,Georgia State University,member
R100958,2026-06-10 11:42:00,2026-06-10 11:50:16,Little Five Points,Ponce City Market,member
R104065,2026-07-11 08:33:00,07/11/2026 09:00,Centennial Olympic Park,Midtown MARTA,casual
R103612,2026-07-07 13:00:00,2026-07-07 13:09:45,Midtown MARTA,Ponce City Market,member
R103511,2026-07-06 17:11:00,07/06/2026 17:29,PIEDMONT PARK,Ponce City Market,member
R102888,2026-06-29 14:35:00,2026-06-29 14:49:41,Centennial Olympic Park,Midtown MARTA,casual
R102164,2026-06-22 08:31:00,06/22/2026 08:41,West End,Little Five Points,member
R100460,2026-06-05 16:55:00,06/05/2026 17:04,MIDTOWN MARTA,CENTENNIAL OLYMPIC PARK,member
R105412,07/25/2026 15:45,2026-08-10 15:45:00,Little Five Points,Midtown MARTA,member
R101201,06/12/2026 08:18,06/12/2026 08:33,piedmont park,Midtown MARTA,casual
R104862,2026-07-19 17:22:00,2026-07-19 17:23:00,Piedmont Park,Georgia State University,casual
R105172,2026-07-22 10:45:00,2026-07-22 11:00:42,Georgia State University,Atlantic Station,casual
R105098,07/21/2026 16:18,2026-07-21 16:25:09,Midtown MARTA,Ponce City Market,member
R101606,2026-06-16 09:27:00,2026-06-16 09:36:11,Midtown MARTA,Georgia State University,member
R104988,20-Jul-2026 21:12,20-Jul-2026 21:57,Midtown MARTA,Ponce City Market,casual
R105126,21-Jul-2026 12:18,2026-07-21 12:38:14,GEORGIA STATE UNIVERSITY,centennial olympic park,member
R105591,2026-07-26 19:06:00,2026-07-26 19:13:44,georgia state university,Centennial Olympic Park,member
R100275,2026-06-03 08:53:00,2026-06-03 09:05:01,midtown marta,Grant Park,member
R105868,2026-07-29 06:45:00,2026-07-29 06:57:54,Midtown MARTA,Atlantic Station,member
R104932,2026-07-20 13:58:00,2026-07-20 14:09:12,Ponce City Market,GEORGIA STATE UNIVERSITY,member
R104805,07/19/2026 18:47,07/19/2026 18:59,  Ponce City Market ,Midtown MARTA,casual
R100985,10-Jun-2026 16:12,2026-06-10 16:23:39,CENTENNIAL OLYMPIC PARK,Georgia State University,member
R104766,2026-07-18 23:42:00,2026-07-19 00:10:49,Georgia State University,Ponce City Market,casual
R101868,2026-06-19 07:21:00,2026-06-19 07:35:53,Georgia State University,PONCE CITY MARKET,member
R105537,2026-07-26 12:17:00,2026-07-26 12:53:43,Midtown MARTA,Centennial Olympic Park,casual
R101789,2026-06-18 08:25:00,2026-06-18 08:36:43,Georgia State University,PONCE CITY MARKET,member
R104447,2026-07-15 16:18:00,2026-07-15 16:31:08,Piedmont Park,Midtown MARTA,member
R101455,06/15/2026 06:23,2026-06-15 06:37:26,Midtown MARTA,Ponce City Market,member
R100615,2026-06-07 11:59:00,2026-06-07 12:12:35,Georgia State University,midtown marta,member
R103970,07/10/2026 16:05,2026-07-10 16:48:07,Ponce City Market,Midtown MARTA,casual
R101874,2026-06-19 09:09:00,2026-06-19 09:20:39,Midtown MARTA,Ponce City Market,member
R102972,2026-06-30 07:33:00,2026-06-30 07:41:10,Midtown MARTA,PIEDMONT PARK,member
R101276,2026-06-13 08:51:00,06/13/2026 09:06,Ponce City Market,Georgia State University,member
R104556,07/16/2026 12:41,07/16/2026 12:45,  Midtown MARTA ,atlantic station,member
R100072,2026-06-01 21:42:00,06/01/2026 21:52,Ponce City Market,Midtown MARTA,casual
R103231,07/03/2026 07:05,2026-07-03 07:14:24,Ponce City Market,Centennial Olympic Park,member
R102125,2026-06-22 10:06:00,2026-06-22 10:15:38,Georgia State University,Midtown MARTA,member
R102805,2026-06-28 17:06:00,2026-06-28 17:16:31,Atlantic Station,Midtown MARTA,member
R100468,2026-06-05 09:08:00,2026-06-05 09:28:44,Centennial Olympic Park,Ponce City Market,casual
R103152,2026-07-02 14:34:00,2026-07-02 14:46:05,  Midtown MARTA ,Ponce City Market,member
R105909,2026-07-30 17:07:00,2026-07-30 17:25:59,Krog Street Market,little five points,casual
R104089,11-Jul-2026 17:22,07/11/2026 17:31,Midtown MARTA,  Ponce City Market ,
R101965,2026-06-20 17:44:00,2026-06-20 17:53:15,Georgia State University,Atlantic Station,member
R101056,11-Jun-2026 07:38,2026-06-11 07:43:56,Georgia State University,Atlantic Station,member
R102922,2026-06-29 16:23:00,2026-06-29 16:41:37,Midtown MARTA,Centennial Olympic Park,member
R100539,2026-06-06 16:04:00,2026-06-06 16:05:43,Georgia State University,Centennial Olympic Park,casual
R103315,04-Jul-2026 16:52,2026-07-04 17:29:45,Centennial Olympic Park,Georgia State University,casual
R101391,2026-06-14 09:04:00,2026-06-14 09:28:02,Georgia State University,Ponce City Market,casual
R104042,2026-07-11 17:29:00,2026-07-11 17:41:26,Centennial Olympic Park,Grant Park,member
R105221,2026-07-22 20:02:00,2026-07-22 20:07:51,Ponce City Market,Midtown MARTA,member
R102571,2026-06-25 13:19:00,2026-06-25 13:30:03,georgia state university,midtown marta,member
R103063,07/01/2026 20:28,2026-07-01 20:38:01,Ponce City Market,Centennial Olympic Park,member
R100872,2026-06-09 18:09:00,06/09/2026 18:27,Georgia State University,Ponce City Market,casual
R104097,2026-07-12 08:32:00,12-Jul-2026 08:49,Georgia State University,Midtown MARTA,casual
R101557,06/16/2026 18:15,2026-06-16 18:24:31,  Midtown MARTA ,Ponce City Market,member
R105900,07/30/2026 12:41,2026-07-30 12:50:32,  Midtown MARTA ,ponce city market,member
R100882,2026-06-09 21:22:00,2026-06-09 21:31:09,  Ponce City Market ,Atlantic Station,member
R100327,06/04/2026 16:20,2026-06-04 16:37:22,Krog Street Market,MIDTOWN MARTA,casual
R101398,2026-06-14 01:40:00,2026-06-14 01:54:21,Ponce City Market,Midtown MARTA,casual
R102679,2026-06-27 13:50:00,2026-06-27 14:22:52,Ponce City Market,Midtown MARTA,casual
R100662,2026-06-07 14:54:00,06/07/2026 15:18,  Georgia State University ,MIDTOWN MARTA,casual
R104355,2026-07-14 20:47:00,14-Jul-2026 20:57,Ponce City Market,Georgia State University,member
R104122,2026-07-12 11:42:00,2026-07-12 12:03:16,Ponce City Market,  Georgia State University ,casual
R105483,2026-07-26 07:48:00,2026-07-26 07:52:39,Georgia State University,Piedmont Park,casual
R104534,2026-07-16 13:25:00,2026-07-16 13:28:16,West End,Piedmont Park,member
R102485,2026-06-25 06:02:00,2026-06-25 06:10:33,Georgia State University,  Ponce City Market ,member
R103011,2026-06-30 13:47:00,2026-06-30 14:02:12,Georgia State University,Little Five Points,member
R103958,2026-07-10 08:55:00,2026-07-10 09:15:37,Midtown MARTA,Ponce City Market,member
R105341,2026-07-24 17:03:00,2026-07-24 17:17:32,Little Five Points,  Ponce City Market ,member
R100026,2026-06-01 16:28:00,2026-06-01 16:41:48,Georgia State University,MIDTOWN MARTA,member
R104292,2026-07-14 15:35:00,2026-07-14 15:42:33,WEST END,Midtown MARTA,casual
R103919,2026-07-10 17:07:00,2026-07-10 17:15:45,Midtown MARTA,  Centennial Olympic Park ,member
R104039,2026-07-11 13:45:00,2026-07-11 13:46:00,Ponce City Market,Midtown MARTA,member
R103544,07/06/2026 22:42,2026-07-06 23:00:11,Ponce City Market,Midtown MARTA,member
R102659,06/27/2026 09:35,2026-06-27 09:42:46,Ponce City Market,Krog Street Market,casual
R105601,2026-07-26 07:23:00,2026-07-26 07:33:40,Centennial Olympic Park,Midtown MARTA,member
R105390,2026-07-24 08:24:00,2026-07-24 08:36:59,Grant Park,Ponce City Market,member
R104903,2026-07-19 18:53:00,2026-07-19 19:09:29,Piedmont Park,Ponce City Market,casual
R101326,13-Jun-2026 14:39,2026-06-13 15:00:45,Midtown MARTA,Ponce City Market,member
R102656,2026-06-26 09:41:00,2026-06-26 10:16:13,Ponce City Market,West End,casual
R100837,2026-06-09 18:31:00,2026-06-09 18:39:02,Ponce City Market,Georgia State University,member
R100029,2026-06-01 20:02:00,2026-06-01 20:12:06,Midtown MARTA,Grant Park,member
R101318,2026-06-13 07:52:00,2026-06-13 08:16:38,Georgia State University,MIDTOWN MARTA,casual
R100381,2026-06-04 02:21:00,2026-06-04 02:27:03,Centennial Olympic Park,Ponce City Market,member
R105449,2026-07-25 14:54:00,2026-07-25 14:55:00,Midtown MARTA,Ponce City Market,casual
R101476,2026-06-15 15:12:00,2026-06-15 15:58:30,Midtown MARTA,Atlantic Station,casual
R104343,2026-07-14 19:44:00,2026-07-14 19:57:23,Centennial Olympic Park,Midtown MARTA,member
R103176,2026-07-02 17:45:00,2026-07-02 17:51:09,Georgia State University,Ponce City Market,member
R100753,2026-06-08 16:17:00,08-Jun-2026 16:34,MIDTOWN MARTA,Georgia State University,member
R102270,2026-06-23 18:55:00,2026-06-23 19:13:53,Grant Park,Midtown MARTA,casual
R103581,2026-07-07 08:57:00,2026-07-07 09:06:28,Little Five Points,Midtown MARTA,member
R102222,2026-06-22 15:13:00,06/22/2026 15:27,Ponce City Market,Georgia State University,member
R103614,2026-07-07 12:33:00,2026-07-07 12:46:55,Midtown MARTA,Atlantic Station,member
R104000,2026-07-10 16:14:00,2026-07-10 16:50:44,Midtown MARTA,Atlantic Station,casual
R103478,2026-07-06 20:44:00,2026-07-06 20:48:21,Georgia State University,Midtown MARTA,member
R104172,12-Jul-2026 17:18,2026-07-12 17:31:39,  Piedmont Park ,Georgia State University,member
R102276,06/23/2026 10:47,2026-06-23 10:52:19,Midtown MARTA,  Centennial Olympic Park ,member
R105246,2026-07-23 20:28:00,2026-07-23 21:00:04,Centennial Olympic Park,Midtown MARTA,casual
R100692,07-Jun-2026 17:46,2026-06-07 17:52:14,Midtown MARTA,Ponce City Market,member
R102003,06/20/2026 05:31,06/20/2026 05:49,  Midtown MARTA ,LITTLE FIVE POINTS,member
R103956,10-Jul-2026 07:11,2026-07-10 07:23:52,Piedmont Park,Atlantic Station,casual
R101162,06/12/2026 17:53,2026-06-12 18:01:58,Midtown MARTA,Ponce City Market,member
R105608,27-Jul-2026 07:15,2026-07-27 07:30:46,Centennial Olympic Park,  Midtown MARTA ,member
R104843,2026-07-19 00:05:00,2026-07-19 00:25:52,Little Five Points,Piedmont Park,casual
R100742,2026-06-08 06:14:00,2026-06-08 06:25:04,  Little Five Points ,Ponce City Market,member
R105957,2026-07-30 15:46:00,2026-07-30 15:56:15,Centennial Olympic Park,MIDTOWN MARTA,member
R105894,07/29/2026 15:51,2026-07-29 16:07:35,Midtown MARTA,Piedmont Park,member
R105285,2026-07-23 17:35:00,07/23/2026 17:42,Georgia State University,ponce city market,member
R102729,27-Jun-2026 15:31,2026-06-27 15:51:41,Little Five Points,Ponce City Market,member
R101898,2026-06-19 17:38:00,2026-06-19 17:49:56,MIDTOWN MARTA,Georgia State University,member
R105268,2026-07-23 08:26:00,2026-07-23 08:27:00,Piedmont Park,Centennial Olympic Park,member
R100242,2026-06-03 18:49:00,2026-06-03 19:01:51,Ponce City Market,Krog Street Market,casual
R100554,2026-06-06 20:34:00,06-Jun-2026 20:37,Midtown MARTA,Centennial Olympic Park,member
R101838,06/19/2026 06:29,2026-06-19 06:36:39,Piedmont Park,Grant Pk,member
R102998,2026-06-30 23:14:00,06/30/2026 23:26,Krog Street Market,Georgia State University,member
R103968,2026-07-10 14:12:00,10-Jul-2026 14:14,Midtown MARTA,Atlantic Station,member
R105203,2026-07-22 16:19:00,07/22/2026 16:25,Midtown MARTA,Centennial Olympic Park,member
R104687,2026-07-17 11:14:00,2026-07-17 11:15:29,West End,Midtown MARTA,member
R101339,2026-06-14 19:48:00,2026-06-14 20:07:26,Centennial Olympic Park,West End,member
R101900,2026-06-19 07:15:00,06/19/2026 07:20,Piedmont Park,Midtown MARTA,member
R101207,2026-06-12 13:21:00,2026-06-12 14:09:47,Grant Park,Piedmont Park,casual
R102320,2026-06-23 14:19:00,06/23/2026 14:56,Ponce City Market,Midtown MARTA,casual
R100834,2026-06-09 18:29:00,2026-06-09 18:39:57,Midtown MARTA,ATLANTIC STATION,casual
R104168,2026-07-12 05:24:00,2026-07-12 05:32:43,  Midtown MARTA ,  Centennial Olympic Park ,casual
R103137,2026-07-02 18:26:00,02-Jul-2026 18:48,Atlantic Station,Ponce City Market,casual
R102987,2026-06-30 13:54:00,2026-06-30 14:03:33,Ponce City Market,Piedmont Park,member
R104918,2026-07-20 18:15:00,07/20/2026 18:39,Atlantic Station,Georgia State University,casual
R105559,2026-07-26 06:11:00,2026-07-26 06:15:54,Midtown MARTA,Atlantic Station,member
R104034,2026-07-11 12:54:00,11-Jul-2026 13:08,MIDTOWN MARTA,Ponce City Market,member
R101171,2026-06-12 17:14:00,2026-06-12 17:30:46,Ponce City Market,Midtown MARTA,member
R103577,2026-07-07 14:44:00,2026-07-07 14:53:08,midtown marta,Krog St. Market,member
R100628,06/07/2026 14:18,2026-06-07 14:50:56,Georgia State University,Piedmont Park,casual
R103881,09-Jul-2026 15:28,2026-07-09 15:50:01,Georgia State University,Piedmont Park,casual
R100644,2026-06-07 07:04:00,07-Jun-2026 07:24,  Krog Street Market ,Midtown MARTA,casual
R104844,2026-07-19 11:08:00,2026-07-19 11:28:03,MIDTOWN MARTA,Grant Park,casual
R104526,2026-07-16 11:05:00,2026-07-16 11:15:03,georgia state university,MIDTOWN MARTA,member
R101605,2026-06-16 09:28:00,2026-06-16 09:41:10,Georgia State University,Ponce City Market,member
R101872,2026-06-19 17:40:00,2026-06-26 17:40:00,Georgia State University,Midtown MARTA,member
R104193,2026-07-13 06:29:00,07/13/2026 07:08,PONCE CITY MARKET,Midtown MARTA,casual
R103482,07/06/2026 21:24,2026-07-06 21:35:32,Midtown MARTA,Piedmont Park,casual
R100249,2026-06-03 02:49:00,2026-06-03 03:03:41,Georgia State University,Midtown MARTA,casual
R103727,2026-07-08 22:49:00,2026-07-08 22:47:00,ponce city market,Midtown MARTA,member
R102329,2026-06-24 21:16:00,06/24/2026 21:26,Georgia State University,West End,member
R102822,06/28/2026 12:11,06/28/2026 12:20,Midtown MARTA,Ponce City Market,member
R104163,2026-07-12 18:23:00,07/12/2026 18:39,  Ponce City Market ,Midtown MARTA,member
R100783,2026-06-08 06:57:00,2026-06-08 07:24:52,  Midtown MARTA ,Georgia State University,casual
R105340,2026-07-24 13:56:00,2026-07-24 14:00:02,  Ponce City Market ,Midtown MARTA,member
R103211,2026-07-02 19:04:00,02-Jul-2026 19:07,Ponce City Market,Grant Park,member
R105889,2026-07-29 18:09:00,07/29/2026 18:16,Atlantic Station,Ponce City Market,member
R104961,2026-07-20 13:55:00,2026-07-20 14:08:04,Midtown MARTA,Krog Street Market,member
R104280,07/14/2026 18:02,2026-07-14 18:15:53,Piedmont Park,Midtown MARTA,member
R105224,2026-07-22 15:19:00,2026-07-22 15:26:44,MIDTOWN MARTA,Piedmont Park,member
R103672,2026-07-08 19:43:00,2026-07-08 19:49:54,Midtown MARTA,Centennial Olympic Park,member
R104268,2026-07-14 13:21:00,14-Jul-2026 13:50,Georgia State University,Grant Park,casual
R104607,17-Jul-2026 18:57,2026-07-17 19:09:43,Piedmont Pk,,member
R100102,2026-06-01 11:28:00,2026-06-01 11:48:32,Ponce City Market,WEST END,casual
R103412,05-Jul-2026 05:20,05-Jul-2026 05:36,Atlantic Station,Georgia State University,casual
R102940,06/29/2026 00:28,2026-06-29 00:33:13,Grant Park,Ponce City Market,member
R103765,07/08/2026 08:03,08-Jul-2026 08:14,Midtown MARTA,Georgia State University,member
R105666,07/27/2026 05:39,2026-07-27 05:53:37,Georgia State University,ATLANTIC STATION,casual
R104829,2026-07-19 10:16:00,2026-07-19 10:40:18,PONCE CITY MARKET,Georgia State University,casual
R102603,2026-06-26 18:54:00,2026-06-26 19:00:13,Ponce City Market,,member
R104764,2026-07-18 03:22:00,2026-07-18 03:40:41,Centennial Olympic Park,Georgia State University,casual
R103243,07/03/2026 05:14,07/03/2026 05:22,Georgia State University,Midtown MARTA,casual
R100085,01-Jun-2026 22:48,2026-06-01 22:57:51,georgia state university,Atlantic Station,member
R102827,28-Jun-2026 10:50,2026-06-28 11:18:05,Midtown MARTA,West End,casual
R104352,07/14/2026 06:33,2026-07-14 07:02:54,Ponce City Market,Atlantic Station,casual
R104281,14-Jul-2026 16:03,2026-07-14 16:08:27,Midtown MARTA,Georgia State University,member
R104116,2026-07-12 12:14:00,2026-07-12 12:28:43,Midtown MARTA,CENTENNIAL OLYMPIC PARK,casual
R105812,2026-07-29 11:48:00,29-Jul-2026 11:58,Midtown MARTA,Georgia State University,member
R104052,07/11/2026 14:31,2026-07-11 14:40:17,Atlantic Station,Georgia State University,member
R102797,2026-06-28 10:53:00,2026-06-28 11:12:15,Georgia State University,Midtown MARTA,casual
R102017,2026-06-21 10:09:00,2026-06-21 10:36:02,MIDTOWN MARTA,  Ponce City Market ,casual
R102585,26-Jun-2026 04:04,2026-06-26 04:16:22,Centennial Olympic Park,Ponce City Market,member
R104451,2026-07-15 07:44:00,2026-07-15 07:51:59,Georgia State University,Ponce City Market,member
R100925,2026-06-10 20:10:00,2026-06-10 20:54:13,Little Five Points,Ponce City Market,casual
R102545,2026-06-25 12:13:00,2026-06-25 12:23:14,Midtown MARTA,Georgia State University,member
R102835,2026-06-28 12:49:00,2026-06-28 13:18:16,Midtown MARTA,Little Five Points,casual
R103146,2026-07-02 13:20:00,2026-07-02 13:25:50,Georgia State University,centennial olympic park,member
R105458,2026-07-25 07:10:00,07/25/2026 07:24,Little Five Points,Centennial Olympic Park,member
R103730,2026-07-08 12:18:00,2026-07-08 12:31:05,Georgia State University,Midtown MARTA,member
R102217,2026-06-22 17:31:00,2026-06-22 18:07:51,Midtown MARTA,Georgia State University,casual
R104926,2026-07-20 16:25:00,2026-07-20 16:41:15,Midtown MARTA,Georgia State University,casual
R103816,2026-07-09 17:44:00,2026-07-09 18:08:13,Centennial Olympic Park,MIDTOWN MARTA,casual
R101962,20-Jun-2026 16:47,2026-06-20 16:53:20,Atlantic Station,ponce city market,member
R104258,07/14/2026 07:09,2026-07-14 07:13:18,Midtown MARTA,Centennial Olympic Pk,member
R100650,07-Jun-2026 17:59,07-Jun-2026 18:33,krog street market,Ponce City Market,casual
R102005,2026-06-20 17:19:00,2026-06-20 17:39:49,Georgia State University,Ponce City Market,casual
R101314,2026-06-13 01:52:00,06/13/2026 01:59,Ponce City Market,Atlantic Station,member
R103539,2026-07-06 13:47:00,2026-07-06 13:51:58,CENTENNIAL OLYMPIC PARK,Atlantic Station,member
R101072,2026-06-11 21:17:00,2026-06-11 21:27:21,Georgia State University,Midtown MARTA,member
R103990,07/10/2026 21:24,2026-07-10 21:28:34,Midtown MARTA,Georgia State University,member
R100719,08-Jun-2026 16:56,08-Jun-2026 17:11,Midtown MARTA,Centennial Olympic Pk,member
R100093,2026-06-01 06:39:00,2026-06-01 07:06:53,Midtown MARTA,Centennial Olympic Park,casual
R103303,2026-07-04 17:01:00,2026-07-04 17:57:37,Atlantic Station,Georgia State University,casual
R101587,2026-06-16 19:43:00,2026-06-16 19:53:02,  Piedmont Park ,Atlantic Station,member
R100672,07-Jun-2026 09:41,2026-06-07 09:53:18,piedmont park,Krog Street Market,member
R105259,23-Jul-2026 17:16,2026-07-23 17:35:35,Atlantic Station,Midtown MARTA,casual
R102054,2026-06-21 10:29:00,2026-06-21 10:39:06,Midtown MARTA,Georgia State University,member
R101061,2026-06-11 15:24:00,06/11/2026 15:28,  Midtown MARTA ,PONCE CITY MARKET,member
R102771,2026-06-28 15:23:00,2026-06-28 15:44:20,Ponce City Market,Midtown MARTA,casual
R102274,06/23/2026 17:04,23-Jun-2026 17:39,Ponce City Market,Centennial Olympic Park,casual
R102097,2026-06-21 06:37:00,2026-06-21 06:45:54,Grant Park,Midtown MARTA,casual
R103264,07/03/2026 18:27,2026-07-03 18:37:42,Ponce City Market,Piedmont Park,member
R104101,12-Jul-2026 13:01,07/12/2026 13:11,Georgia State University,Midtown MARTA,member
R100278,2026-06-03 13:45:00,2026-06-03 13:55:50,Krog Street Market,Georgia State University,member
R102302,23-Jun-2026 05:55,06/23/2026 06:04,West End,Ponce City Market,member
R105241,07/23/2026 14:40,2026-07-23 14:45:39,Midtown MARTA,Piedmont Park,member
R102517,06/25/2026 07:08,25-Jun-2026 07:20,Ponce City Market,Little Five Points,casual
R103864,07/09/2026 09:03,07/09/2026 09:14,Ponce City Market,Georgia State University,member
R103853,2026-07-09 15:27:00,2026-07-09 15:52:37,atlantic station,Centennial Olympic Park,casual
R100675,2026-06-07 12:14:00,2026-06-07 12:48:52,Atlantic Station,grant park,casual
R105446,2026-07-25 17:36:00,2026-07-25 17:47:29,Ponce City Market,Centennial Olympic Park,casual
R100896,2026-06-09 17:46:00,06/09/2026 18:21,Midtown MARTA,Atlantic Station,casual
R105748,2026-07-28 05:26:00,2026-07-28 05:55:15,Georgia State University,Centennial Olympic Park,casual
R103793,2026-07-09 16:13:00,07/09/2026 16:18,Midtown MARTA,PONCE CITY MARKET,member
R105293,2026-07-23 09:53:00,2026-07-23 10:03:19,Georgia State University,Midtown MARTA,member
R101378,06/14/2026 15:11,2026-06-14 15:42:16,Little Five Points,Midtown MARTA,casual
R104198,2026-07-13 18:13:00,2026-07-13 18:23:42,Krog Street Market,Georgia State University,member
R104479,07/16/2026 08:58,16-Jul-2026 09:11,Centennial Olympic Park,Georgia State University,member
R103914,2026-07-10 07:32:00,2026-07-10 07:42:20,Midtown MARTA,Little Five Points,member
R101369,06/14/2026 18:09,2026-06-14 18:28:09,  Midtown MARTA ,Centennial Olympic Park,member
R105370,2026-07-24 11:40:00,2026-07-24 11:44:58,  Centennial Olympic Park ,Midtown MARTA,member
R102948,2026-06-29 02:36:00,2026-06-29 02:51:22,Georgia State University,Atlantic Station,member
R103542,07/06/2026 08:10,07/06/2026 08:22,Midtown MARTA,Little Five Points,member
R102365,2026-06-24 01:21:00,2026-06-24 01:35:05,Midtown MARTA,Georgia State University,member
R103888,2026-07-09 07:19:00,09-Jul-2026 07:31,Midtown MARTA,Atlantic Station,member
R100223,2026-06-03 17:06:00,2026-06-03 17:32:46,Midtown MARTA,Georgia State University,casual
R105416,07/25/2026 16:48,2026-07-25 16:55:57,Centennial Olympic Park,Piedmont Park,member
R102382,06/24/2026 20:28,24-Jun-2026 20:30,Georgia State University,Piedmont Park,member
R105311,2026-07-23 11:01:00,2026-07-23 11:14:51,Midtown MARTA,Ponce City Market,member
R100547,2026-06-06 14:01:00,2026-06-06 14:11:13,Centennial Olympic Pk,Grant Park,member
R101274,13-Jun-2026 23:36,06/13/2026 23:48,Ponce City Market,Midtown MARTA,member
R104710,2026-07-18 18:56:00,2026-07-18 19:00:23,Atlantic Station,MIDTOWN MARTA,casual
R100911,2026-06-10 16:40:00,06/10/2026 16:58,Ponce City Market,Krog Street Market,member
R105103,21-Jul-2026 12:17,2026-07-21 12:20:38,Ponce City Market,Piedmont Park,member
R104059,11-Jul-2026 04:44,07/11/2026 04:54,Centennial Olympic Pk,,member
R100095,06/01/2026 11:15,01-Jun-2026 11:26,Krog St. Market,Atlantic Station,member
R104453,07/15/2026 10:28,15-Jul-2026 10:33,Georgia State University,midtown marta,member
R105650,07/27/2026 17:56,07/27/2026 18:12,midtown marta,  Georgia State University ,member
R103346,07/04/2026 10:20,2026-07-04 10:30:56,Ponce City Market,Midtown MARTA,casual
R101618,2026-06-17 10:49:00,2026-06-17 10:59:15,Ponce City Market,Georgia State University,member
R102358,2026-06-24 11:06:00,2026-06-24 11:17:56,Centennial Olympic Park,,member
R100763,2026-06-08 13:42:00,06/08/2026 13:47,Georgia State University,Little Five Points,member
R100410,2026-06-04 07:31:00,2026-06-04 07:42:22,Atlantic Station,Georgia State University,casual
R101025,2026-06-11 12:20:00,2026-06-11 12:34:28,Midtown MARTA,GEORGIA STATE UNIVERSITY,member
R101058,2026-06-11 09:40:00,2026-06-11 09:50:40,Grant Park,Ponce City Market,member
R100238,03-Jun-2026 18:43,03-Jun-2026 18:47,Georgia State University,Centennial Olympic Park,member
R103464,07/06/2026 12:36,2026-07-06 12:48:25,Georgia State University,Piedmont Park,member
R102719,2026-06-27 03:22:00,2026-06-27 03:41:01,PONCE CITY MARKET,Centennial Olympic Pk,casual
R105042,2026-07-21 20:01:00,2026-07-21 20:17:52,Midtown MARTA,atlantic station,member
R100606,2026-06-07 11:54:00,06/07/2026 12:38,Midtown MARTA,Centennial Olympic Park,casual
R100114,2026-06-01 08:27:00,2026-06-01 08:33:55,Midtown MARTA,  Grant Park ,member
R102234,2026-06-22 14:07:00,2026-06-22 14:13:30,Ponce City Market,Midtown MARTA,member
R100873,09-Jun-2026 18:12,2026-06-09 18:30:41,Centennial Olympic Park,Georgia State University,member
R103386,07/05/2026 08:40,2026-07-05 09:10:04,Midtown MARTA,  Ponce City Market ,casual
R105706,2026-07-27 00:28:00,2026-07-27 00:44:23,PONCE CITY MARKET,Atlantic Station,member
R100531,2026-06-06 07:48:00,2026-06-06 08:07:27,Ponce City Market,Centennial Olympic Park,casual
R102654,06/26/2026 18:44,2026-06-26 18:49:09,Midtown MARTA,GEORGIA STATE UNIVERSITY,member
R103191,2026-07-02 16:11:00,07/02/2026 16:26,Piedmont Park,Atlantic Station,member
R103212,07/02/2026 08:18,02-Jul-2026 08:36,Centennial Olympic Park,Grant Park,casual
R104120,12-Jul-2026 17:13,2026-07-12 17:23:56,Ponce City Market,Midtown MARTA,member
R105803,2026-07-29 19:45:00,2026-07-29 20:03:02,Midtown MARTA,,member
R105950,2026-07-30 18:40:00,2026-07-30 18:46:23,Midtown MARTA,Georgia State University,member
R101825,06/19/2026 13:43,2026-06-19 13:58:46,Georgia State University,Ponce City Market,member
R103379,2026-07-04 22:21:00,2026-07-04 22:58:57,Grant Park,  Piedmont Park ,casual
R102960,30-Jun-2026 00:52,2026-06-30 00:59:25,Midtown MARTA,Centennial Olympic Park,member
R103494,2026-07-06 16:25:00,07/06/2026 16:35,Midtown MARTA,Georgia State University,member
R100843,06/09/2026 12:41,2026-06-09 12:57:45,Midtown MARTA,Centennial Olympic Park,member
R105664,2026-07-27 03:52:00,07/27/2026 04:01,Centennial Olympic Park,Atlantic Station,member
R103075,2026-07-01 07:12:00,2026-07-01 07:29:47,Georgia State University,PONCE CITY MARKET,casual
R102734,2026-06-28 15:04:00,06/28/2026 15:32,Midtown MARTA,Ponce City Market,casual
R102767,06/28/2026 11:56,28-Jun-2026 12:15,Ponce City Market,  Midtown MARTA ,member
R104547,2026-07-16 06:02:00,2026-07-16 06:20:51,Georgia State University,Midtown MARTA,casual
R105973,07/30/2026 11:23,2026-07-30 11:40:21,Midtown MARTA,Krog Street Market,member
R105647,2026-07-27 08:28:00,27-Jul-2026 08:39,WEST END,Ponce City Market,member
R101573,2026-06-16 18:57:00,2026-06-16 19:05:05,Midtown MARTA,Ponce City Market,member
R100733,2026-06-08 08:07:00,06/08/2026 08:19,Ponce City Market,  Georgia State University ,
R105573,2026-07-26 14:26:00,2026-07-26 14:47:15,PONCE CITY MARKET,,casual
R102385,2026-06-24 18:35:00,2026-06-24 18:38:36,Little Five Points,GEORGIA STATE UNIVERSITY,member
R101498,2026-06-15 09:45:00,2026-06-15 09:56:04,Ponce City Market,Midtown MARTA,member
R105534,26-Jul-2026 18:11,2026-07-26 18:33:12,Georgia State University,Krog Street Market,casual
R104207,07/13/2026 08:21,13-Jul-2026 08:29,ponce city market,Georgia State University,member
R105368,2026-07-24 10:31:00,2026-07-24 11:00:50,Little Five Points,georgia state university,casual
R101307,06/13/2026 13:00,06/13/2026 13:14,Centennial Olympic Park,Midtown MARTA,member
R103589,2026-07-07 18:36:00,2026-07-07 18:45:49,  Georgia State University ,Atlantic Station,member
R104996,2026-07-20 08:11:00,20-Jul-2026 08:22,Piedmont Park,Ponce City Market,member
R103974,2026-07-10 07:45:00,10-Jul-2026 07:55,Ponce City Market,Piedmont Park,member
R102134,2026-06-22 18:47:00,2026-06-22 18:58:28,West End,Krog Street Market,casual
R105392,2026-07-24 20:50:00,07/24/2026 21:06,Midtown MARTA,Georgia State University,casual
R104518,2026-07-16 09:03:00,16-Jul-2026 09:13,Centennial Olympic Park,Georgia State University,member
R104455,2026-07-15 05:16:00,15-Jul-2026 05:25,Centennial Olympic Park,Ponce City Market,member
R100548,2026-06-06 08:59:00,06/06/2026 09:08,Midtown MARTA,Georgia State University,member
R103220,07/03/2026 07:16,07/03/2026 07:20,atlantic station,Georgia State University,member
R103901,2026-07-10 06:34:00,2026-07-10 06:48:35,Centennial Olympic Park,Georgia State University,member
R105709,2026-07-27 08:58:00,2026-07-27 09:03:30,Centennial Olympic Park,Georgia State University,member
R104218,2026-07-13 08:12:00,2026-07-13 08:37:49,Centennial Olympic Park,Georgia State University,casual
R102760,06/28/2026 15:35,2026-06-28 15:36:00,Ponce City Market,Krog St. Market,casual
R105249,2026-07-23 18:36:00,2026-07-23 18:42:53,Midtown MARTA,  Ponce City Market ,member
R100520,2026-06-06 00:10:00,2026-06-06 00:28:15,Georgia State University,  Piedmont Park ,member
R103067,07/01/2026 16:53,01-Jul-2026 16:59,Midtown MARTA,ponce city market,member
R102351,2026-06-24 12:16:00,24-Jun-2026 12:31,Ponce City Market,Atlantic Station,member
R103261,07/03/2026 07:43,07/03/2026 07:54,Ponce City Market,Midtown MARTA,member
R104827,2026-07-19 12:07:00,2026-07-19 12:17:41,georgia state university,Little Five Points,casual
R100293,03-Jun-2026 13:46,2026-06-03 14:32:14,Georgia State University,piedmont park,casual
R102184,2026-06-22 09:21:00,22-Jun-2026 09:47,Georgia State University,Ponce City Market,casual
R103842,07/09/2026 16:29,2026-07-09 16:47:17,Ponce City Market,Georgia State University,casual
R105021,2026-07-20 09:44:00,2026-07-20 09:54:44,Ponce City Market,georgia state university,member
R101139,06/12/2026 13:52,06/12/2026 14:10,Georgia State University,Centennial Olympic Park,member
R104985,07/20/2026 13:21,07/20/2026 13:41,  Ponce City Market ,Centennial Olympic Park,member
R105081,2026-07-21 09:42:00,2026-07-21 09:53:56,Georgia State University,Ponce City Market,member
R103495,07/06/2026 06:13,2026-07-06 06:27:49,Midtown MARTA,Atlantic Station,member
R103575,2026-07-07 07:12:00,2026-07-07 07:26:50,Centennial Olympic Park,Midtown MARTA,casual
R104800,07/19/2026 19:13,2026-07-19 19:50:14,Midtown MARTA,Atlantic Station,casual
R101951,20-Jun-2026 03:17,2026-06-20 03:30:30,Krog Street Market,Atlantic Station,member
R101971,2026-06-20 10:05:00,2026-06-20 10:20:51,Ponce City Market,Atlantic Station,member
R100231,2026-06-03 12:58:00,2026-06-03 13:22:14,Atlantic Station,Midtown MARTA,casual
R102350,24-Jun-2026 16:36,06/24/2026 16:50,georgia state university,ponce city market,member
R103819,07/09/2026 18:39,07/09/2026 18:56,Atlantic Station,Grant Park,casual
R104186,2026-07-13 10:26:00,07/13/2026 11:02,Ponce City Market,Midtown MARTA,casual
R103635,2026-07-07 07:07:00,07/07/2026 07:20,Georgia State University,Krog Street Market,member
R101065,2026-06-11 07:35:00,11-Jun-2026 07:47,Piedmont Park,Ponce City Market,member
R105644,07/27/2026 17:09,2026-07-27 17:36:14,  Midtown MARTA ,Georgia State University,casual
R103715,2026-07-08 09:21:00,2026-07-08 09:25:21,Georgia State University,Piedmont Park,member
R100191,2026-06-02 09:47:00,2026-06-02 10:13:24,Krog Street Market,Little Five Points,casual
R103677,07/08/2026 08:20,07/08/2026 08:49,ATLANTIC STATION,Krog Street Market,casual
R100092,2026-06-01 10:30:00,2026-06-01 10:34:54,Midtown MARTA,Atlantic Station,member
R102973,2026-06-30 18:21:00,2026-06-30 18:31:30,CENTENNIAL OLYMPIC PARK,  Atlantic Station ,member
R103467,07/06/2026 13:07,07/06/2026 13:17,Ponce City Market,Georgia State University,member
R104208,2026-07-13 07:58:00,2026-07-13 08:10:31,Midtown MARTA,  Ponce City Market ,member
R101109,2026-06-11 11:10:00,2026-06-11 11:18:47,Centennial Olympic Park,Atlantic Station,member
R103246,2026-07-03 18:51:00,2026-07-03 19:02:08,Centennial Olympic Park,Georgia State University,member
R103992,2026-07-10 07:23:00,07/10/2026 07:24,Midtown MARTA,GEORGIA STATE UNIVERSITY,member
R103779,2026-07-09 05:46:00,09-Jul-2026 05:57,  Ponce City Market ,Midtown MARTA,member
R101976,2026-06-20 19:19:00,2026-06-20 19:24:40,GEORGIA STATE UNIVERSITY,PONCE CITY MARKET,casual
R101756,2026-06-18 19:52:00,2026-06-18 20:03:41,Georgia State University,Ponce City Market,member
R105761,2026-07-28 21:39:00,2026-07-28 22:00:55,Midtown MARTA,West End,casual
R105616,27-Jul-2026 18:28,27-Jul-2026 18:34,Ponce City Market,Georgia State University,member
R103834,2026-07-09 19:36:00,07/09/2026 19:47,Centennial Olympic Park,Georgia State University,member
R101467,2026-06-15 14:45:00,06/15/2026 14:54,Midtown MARTA,Ponce City Market,member
R104559,07/16/2026 07:16,2026-07-16 07:35:51,Ponce City Market,Georgia State University,member
R102795,2026-06-28 10:17:00,28-Jun-2026 10:46,Centennial Olympic Park,midtown marta,casual
R100312,2026-06-03 18:54:00,2026-06-03 19:08:27,PONCE CITY MARKET,Midtown MARTA,member
R103912,07/10/2026 16:24,2026-07-10 16:33:07,Atlantic Station,West End,member
R105489,2026-07-26 10:29:00,2026-07-26 10:57:20,Atlantic Station,  Ponce City Market ,casual
R104194,2026-07-13 10:29:00,13-Jul-2026 10:46,Atlantic Station,Ponce City Market,casual
R105139,07/21/2026 08:01,2026-07-21 08:10:44,Georgia State University,Piedmont Park,member
R102127,2026-06-22 07:23:00,2026-06-22 07:35:15,Little Five Points,Centennial Olympic Park,member
R105586,2026-07-26 08:04:00,2026-07-26 08:11:59,Krog Street Market,GEORGIA STATE UNIVERSITY,member
R100730,2026-06-08 20:12:00,08-Jun-2026 20:33,Centennial Olympic Park,Georgia State University,member
R102534,06/25/2026 13:00,2026-06-25 13:22:59,Georgia State University,Atlantic Station,casual
R105791,2026-07-28 20:00:00,28-Jul-2026 20:11,Ponce City Market,Piedmont Park,member
R100470,06/05/2026 08:08,2026-06-05 08:23:08,ponce city market,Centennial Olympic Park,casual
R103350,07/04/2026 12:41,2026-07-04 13:00:02,ATLANTIC STATION,midtown marta,casual
R104856,07/19/2026 10:11,2026-07-19 10:37:39,Ponce City Market,Krog Street Market,casual
R105069,2026-07-21 15:42:00,2026-07-21 15:57:32,Georgia State University,Ponce City Market,member
R102319,23-Jun-2026 21:12,2026-06-23 21:26:15,Ponce City Market,Midtown MARTA,member
R100311,2026-06-03 16:42:00,2026-06-03 16:53:21,Piedmont Pk,centennial olympic park,member
R104669,2026-07-17 16:54:00,07/17/2026 17:04,Midtown MARTA,Ponce City Market,member
R105648,2026-07-27 17:12:00,2026-07-27 17:21:21,West End,Midtown MARTA,member
R103012,2026-06-30 11:55:00,06/30/2026 12:07,Centennial Olympic Park,Midtown MARTA,casual
R105505,2026-07-26 06:18:00,07/26/2026 06:32,Georgia State University,Piedmont Park,casual
R102330,06/24/2026 08:03,2026-06-24 08:14:36,Atlantic Station,Piedmont Park,member
R101752,06/18/2026 16:37,18-Jun-2026 16:52,Ponce City Market,Midtown MARTA,member
R100398,2026-06-04 19:30:00,2026-06-04 19:38:57,Midtown MARTA,Centennial Olympic Park,member
R103366,2026-07-04 09:32:00,2026-07-04 09:50:22,Georgia State University,Atlantic Station,member
R101409,2026-06-14 19:00:00,2026-06-14 19:14:27,Midtown MARTA,grant park,member
R104033,2026-07-11 17:16:00,2026-07-11 17:30:21,Atlantic Station,Piedmont Park,member
R101677,2026-06-17 15:53:00,17-Jun-2026 16:03,Centennial Olympic Park,Ponce City Market,member
R105675,2026-07-27 04:00:00,2026-07-27 04:10:01,Midtown MARTA,  Piedmont Park ,member
R101037,2026-06-11 19:03:00,06/11/2026 19:11,centennial olympic park,Georgia State University,member
R105457,25-Jul-2026 16:35,2026-07-25 16:51:49,Centennial Olympic Park,Little Five Points,casual
R102115,2026-06-21 07:09:00,06/21/2026 07:18,PONCE CITY MARKET,Midtown MARTA,member
R105167,22-Jul-2026 17:09,07/22/2026 17:26,Ponce City Market,Atlantic Station,member
R103026,2026-07-01 17:18:00,2026-07-01 17:53:49,Ponce City Market,Centennial Olympic Park,casual
R103546,2026-07-06 08:46:00,2026-07-06 08:51:32,MIDTOWN MARTA,CENTENNIAL OLYMPIC PARK,member
R105850,2026-07-29 08:51:00,07/29/2026 09:08,Grant Park,Centennial Olympic Park,member
R100566,06-Jun-2026 17:12,2026-06-06 17:45:29,centennial olympic park,Georgia State University,casual
R101182,2026-06-12 08:19:00,2026-06-12 08:29:40,Midtown MARTA,Georgia State University,member
R100294,2026-06-03 13:50:00,03-Jun-2026 14:00,Midtown MARTA,Ponce City Market,member
R101447,2026-06-15 13:39:00,15-Jun-2026 14:10,Ponce City Market,Centennial Olympic Park,casual
R102625,06/26/2026 09:38,2026-06-26 09:50:33,  Georgia State University ,Ponce City Market,member
R102387,06/24/2026 21:21,2026-06-24 21:35:40,midtown marta,West End,member
R104210,07/13/2026 18:58,2026-07-13 19:34:53,Midtown MARTA,Georgia State University,casual
R100323,2026-06-04 07:20:00,06/04/2026 07:23,Georgia State University,Centennial Olympic Park,casual
R102697,06/27/2026 12:01,06/27/2026 12:19,  Midtown MARTA ,Georgia State University,casual
R102155,2026-06-22 10:57:00,2026-06-22 11:10:01,Georgia State University,,member
R104361,2026-07-14 08:01:00,2026-07-14 08:05:33,Midtown MARTA,Georgia State University,member
R101845,2026-06-19 08:56:00,2026-06-19 09:08:15,  Midtown MARTA ,Atlantic Station,member
R105322,07/24/2026 17:22,07/24/2026 17:32,  Ponce City Market ,Atlantic Station,member
R103610,2026-07-07 16:11:00,2026-07-07 16:18:51,Midtown MARTA,Atlantic Station,member
R104599,17-Jul-2026 07:23,2026-07-17 07:41:56,Georgia State University,Atlantic Station,member
R100452,2026-06-05 16:15:00,2026-06-05 16:06:00,georgia state university,Atlantic Station,member
R104477,2026-07-16 07:30:00,2026-07-16 07:50:46,Atlantic Station,Midtown MARTA,casual
R105991,2026-07-30 17:30:00,2026-07-30 17:36:25,Midtown MARTA,Atlantic Station,member
R101469,2026-06-15 18:00:00,2026-06-15 18:08:41,georgia state university,Grant Park,member
R103288,04-Jul-2026 10:53,2026-07-04 11:06:06,Ponce City Market,Georgia State University,member
R101313,2026-06-13 12:14:00,2026-06-13 12:21:24,  Midtown MARTA ,Grant Park,casual
R105879,07/29/2026 19:36,2026-07-29 19:45:18,Ponce City Market,midtown marta,casual
R101883,2026-06-19 09:24:00,2026-06-19 09:28:22,Krog Street Market,Ponce City Market,member
R103735,2026-07-08 08:50:00,07/08/2026 09:03,Centennial Olympic Park,Georgia State University,casual
R102132,2026-06-22 07:18:00,06/22/2026 07:30,Midtown MARTA,Centennial Olympic Park,member
R105749,2026-07-28 12:04:00,2026-07-28 12:14:58,Piedmont Park,Georgia State University,member
R103937,2026-07-10 17:10:00,2026-07-10 17:24:00,midtown marta,  Centennial Olympic Park ,member
R104536,16-Jul-2026 19:12,2026-07-16 19:14:29,Georgia State University,Little Five Points,member
R103651,2026-07-07 07:26:00,2026-07-07 07:36:08,  Midtown MARTA ,Ponce City Market,member
R104066,07/11/2026 08:19,2026-07-11 08:36:13,Centennial Olympic Park,Midtown MARTA,member
R103738,2026-07-08 15:19:00,07/08/2026 15:32,PONCE CITY MARKET,georgia state university,member
R101823,2026-06-19 17:10:00,2026-06-19 17:19:24,Centennial Olympic Pk,Ponce City Market,member
R100744,2026-06-08 06:48:00,2026-06-08 07:14:37,Midtown MARTA,little five points,casual
R105332,2026-07-24 14:15:00,2026-07-24 14:24:36,little five points,Atlantic Station,member
R103843,2026-07-09 15:08:00,09-Jul-2026 15:15,Centennial Olympic Park,Ponce City Market,member
R102159,2026-06-22 05:53:00,2026-06-22 06:06:29,Centennial Olympic Park,ponce city market,casual
R101148,06/12/2026 12:58,2026-06-12 13:04:51,Atlantic Station,Georgia State University,member
R101973,2026-06-20 09:11:00,2026-06-20 09:27:38,Midtown MARTA,West End,member
R103019,06/30/2026 04:54,2026-06-30 05:15:40,Midtown MARTA,centennial olympic park,member
R102429,06/24/2026 11:44,24-Jun-2026 11:57,Ponce City Market,Midtown MARTA,member
R102453,06/24/2026 05:50,06/24/2026 06:24,Ponce City Market,georgia state university,casual
R105611,07/27/2026 06:58,2026-07-27 07:06:05,Ponce City Market,Centennial Olympic Park,member
R100446,2026-06-05 21:37:00,05-Jun-2026 21:44,Centennial Olympic Park,Atlantic Station,member
R103930,07/10/2026 21:15,07/10/2026 21:23,Centennial Olympic Park,ATLANTIC STATION,member
R102221,2026-06-22 14:58:00,06/22/2026 15:07,Centennial Olympic Park,Atlantic Station,member
R103831,07/09/2026 17:06,2026-07-09 17:22:02,Piedmont Park,Ponce City Market,member
R101884,2026-06-19 21:59:00,2026-06-19 22:07:56,Ponce City Market,  Georgia State University ,member
R101354,2026-06-14 14:53:00,2026-06-14 15:24:59,Atlantic Station,Ponce City Market,casual
R105284,07/23/2026 07:00,07/23/2026 07:03,Centennial Olympic Park,Midtown MARTA,member
R103689,07/08/2026 16:55,2026-07-19 16:55:00,West End,Midtown MARTA,member
R101885,2026-06-19 19:27:00,2026-06-19 19:36:52,Atlantic Station,MIDTOWN MARTA,member
R102165,2026-06-22 08:22:00,2026-06-22 08:35:45,PIEDMONT PARK,Atlantic Station,member
R105323,2026-07-24 07:50:00,2026-07-24 08:12:22,Midtown MARTA,Ponce City Market,casual
R101713,2026-06-17 16:10:00,2026-06-17 16:18:30,Atlantic Station,Centennial Olympic Park,casual
R101560,2026-06-16 07:05:00,2026-06-16 07:14:16,Midtown MARTA,Centennial Olympic Park,member
R102157,2026-06-22 17:00:00,22-Jun-2026 17:09,Midtown MARTA,Centennial Olympic Park,member
R103044,2026-07-01 16:38:00,2026-07-01 16:46:58,Midtown MARTA,Georgia State University,member
R105309,07/23/2026 17:02,23-Jul-2026 17:18,  Ponce City Market ,  Georgia State University ,member
R104380,2026-07-15 07:19:00,07/15/2026 07:28,Centennial Olympic Park,Krog Street Market,member
R103723,08-Jul-2026 09:43,2026-07-08 10:11:32,midtown marta,Atlantic Station,casual
R104267,2026-07-14 16:09:00,2026-07-14 16:22:54,Midtown MARTA,Piedmont Park,member
R104495,2026-07-16 10:47:00,2026-07-16 10:54:57,Midtown MARTA,Georgia State University,member
R101712,2026-06-17 07:20:00,17-Jun-2026 07:29,Midtown MARTA,KROG STREET MARKET,member
R102061,2026-06-21 11:44:00,2026-06-21 11:56:39,Midtown MARTA,Georgia State University,casual
R103811,07/09/2026 07:47,07/09/2026 07:58,Georgia State University,  Ponce City Market ,member
R105194,22-Jul-2026 16:14,2026-07-22 16:08:00,Georgia State University,Centennial Olympic Park,casual
R101926,2026-06-19 19:57:00,2026-06-19 19:50:00,Ponce City Market,GEORGIA STATE UNIVERSITY,casual
R103283,2026-07-04 11:32:00,2026-07-04 11:43:15,Ponce City Market,Midtown MARTA,member
R103980,10-Jul-2026 05:40,2026-07-10 05:47:04,Ponce City Market,Midtown MARTA,member
R101967,06/20/2026 09:30,2026-06-20 09:41:05,GEORGIA STATE UNIVERSITY,Krog Street Market,casual
R101324,13-Jun-2026 11:44,2026-06-13 12:00:11,Midtown MARTA,Atlantic Station,casual
R102733,2026-06-28 16:41:00,2026-06-28 16:56:27,Atlantic Station,Centennial Olympic Pk,casual
R105856,2026-07-29 20:06:00,2026-07-29 20:14:20,  Midtown MARTA ,Ponce City Market,member
R103404,07/05/2026 17:25,2026-07-05 17:40:36,Midtown MARTA,Centennial Olympic Park,casual
R104512,2026-07-16 16:07:00,2026-07-16 16:14:55,GEORGIA STATE UNIVERSITY,Ponce City Market,member
R101876,2026-06-19 14:14:00,2026-06-19 14:29:13,Georgia State University,West End,member
R102632,06/26/2026 13:05,2026-06-26 13:19:18,Georgia State University,midtown marta,member
R100592,2026-06-06 06:03:00,06/06/2026 06:34,MIDTOWN MARTA,Georgia State University,casual
R103859,09-Jul-2026 08:44,2026-07-09 09:09:49,Georgia State University,Midtown MARTA,casual
R100750,2026-06-08 08:26:00,2026-06-08 08:36:09,Georgia State University,Midtown MARTA,member
R103659,2026-07-08 18:33:00,2026-07-08 18:43:53,Centennial Olympic Park,Georgia State University,member
R103058,2026-07-01 21:21:00,2026-07-01 21:32:16,Georgia State University,Ponce City Market,member
R104751,07/18/2026 09:43,2026-07-18 10:28:50,CENTENNIAL OLYMPIC PARK,Georgia State University,casual
R101860,2026-06-19 12:10:00,2026-06-19 12:13:41,Georgia State University,Centennial Olympic Park,member
R104419,2026-07-15 18:20:00,07/15/2026 18:28,Ponce City Market,Midtown MARTA,member
R100183,06/02/2026 17:32,06/02/2026 17:51,Ponce City Market,West End,
R103562,07/06/2026 05:43,07/06/2026 05:57,Atlantic Station,Centennial Olympic Park,member
R104309,2026-07-14 08:53:00,2026-07-14 09:11:19,Georgia State University,Midtown MARTA,casual
R103504,2026-07-06 17:47:00,06-Jul-2026 17:53,ponce city market,  Krog Street Market ,member
R104990,07/20/2026 16:15,07/20/2026 16:22,Georgia State University,Atlantic Station,member
R100636,06/07/2026 14:28,2026-06-07 14:56:34,Centennial Olympic Park,Midtown MARTA,casual
R101659,2026-06-17 08:26:00,2026-06-17 08:37:44,  Midtown MARTA ,Georgia State University,member
R104767,18-Jul-2026 16:45,2026-07-18 16:46:00,Atlantic Station,Ponce City Market,casual
R104538,2026-07-16 22:05:00,07/16/2026 22:15,  Centennial Olympic Park ,Little Five Points,member
R105495,2026-07-26 10:02:00,07/26/2026 10:47,Midtown MARTA,Centennial Olympic Park,casual
R102955,2026-06-30 07:53:00,30-Jun-2026 08:04,Little Five Points,Midtown MARTA,member
R103179,2026-07-02 18:28:00,2026-07-02 18:29:46,Midtown MARTA,Ponce City Market,member
R102181,2026-06-22 09:22:00,06/22/2026 09:28,Piedmont Park,Grant Park,member
R104491,2026-07-16 12:57:00,2026-07-16 13:07:44,Midtown MARTA,Ponce City Market,member
R100247,06/03/2026 18:42,2026-06-03 18:58:13,Atlantic Station,  Midtown MARTA ,member
R104511,2026-07-16 12:09:00,2026-07-16 12:22:59,Centennial Olympic Park,Ponce City Market,member
R101903,2026-06-19 12:46:00,2026-06-19 12:59:50,Ponce City Market,Little Five Points,member
R103186,2026-07-02 14:22:00,07/02/2026 14:47,Ponce City Market,Centennial Olympic Park,casual
R100501,05-Jun-2026 16:43,2026-06-05 17:11:09,West End,Georgia State University,casual
R103010,2026-06-30 11:41:00,06/30/2026 11:45,Atlantic Station,midtown marta,member
R101940,06/20/2026 08:00,06/20/2026 08:31,Piedmont Park,Atlantic Station,casual
R105400,07/24/2026 12:46,2026-07-24 12:58:12,Midtown MARTA,Atlantic Station,member
R102352,2026-06-24 15:34:00,2026-06-24 15:50:55,Piedmont Park,Georgia State University,member
R105147,21-Jul-2026 16:07,21-Jul-2026 16:35,Georgia State University,Krog Street Market,casual
R102528,06/25/2026 06:11,25-Jun-2026 06:22,Atlantic Station,Krog Street Market,member
R103458,05-Jul-2026 14:42,2026-07-05 14:47:22,ponce city market,Midtown MARTA,member
R102699,27-Jun-2026 10:00,27-Jun-2026 10:20,Ponce City Market,Centennial Olympic Park,casual
R104594,2026-07-17 11:09:00,17-Jul-2026 11:21,Ponce City Market,Midtown MARTA,member
R101299,2026-06-13 14:32:00,2026-06-13 15:15:44,Midtown MARTA,Piedmont Park,casual
R102032,2026-06-21 17:45:00,2026-06-21 17:54:26,Ponce City Market,Atlantic Station,member
R102323,2026-06-23 12:35:00,2026-06-23 12:53:43,PONCE CITY MARKET,Piedmont Park,casual
R105571,07/26/2026 10:04,26-Jul-2026 10:11,Ponce City Market,Centennial Olympic Park,casual
R100042,2026-06-01 08:29:00,06/01/2026 08:35,Georgia State University,Centennial Olympic Park,member
R105063,07/21/2026 07:55,2026-07-21 08:22:45,Ponce City Market,Georgia State University,
R104625,2026-07-17 13:10:00,17-Jul-2026 13:25,midtown marta,WEST END,member
R102968,2026-06-30 14:17:00,06/30/2026 14:35,PONCE CITY MARKET,  Krog Street Market ,member
R105016,20-Jul-2026 12:32,2026-07-20 12:44:16,  Georgia State University ,Ponce City Market,member
R100399,2026-06-04 20:54:00,2026-06-04 21:03:35,Centennial Olympic Park,ponce city market,member
R101278,2026-06-13 14:17:00,2026-06-13 14:26:04,Centennial Olympic Park,  Ponce City Market ,casual
R104899,2026-07-19 15:50:00,2026-07-19 15:58:29,Ponce City Market,Georgia State University,casual
R105579,07/26/2026 12:09,07/26/2026 12:19,ATLANTIC STATION,Piedmont Park,member
R104741,07/18/2026 12:54,07/18/2026 13:22,Centennial Olympic Park,Georgia State University,casual
R102169,2026-06-22 19:21:00,2026-06-22 19:35:30,Ponce City Market,Midtown MARTA,
R103984,2026-07-10 07:19:00,2026-07-10 07:35:30,  Atlantic Station ,MIDTOWN MARTA,member
R103299,2026-07-04 10:02:00,04-Jul-2026 10:24,Georgia State University,Ponce City Market,casual
R101750,2026-06-18 14:47:00,2026-06-18 15:00:54,Georgia State University,Midtown MARTA,member
R100220,2026-06-03 18:08:00,2026-06-03 18:19:52,Ponce City Market,Midtown MARTA,member
R100494,06/05/2026 09:27,06/05/2026 10:03,georgia state university,  Ponce City Market ,casual
R103545,2026-07-06 07:08:00,2026-07-06 07:24:36,midtown marta,Ponce City Market,member
R101736,2026-06-18 17:32:00,2026-06-18 17:45:28,midtown marta,West End,member
R105938,2026-07-30 08:01:00,2026-07-30 08:20:45,  Centennial Olympic Park ,Midtown MARTA,member
R103573,2026-07-07 20:04:00,2026-07-07 20:12:16,Krog Street Market,Grant Park,member
R102117,2026-06-21 21:21:00,2026-06-21 21:29:57,Atlantic Station,Midtown MARTA,member
R100698,06/07/2026 16:42,2026-06-07 17:06:05,West End,Krog Street Market,casual
R102138,2026-06-22 17:15:00,2026-06-22 17:19:31,Ponce City Market,Midtown MARTA,member
R102172,2026-06-22 15:23:00,2026-06-22 15:49:56,Krog Street Market,Midtown MARTA,casual
R104418,2026-07-15 18:07:00,2026-07-15 18:27:43,Piedmont Pk,Centennial Olympic Park,member
R104136,2026-07-12 08:49:00,07/12/2026 09:04,Midtown MARTA,Atlantic Station,casual
R105007,2026-07-20 15:13:00,07/20/2026 15:21,  Midtown MARTA ,West End,member
R102674,2026-06-27 18:39:00,2026-06-27 19:07:34,  Centennial Olympic Park ,Georgia State University,casual
R104939,20-Jul-2026 09:18,2026-07-20 09:24:40,Centennial Olympic Park,Piedmont Park,member
R104954,2026-07-20 17:30:00,2026-07-20 17:38:10,Georgia State University,Piedmont Park,member
R101114,2026-06-11 14:21:00,2026-06-11 14:47:46,Georgia State University,midtown marta,casual
R104664,2026-07-17 17:40:00,2026-07-17 17:51:01,  Ponce City Market ,Piedmont Park,member
R103344,07/04/2026 07:56,2026-07-04 08:00:32,Atlantic Station,Midtown MARTA,
R104481,07/16/2026 16:38,2026-07-16 16:47:58,Georgia State University,Piedmont Park,member
R101138,2026-06-12 15:55:00,2026-06-12 16:01:41,Piedmont Park,Georgia State University,member
R102952,06/30/2026 09:39,06/30/2026 09:49,West End,Centennial Olympic Park,member
R103104,2026-07-02 05:33:00,07/02/2026 05:48,centennial olympic park,Midtown MARTA,casual
R104636,2026-07-17 03:48:00,2026-07-17 03:58:45,GEORGIA STATE UNIVERSITY,Piedmont Park,casual
R101437,2026-06-15 17:54:00,2026-06-15 18:10:51,PONCE CITY MARKET,  Midtown MARTA ,member
R101070,2026-06-11 19:54:00,06/11/2026 20:03,midtown marta,Centennial Olympic Park,member
R101315,2026-06-13 13:45:00,2026-06-13 14:11:36,Midtown MARTA,GEORGIA STATE UNIVERSITY,casual
R103549,2026-07-06 11:58:00,07/06/2026 12:13,Georgia State University,Piedmont Park,member
R102446,2026-06-24 18:18:00,2026-06-24 18:30:24,Georgia State University,Piedmont Park,member
R102343,2026-06-24 08:10:00,06/24/2026 08:26,ponce city market,Midtown MARTA,member
R102349,06/24/2026 07:35,2026-06-24 07:38:22,Krog Street Market,Georgia State University,member
R105920,2026-07-30 09:19:00,07/30/2026 09:33,Georgia State University,Atlantic Station,member
R103165,02-Jul-2026 10:54,2026-07-02 11:07:33,Atlantic Station,Ponce City Market,member
R103667,07/08/2026 09:34,2026-07-08 09:43:05,Midtown MARTA,Ponce City Market,member
R101968,2026-06-20 16:30:00,2026-06-20 16:38:11,Centennial Olympic Park,Atlantic Station,member
R102279,2026-06-23 08:10:00,2026-06-23 08:24:34,Centennial Olympic Park,  Midtown MARTA ,member
R101444,06/15/2026 18:05,2026-06-15 18:30:29,georgia state university,KROG STREET MARKET,casual
R101827,06/19/2026 05:15,2026-06-19 05:27:25,Atlantic Station,Midtown MARTA,casual
R101045,2026-06-11 10:56:00,2026-06-11 11:09:29,Midtown MARTA,Centennial Olympic Park,member
R101220,2026-06-12 18:03:00,2026-06-12 18:42:55,Ponce City Market,Little Five Points,casual
R105201,2026-07-22 08:20:00,22-Jul-2026 08:45,Ponce City Market,Centennial Olympic Park,casual
R103687,2026-07-08 12:10:00,2026-07-08 12:35:06,Krog Street Market,Midtown MARTA,casual
R104043,2026-07-11 17:59:00,2026-07-11 18:24:45,Georgia State University,Midtown MARTA,casual
R102884,2026-06-29 13:59:00,06/29/2026 14:05,  Midtown MARTA ,Atlantic Station,member
R104592,07/17/2026 16:07,2026-07-17 16:19:58,PONCE CITY MARKET,Georgia State University,member
R104143,2026-07-12 06:28:00,2026-07-12 06:38:56,Midtown MARTA,atlantic station,casual
R102882,29-Jun-2026 04:57,2026-06-29 05:05:14,WEST END,  Midtown MARTA ,member
R104203,2026-07-13 01:16:00,2026-07-13 01:23:29,Ponce City Market,Atlantic Station,member
R103599,2026-07-07 19:50:00,2026-07-07 19:48:00,Grant Park,Ponce City Market,member
R104713,2026-07-18 08:18:00,2026-07-18 08:48:10,Midtown MARTA,Centennial Olympic Park,casual
R103053,2026-07-01 19:32:00,2026-07-01 19:48:57,Ponce City Market,Grant Park,member
R102864,2026-06-29 17:12:00,2026-06-29 17:26:50,midtown marta,  Georgia State University ,casual
R105525,2026-07-26 22:40:00,2026-07-26 23:11:55,Ponce City Market,Centennial Olympic Park,casual
R100535,06/06/2026 06:27,06-Jun-2026 06:59,Ponce City Market,Atlantic Station,casual
R102868,06/29/2026 18:58,2026-06-29 19:06:55,Midtown MARTA,Grant Park,member
R101291,13-Jun-2026 11:24,2026-06-13 11:33:21,Georgia State University,Krog Street Market,member
R102506,2026-06-25 16:22:00,2026-06-25 16:38:02,Midtown MARTA,georgia state university,member
R104182,2026-07-13 07:16:00,2026-07-13 07:27:15,Centennial Olympic Park,Midtown MARTA,member
R101882,06/19/2026 11:05,2026-06-19 11:16:01,Midtown MARTA,Georgia State University,member
R103343,2026-07-04 17:41:00,07/04/2026 18:04,Atlantic Station,midtown marta,casual
R104045,2026-07-11 11:01:00,2026-07-11 11:13:03,  Georgia State University ,Centennial Olympic Park,member
R101189,2026-06-12 13:05:00,2026-06-12 13:18:50,Atlantic Station,KROG STREET MARKET,member
R104892,07/19/2026 14:52,2026-07-19 15:07:30,Ponce City Market,  Georgia State University ,member
R100209,2026-06-03 08:31:00,06/03/2026 08:54,Centennial Olympic Park,Atlantic Station,casual
R105635,2026-07-27 14:08:00,2026-07-27 14:20:16,Ponce City Market,Midtown MARTA,member
R101910,2026-06-19 09:37:00,06/19/2026 09:42,Atlantic Station,PIEDMONT PARK,member
R100476,2026-06-05 19:32:00,2026-06-05 19:40:26,Piedmont Park,  Midtown MARTA ,member
R102754,2026-06-28 19:04:00,2026-06-28 19:21:15,Centennial Olympic Park,Krog Street Market,casual
R100747,2026-06-08 08:54:00,2026-06-08 09:06:26,Krog Street Market,Piedmont Park,member
R105841,2026-07-29 08:13:00,29-Jul-2026 08:24,Atlantic Station,West End,member
R103585,2026-07-07 06:58:00,07/07/2026 07:11,Atlantic Station,Centennial Olympic Park,casual
R105793,2026-07-28 19:58:00,2026-07-28 20:13:54,Ponce City Market,Little Five Points,member
R104460,07/16/2026 07:17,2026-07-16 07:23:16,Little Five Points,Ponce City Market,member
R102685,06/27/2026 08:10,27-Jun-2026 08:22,Georgia State University,Ponce City Market,member
R102518,2026-06-25 01:44:00,06/25/2026 01:52,ponce city market,Midtown MARTA,member
R105073,2026-07-21 05:53:00,2026-07-21 06:06:14,Ponce City Market,Piedmont Park,member
R105690,27-Jul-2026 11:25,2026-07-27 11:38:42,Grant Park,Georgia State University,member
R103740,2026-07-08 12:20:00,2026-07-08 12:30:19,Midtown MARTA,Ponce City Market,member
R100078,2026-06-01 06:20:00,06/01/2026 06:24,  Ponce City Market ,Midtown MARTA,member
R104998,2026-07-20 09:49:00,2026-07-20 09:58:21,Atlantic Station,Centennial Olympic Park,member
R101762,06/18/2026 18:35,2026-06-18 18:59:17,Centennial Olympic Park,West End,casual
R104842,2026-07-19 10:09:00,07/19/2026 10:56,Midtown MARTA,Centennial Olympic Park,casual
R105217,2026-07-22 17:18:00,07/22/2026 17:26,ponce city market,Centennial Olympic Park,member
R104846,07/19/2026 15:12,2026-07-19 15:32:08,georgia state university,Midtown MARTA,casual
R105176,2026-07-22 13:27:00,2026-07-22 13:41:23,Midtown MARTA,ATLANTIC STATION,member
R105077,2026-07-21 08:28:00,2026-07-21 08:42:52,West End,Piedmont Park,member
R100807,2026-06-09 08:45:00,2026-06-09 08:51:00,Midtown MARTA,Piedmont Park,member
R102481,2026-06-25 17:55:00,2026-06-25 18:09:07,Ponce City Market,Midtown MARTA,member
R101175,2026-06-12 09:51:00,2026-06-12 09:57:13,GEORGIA STATE UNIVERSITY,Centennial Olympic Park,member
R104233,2026-07-13 05:14:00,2026-07-13 05:22:23,MIDTOWN MARTA,PONCE CITY MARKET,casual
R102313,06/23/2026 06:21,2026-06-23 06:32:13,Midtown MARTA,Georgia State University,member
R100039,2026-06-01 11:53:00,2026-06-01 12:01:45,Midtown MARTA,Georgia State University,member
R100899,06/09/2026 16:15,2026-06-09 16:37:41,  Atlantic Station ,Piedmont Park,casual
R100164,2026-06-02 18:23:00,2026-06-02 18:39:46,Centennial Olympic Park,Georgia State University,member
R105931,07/30/2026 12:58,2026-07-30 13:09:13,Atlantic Station,Midtown MARTA,member
R102642,2026-06-26 13:51:00,2026-06-26 14:04:02,Centennial Olympic Pk,Atlantic Station,casual
R105914,2026-07-30 16:43:00,07/30/2026 16:48,Krog Street Market,Georgia State University,member
R100734,06/08/2026 14:57,2026-06-08 15:02:25,Midtown MARTA,Grant Park,member
R103630,07/07/2026 17:50,2026-07-07 18:26:42,Piedmont Park,Krog Street Market,casual
R105934,2026-07-30 12:06:00,2026-07-30 12:16:03,Georgia State University,  Midtown MARTA ,
R101386,14-Jun-2026 22:49,2026-06-14 23:10:17,Ponce City Market,Centennial Olympic Park,member
R104240,07/13/2026 19:39,07/13/2026 19:47,piedmont park,  Ponce City Market ,member
R100760,2026-06-08 06:06:00,08-Jun-2026 06:13,Centennial Olympic Park,Ponce City Market,member
R103683,2026-07-08 01:21:00,2026-07-08 01:33:35,Ponce City Market,Georgia State University,member
R101047,2026-06-11 10:13:00,2026-06-11 10:21:50,Krog St. Market,Centennial Olympic Park,member
R104877,2026-07-19 08:27:00,2026-07-19 08:37:40,Midtown MARTA,,member
R100110,2026-06-01 16:10:00,2026-06-01 16:32:42,Ponce City Market,Atlantic Station,casual
R101459,06/15/2026 07:26,2026-06-15 07:37:07,Midtown MARTA,Georgia State University,member
R104602,2026-07-17 12:26:00,2026-07-17 12:40:59,Midtown MARTA,atlantic station,member
R102646,2026-06-26 15:13:00,2026-06-26 15:36:14,atlantic station,  Midtown MARTA ,casual
R100244,03-Jun-2026 00:51,2026-06-03 01:05:59,Georgia State University,Centennial Olympic Park,member
R100418,06/04/2026 19:51,06/04/2026 19:58,Ponce City Market,Midtown MARTA,member
R103646,2026-07-07 16:56:00,2026-07-07 17:03:44,Midtown MARTA,Georgia State University,member
R104647,2026-07-17 13:35:00,17-Jul-2026 13:57,Ponce City Market,Midtown MARTA,casual
R105523,2026-07-26 11:30:00,07/26/2026 11:37,Georgia State University,Little Five Points,member
R103331,04-Jul-2026 12:26,2026-07-04 12:39:45,  Centennial Olympic Park ,Midtown MARTA,member
R105982,2026-07-30 15:15:00,2026-07-30 15:28:06,Ponce City Market,Krog Street Market,member
R101107,2026-06-11 19:55:00,2026-06-11 20:07:55,Georgia State University,Midtown MARTA,member
R101128,12-Jun-2026 18:12,2026-06-12 18:26:00,West End,Ponce City Market,
R101877,2026-06-19 17:27:00,2026-06-19 17:43:00,Georgia State University,Ponce City Market,member
R104320,07/14/2026 17:27,07/14/2026 17:34,ponce city market,Midtown MARTA,
R103401,2026-07-05 11:06:00,2026-07-05 11:34:53,Centennial Olympic Park,Little Five Points,casual
R103661,2026-07-08 17:34:00,07/08/2026 17:57,Atlantic Station,MIDTOWN MARTA,casual
R102919,2026-06-29 17:41:00,06/29/2026 17:52,Centennial Olympic Park,Georgia State University,member
R104794,07/18/2026 16:20,2026-07-18 16:34:35,Centennial Olympic Pk,  Midtown MARTA ,casual
R103387,05-Jul-2026 10:26,2026-07-05 11:11:20,Atlantic Station,Midtown MARTA,casual
R105936,2026-07-30 17:49:00,07/30/2026 17:57,PONCE CITY MARKET,Midtown MARTA,member
R102670,06/27/2026 10:05,27-Jun-2026 10:21,Centennial Olympic Park,Little Five Points,casual
R103780,07/09/2026 19:48,2026-07-09 19:54:59,Piedmont Park,  Centennial Olympic Park ,member
R103071,2026-07-01 00:50:00,07/01/2026 01:10,Midtown MARTA,Ponce City Market,member
R103867,2026-07-09 18:50:00,09-Jul-2026 19:14,Ponce City Market,Krog Street Market,casual
R102198,2026-06-22 08:35:00,2026-06-22 08:48:06,Centennial Olympic Park,Atlantic Station,member
R103057,07/01/2026 08:59,2026-07-01 09:00:00,Midtown MARTA,Centennial Olympic Park,casual
R101113,2026-06-11 13:03:00,2026-06-11 13:08:24,Krog St. Market,grant park,member
R100945,2026-06-10 18:41:00,2026-06-10 19:08:17,Centennial Olympic Park,Piedmont Park,casual
R103709,07/08/2026 07:45,2026-07-08 08:00:57,PIEDMONT PARK,midtown marta,member
R104464,2026-07-16 09:13:00,2026-07-16 09:30:03,Georgia State University,MIDTOWN MARTA,casual
R105854,2026-07-29 18:14:00,2026-07-29 18:32:44,Midtown MARTA,Little Five Points,casual
R100651,2026-06-07 16:38:00,2026-06-07 16:57:00,Midtown MARTA,Centennial Olympic Park,casual
R105553,07/26/2026 22:45,2026-07-26 22:52:13,Ponce City Market,  Atlantic Station ,member
R101821,2026-06-19 12:01:00,2026-06-19 12:11:39,Ponce City Market,West End,member
R104156,2026-07-12 15:27:00,2026-07-12 15:36:34,  Little Five Points ,Midtown MARTA,member
R101597,2026-06-16 19:06:00,06/16/2026 19:19,Centennial Olympic Park,Georgia State University,member
R104548,2026-07-16 13:43:00,2026-07-16 13:47:25,Piedmont Park,Centennial Olympic Park,casual
R102901,2026-06-29 17:38:00,2026-06-29 17:54:01,Midtown MARTA,Piedmont Park,casual
R102787,2026-06-28 07:35:00,2026-06-28 07:45:19,krog street market,Grant Park,member
R104499,2026-07-16 06:09:00,2026-07-16 06:19:42,Centennial Olympic Park,Little Five Points,member
R105278,2026-07-23 17:04:00,07/23/2026 17:12,Centennial Olympic Pk,midtown marta,member
R104817,19-Jul-2026 16:16,2026-07-19 16:23:19,Midtown MARTA,Ponce City Market,member
R101578,06/16/2026 18:31,2026-06-16 18:39:07,Georgia State University,Midtown MARTA,member
R101853,06/19/2026 09:49,06/19/2026 09:53,Little Five Points,Atlantic Station,member
R102082,2026-06-21 02:58:00,06/21/2026 03:15,Georgia State University,Little Five Points,member
R102804,06/28/2026 05:52,28-Jun-2026 06:26,Georgia State University,Midtown MARTA,casual
R102357,2026-06-24 17:38:00,2026-06-24 17:44:58,Centennial Olympic Park,Midtown MARTA,member
R100811,2026-06-09 07:13:00,2026-06-09 07:32:12,Ponce City Market,Georgia State University,casual
R105681,2026-07-27 13:50:00,27-Jul-2026 13:58,Centennial Olympic Park,Midtown MARTA,member
R101886,2026-06-19 18:12:00,19-Jun-2026 18:25,Ponce City Market,  Centennial Olympic Park ,member
R102602,2026-06-26 17:01:00,2026-06-26 17:07:16,Georgia State University,Ponce City Market,member
R102019,2026-06-21 13:52:00,2026-06-21 14:19:18,Midtown MARTA,Ponce City Market,casual
R104862,2026-07-19 17:22:00,2026-07-19 17:23:00,Piedmont Park,Georgia State University,casual
R102460,06/25/2026 14:07,2026-06-25 14:28:36,Midtown MARTA,West End,casual
R100841,2026-06-09 17:57:00,2026-06-09 18:11:45,Midtown MARTA,krog street market,member
R103062,2026-07-01 17:57:00,01-Jul-2026 18:12,Midtown MARTA,,member
R105665,07/27/2026 08:55,2026-07-27 09:19:43,midtown marta,Georgia State University,casual
R101131,2026-06-12 16:54:00,12-Jun-2026 17:06,  Ponce City Market ,West End,member
R101805,06/18/2026 14:14,2026-06-18 14:25:59,Piedmont Park,Midtown MARTA,member
R104718,18-Jul-2026 03:05,2026-07-18 03:17:53,Ponce City Market,Little Five Points,member
R103064,2026-07-01 07:12:00,07/01/2026 07:26,  Krog Street Market ,Atlantic Station,member
R102820,2026-06-28 09:42:00,2026-06-28 09:52:55,Georgia State University,  Centennial Olympic Park ,member
R103046,07/01/2026 05:18,2026-07-01 05:48:56,Krog Street Market,Atlantic Station,casual
R100880,2026-06-09 18:29:00,2026-06-09 18:40:46,Midtown MARTA,Piedmont Park,member
R105132,2026-07-21 08:48:00,2026-07-21 08:55:18,Georgia State University,Piedmont Park,member
R105744,2026-07-28 16:41:00,2026-07-28 16:51:24,Ponce City Market,West End,member
R105448,2026-07-25 15:41:00,07/25/2026 15:56,Centennial Olympic Park,Ponce City Market,member
R100255,06/03/2026 17:29,2026-06-03 17:48:48,Georgia State University,Midtown MARTA,casual
R102254,06/23/2026 08:15,23-Jun-2026 08:30,Ponce City Market,Georgia State University,casual
R102121,2026-06-21 10:30:00,2026-06-21 10:43:58,PONCE CITY MARKET,Centennial Olympic Pk,member
R102769,2026-06-28 12:58:00,06/28/2026 13:27,Georgia State University,Ponce City Market,casual
R104326,2026-07-14 17:57:00,2026-07-14 18:09:41,Grant Park,Ponce City Market,member
R103874,2026-07-09 21:02:00,2026-07-09 21:14:48,Grant Park,Ponce City Market,casual
R104916,07/20/2026 09:05,2026-07-20 09:13:30,Centennial Olympic Park,Atlantic Station,member
R100009,2026-06-01 08:38:00,2026-06-01 08:50:52,Georgia State University,MIDTOWN MARTA,member
R103431,2026-07-05 12:10:00,05-Jul-2026 12:36,Ponce City Market,West End,casual
R104745,2026-07-18 09:37:00,2026-07-18 09:49:29,Ponce City Market,  Midtown MARTA ,member
R103492,07/06/2026 08:12,06-Jul-2026 08:28,Midtown MARTA,Georgia State University,member
R104324,07/14/2026 10:19,2026-07-14 10:29:31,  Midtown MARTA ,Ponce City Market,member
R103728,07/08/2026 15:28,2026-07-08 15:40:13,Grant Park,Krog Street Market,casual
R105000,07/20/2026 05:05,2026-07-20 05:19:59,Midtown MARTA,  Ponce City Market ,member
R100895,06/09/2026 13:56,2026-06-09 14:15:25,Piedmont Park,midtown marta,member
R105093,2026-07-21 15:45:00,2026-07-21 16:04:45,MIDTOWN MARTA,Georgia State University,member
R101152,2026-06-12 17:17:00,06/12/2026 17:28,Ponce City Market,Georgia State University,member
R102856,2026-06-28 11:09:00,2026-06-28 11:49:04,Georgia State University,Centennial Olympic Park,casual
R105630,2026-07-27 17:21:00,2026-07-27 17:42:52,Midtown MARTA,Ponce City Market,casual
R100709,06/08/2026 14:51,2026-06-08 15:00:31,  Midtown MARTA ,Ponce City Market,member
R101509,2026-06-15 17:38:00,2026-06-15 18:03:09,Midtown MARTA,Centennial Olympic Park,casual
R104205,07/13/2026 18:39,2026-07-13 18:49:09,Midtown MARTA,Ponce City Market,member
R105642,2026-07-27 18:40:00,2026-07-27 18:49:55,MIDTOWN MARTA,PIEDMONT PARK,member
R100090,2026-06-01 11:18:00,2026-06-01 11:32:32,Georgia State University,midtown marta,member
R104752,2026-07-18 08:01:00,2026-07-18 08:17:11,Centennial Olympic Park,Ponce City Market,member
R103534,2026-07-06 08:43:00,2026-07-06 08:57:50,West End,Midtown MARTA,member
R105456,25-Jul-2026 11:30,07/25/2026 11:47,MIDTOWN MARTA,Centennial Olympic Park,member
R105148,07/21/2026 08:23,2026-07-30 08:23:00,Atlantic Station,Georgia State University,casual
R102398,2026-06-24 07:57:00,06/24/2026 08:01,Midtown MARTA,Ponce City Market,member
R101813,2026-06-19 12:31:00,2026-06-19 12:40:09,Midtown MARTA,Grant Park,member
R103976,07/10/2026 19:56,2026-07-10 20:02:03,Georgia State University,Krog Street Market,member
R105049,2026-07-21 06:39:00,2026-07-21 07:07:25,Ponce City Market,Atlantic Station,casual
R100818,2026-06-09 20:19:00,09-Jun-2026 20:40,MIDTOWN MARTA,Atlantic Station,casual
R102992,2026-06-30 15:30:00,2026-06-30 15:47:36,Midtown MARTA,CENTENNIAL OLYMPIC PARK,member
R105915,2026-07-30 22:39:00,07/30/2026 22:50,Midtown MARTA,Atlantic Station,member
R100161,2026-06-02 15:17:00,02-Jun-2026 15:23,Ponce City Market,Midtown MARTA,casual
R102435,2026-06-24 11:42:00,2026-06-24 12:03:23,PONCE CITY MARKET,Grant Park,casual
R104834,2026-07-19 19:52:00,2026-07-19 20:11:00,Ponce City Market,West End,casual
R102902,29-Jun-2026 15:45,06/29/2026 15:52,Midtown MARTA,Ponce City Market,member
R104820,2026-07-19 14:34:00,07/19/2026 14:48,Midtown MARTA,Ponce City Market,member
R100544,2026-06-06 12:04:00,06-Jun-2026 12:21,MIDTOWN MARTA,Grant Park,casual
R101995,2026-06-20 09:35:00,2026-06-20 10:08:44,  Ponce City Market ,Midtown MARTA,casual
R102958,2026-06-30 06:17:00,2026-06-30 06:30:20,Centennial Olympic Park,MIDTOWN MARTA,member
R105840,2026-07-29 11:27:00,07/29/2026 11:35,Ponce City Market,Centennial Olympic Park,member
R100018,2026-06-01 19:02:00,06/01/2026 19:19,Midtown MARTA,GEORGIA STATE UNIVERSITY,member
R102326,2026-06-24 13:57:00,2026-06-24 14:06:34,West End,Georgia State University,member
R100457,2026-06-05 18:08:00,2026-06-05 18:18:12,Atlantic Station,Piedmont Park,member
R104629,07/17/2026 08:50,2026-07-17 08:57:23,Georgia State University,Midtown MARTA,member
R101654,2026-06-17 07:24:00,2026-06-17 07:29:10,Midtown MARTA,Georgia State University,member
R103708,08-Jul-2026 21:38,07/08/2026 21:50,Centennial Olympic Park,KROG STREET MARKET,member
R102924,2026-06-29 08:38:00,2026-06-29 08:45:57,Centennial Olympic Pk,Georgia State University,member
R104072,2026-07-11 13:34:00,2026-07-11 13:40:12,Georgia State University,centennial olympic park,
R102507,2026-06-25 18:32:00,2026-06-25 18:39:14,Atlantic Station,Ponce City Market,member
R102039,2026-06-21 18:00:00,2026-06-21 18:49:09,Ponce City Market,Midtown MARTA,casual
R103225,2026-07-03 05:36:00,2026-07-03 05:39:26,Ponce City Market,Centennial Olympic Park,member
R105271,07/23/2026 10:44,2026-07-23 10:56:00,ponce city market,  Atlantic Station ,member
R105024,2026-07-20 12:44:00,2026-07-20 13:02:51,Ponce City Market,Midtown MARTA,member
R100397,2026-06-04 16:16:00,04-Jun-2026 16:25,Atlantic Station,Midtown MARTA,member
R103840,2026-07-09 19:25:00,2026-07-09 19:25:00,Centennial Olympic Park,Centennial Olympic Park,member
R101450,2026-06-15 14:13:00,15-Jun-2026 14:38,Ponce City Market,Centennial Olympic Park,casual
R104866,2026-07-19 07:06:00,2026-07-19 07:21:38,Centennial Olympic Park,Georgia State University,member
R105471,07/25/2026 02:14,2026-07-25 02:19:47,GEORGIA STATE UNIVERSITY,Ponce City Market,casual
R103325,2026-07-04 22:59:00,2026-07-04 23:26:10,Georgia State University,Centennial Olympic Park,casual
R100694,2026-06-07 12:59:00,2026-06-07 13:28:53,georgia state university,LITTLE FIVE POINTS,casual
R102777,2026-06-28 13:19:00,2026-06-28 13:37:55,Atlantic Station,Midtown MARTA,member
R103795,09-Jul-2026 18:45,2026-07-09 19:03:24,Midtown MARTA,Piedmont Park,member
R101161,12-Jun-2026 07:13,2026-06-12 07:18:28,georgia state university,Midtown MARTA,member
R104085,2026-07-11 22:36:00,11-Jul-2026 23:01,midtown marta,Georgia State University,casual
R105968,30-Jul-2026 19:28,2026-07-30 19:44:19,Piedmont Park,Georgia State University,casual
R103425,05-Jul-2026 12:56,2026-07-05 13:08:33,Atlantic Station,grant park,member
R103934,07/10/2026 17:08,2026-07-10 17:21:37,Georgia State University,Centennial Olympic Park,member
R104776,07/18/2026 12:21,07/18/2026 12:26,Midtown MARTA,Atlantic Station,member
R100510,2026-06-05 07:53:00,06/05/2026 08:01,Georgia State University,Grant Park,member
R104300,2026-07-14 06:52:00,07/14/2026 07:01,Ponce City Market,Georgia State University,member
R102990,2026-06-30 18:00:00,2026-06-30 18:08:05,  Atlantic Station ,Georgia State University,member
R101546,2026-06-16 06:15:00,2026-06-16 06:20:04,Piedmont Park,Midtown MARTA,member
R102937,2026-06-29 15:32:00,2026-06-29 15:45:37,Centennial Olympic Park,ponce city market,member
R100920,2026-06-10 11:43:00,2026-06-10 11:55:54,Ponce City Market,MIDTOWN MARTA,member
R105625,2026-07-27 13:13:00,2026-07-27 13:31:47,Ponce City Market,PIEDMONT PARK,casual
R103433,05-Jul-2026 01:59,2026-07-05 02:19:41,Ponce City Market,georgia state university,member
R103109,2026-07-02 07:52:00,2026-07-02 08:04:20,Centennial Olympic Park,Midtown MARTA,member
R100525,2026-06-06 21:05:00,2026-06-06 21:24:23,Midtown MARTA,Piedmont Park,member
R104946,2026-07-20 07:43:00,2026-07-20 08:10:27,Midtown MARTA,Krog Street Market,casual
R100905,09-Jun-2026 08:54,2026-06-09 09:03:49,Piedmont Park,Georgia State University,member
R101794,2026-06-18 16:31:00,2026-06-18 16:44:38,Atlantic Station,Ponce City Market,member
R105792,2026-07-28 18:22:00,2026-07-28 18:55:45,ponce city market,Midtown MARTA,casual
R102216,2026-06-22 17:22:00,2026-06-22 17:31:23,Little Five Points,Midtown MARTA,member
R103794,2026-07-09 11:22:00,2026-07-09 11:32:20,GEORGIA STATE UNIVERSITY,West End,member
R102407,2026-06-24 22:56:00,06/24/2026 23:05,Georgia State University,Atlantic Station,casual
R100464,2026-06-05 17:23:00,2026-06-05 17:29:24,Piedmont Park,Krog Street Market,casual
R102001,06/20/2026 10:11,2026-06-20 10:58:46,Atlantic Station,ponce city market,casual
R101612,2026-06-17 17:58:00,17-Jun-2026 18:00,Atlantic Station,Ponce City Market,member
R103153,02-Jul-2026 13:55,02-Jul-2026 14:05,centennial olympic park,Georgia State University,member
R100402,04-Jun-2026 08:58,04-Jun-2026 09:11,Little Five Points,Midtown MARTA,member
R101913,2026-06-19 18:17:00,2026-06-19 18:32:09,Ponce City Market,Midtown MARTA,casual
R104605,2026-07-17 12:30:00,2026-07-17 12:39:15,Georgia State University,Krog Street Market,member
R104965,2026-07-20 09:56:00,2026-07-20 10:06:35,Ponce City Market,  Midtown MARTA ,member
R105426,25-Jul-2026 10:25,2026-07-25 10:39:39,West End,Atlantic Station,member
R104722,18-Jul-2026 10:50,2026-07-18 11:08:30,Ponce City Market,Piedmont Pk,member
R100810,2026-06-09 20:37:00,2026-06-09 20:46:46,Midtown MARTA,GRANT PARK,member
R103127,2026-07-02 14:56:00,02-Jul-2026 15:39,Midtown MARTA,GEORGIA STATE UNIVERSITY,casual
R104265,2026-07-14 06:40:00,2026-07-14 07:06:59,Midtown MARTA,Georgia State University,casual
R102929,06/29/2026 19:08,2026-06-29 19:13:53,Midtown MARTA,Atlantic Station,member
R102842,2026-06-28 07:00:00,2026-06-28 07:19:13,Centennial Olympic Park,Little Five Points,casual
R105344,2026-07-24 17:35:00,2026-07-24 17:58:10,Centennial Olympic Park,  Midtown MARTA ,member
R105444,2026-07-25 08:13:00,07/25/2026 08:50,PONCE CITY MARKET,Midtown MARTA,casual
R105567,2026-07-26 11:10:00,2026-07-26 11:23:34,GEORGIA STATE UNIVERSITY,Midtown MARTA,member
R100976,2026-06-10 06:19:00,2026-06-10 06:28:13,georgia state university,Ponce City Market,member
R104944,07/20/2026 06:26,2026-07-20 06:44:42,  Georgia State University ,Ponce City Market,member
R100891,2026-06-09 06:59:00,2026-06-09 07:02:13,Georgia State University,Midtown MARTA,member
R104323,2026-07-14 16:12:00,2026-07-14 16:17:11,Midtown MARTA,Atlantic Station,member
R100950,2026-06-10 07:09:00,2026-06-10 07:14:21,Ponce City Market,  Centennial Olympic Park ,member
R102539,25-Jun-2026 09:26,2026-06-25 09:46:24,Georgia State University,Atlantic Station,casual
R103609,2026-07-07 07:08:00,07/07/2026 07:19,Centennial Olympic Park,Midtown MARTA,member
R103383,2026-07-05 11:19:00,2026-07-05 11:57:46,Atlantic Station,Centennial Olympic Park,casual
R101970,2026-06-20 15:34:00,06/20/2026 15:57,GEORGIA STATE UNIVERSITY,piedmont park,casual
R105223,2026-07-22 17:08:00,2026-07-22 17:21:24,Midtown MARTA,Grant Park,member
R101760,06/18/2026 06:09,18-Jun-2026 06:18,  Ponce City Market ,Piedmont Park,member
R101224,2026-06-12 21:36:00,2026-06-12 21:43:12,Georgia State University,  Midtown MARTA ,member
R102836,2026-06-28 17:26:00,2026-06-28 17:37:06,Midtown MARTA,Ponce City Market,member
R102847,2026-06-28 08:31:00,2026-06-28 08:56:01,Midtown MARTA,  Centennial Olympic Park ,casual
R100947,2026-06-10 15:34:00,2026-06-10 16:03:02,Georgia State University,Midtown MARTA,casual
R105474,25-Jul-2026 00:17,2026-07-25 00:33:47,Ponce City Market,Georgia State University,casual
R101608,2026-06-17 17:04:00,06/17/2026 17:08,Atlantic Station,CENTENNIAL OLYMPIC PARK,member
R101372,06/14/2026 09:40,06/14/2026 10:12,Midtown MARTA,Krog Street Market,casual
R100137,06/02/2026 05:38,06/02/2026 05:45,Midtown MARTA,Grant Park,member
R103268,07/03/2026 07:33,03-Jul-2026 07:46,Ponce City Market,Atlantic Station,member
R100292,2026-06-03 12:58:00,2026-06-03 13:09:46,Georgia State University,Midtown MARTA,member
R102096,2026-06-21 14:00:00,06/21/2026 14:23,West End,Krog Street Market,casual
R104173,2026-07-12 10:28:00,2026-07-12 10:54:44,Ponce City Market,Midtown MARTA,casual
R104317,2026-07-14 18:27:00,2026-07-14 18:38:16,Midtown MARTA,West End,member
R103009,2026-06-30 07:06:00,2026-06-30 07:31:31,ATLANTIC STATION,  Little Five Points ,casual
R101453,2026-06-15 16:39:00,2026-06-15 16:52:17,Georgia State University,Ponce City Market,member
R101933,06/20/2026 17:04,2026-06-20 17:19:19,Piedmont Park,Centennial Olympic Park,member
R102721,2026-06-27 13:24:00,2026-06-27 13:31:52,Centennial Olympic Park,Midtown MARTA,casual
R104080,2026-07-11 17:56:00,2026-07-11 18:12:50,Midtown MARTA,Ponce City Market,member
R101775,2026-06-18 11:54:00,2026-06-18 12:07:52,Midtown MARTA,Ponce City Market,member
R103550,2026-07-06 17:09:00,2026-07-06 17:17:10,Midtown MARTA,Georgia State University,member
R104062,11-Jul-2026 14:01,07/11/2026 14:21,GEORGIA STATE UNIVERSITY,Ponce City Market,casual
R105742,2026-07-28 18:08:00,2026-07-28 18:17:38,Georgia State University,Midtown MARTA,member
R101480,15-Jun-2026 14:15,2026-06-15 14:23:43,  Midtown MARTA ,Atlantic Station,member
R101360,2026-06-14 21:10:00,06/14/2026 21:44,Georgia State University,Ponce City Market,casual
R102156,2026-06-22 08:03:00,06/22/2026 08:07,Atlantic Station,Georgia State University,member
R100404,06/04/2026 08:37,04-Jun-2026 08:47,Midtown MARTA,PONCE CITY MARKET,member
R104358,14-Jul-2026 17:02,2026-07-14 17:10:15,Ponce City Market,Centennial Olympic Park,member
R104593,2026-07-17 12:39:00,2026-07-17 12:54:14,Midtown MARTA,Georgia State University,member
R102251,2026-06-23 17:06:00,06/23/2026 17:16,Ponce City Market,Piedmont Park,member
R103981,10-Jul-2026 21:05,2026-07-10 21:23:48,Atlantic Station,Ponce City Market,member
R104885,2026-07-19 11:15:00,2026-07-19 11:16:00,Georgia State University,West End,casual
R103362,2026-07-04 14:17:00,2026-07-04 14:55:01,  Centennial Olympic Park ,Midtown MARTA,casual
R102386,2026-06-24 08:33:00,24-Jun-2026 08:48,Ponce City Market,Piedmont Park,member
R101683,2026-06-17 17:33:00,06/17/2026 18:00,Midtown MARTA,Grant Park,casual
R103846,2026-07-09 11:56:00,2026-07-09 12:05:43,  Atlantic Station ,Centennial Olympic Park,member
R105815,2026-07-29 05:42:00,2026-07-29 05:56:48,Georgia State University,midtown marta,member
R104171,07/12/2026 12:49,07/12/2026 13:06,Piedmont Park,midtown marta,casual
R100038,2026-06-01 08:36:00,2026-06-01 08:44:59,Ponce City Market,centennial olympic park,member
R100568,2026-06-06 12:37:00,2026-06-06 12:47:29,Georgia State University,Centennial Olympic Park,member
R105451,25-Jul-2026 21:36,25-Jul-2026 21:52,WEST END,Centennial Olympic Park,casual
R102816,2026-06-28 15:18:00,2026-06-28 15:31:46,Ponce City Market,Piedmont Park,casual
R102512,2026-06-25 02:21:00,2026-06-25 02:29:44,Georgia State University,Centennial Olympic Park,member
R101164,2026-06-12 15:02:00,2026-06-12 15:15:03,Georgia State University,Midtown MARTA,member
R100251,06/03/2026 08:23,2026-06-03 08:45:21,Midtown MARTA,Ponce City Market,casual
R104735,07/18/2026 07:46,2026-07-18 07:53:04,Krog St. Market,,member
R101686,2026-06-17 17:21:00,2026-06-17 17:31:28,Ponce City Market,Midtown MARTA,member
R104118,2026-07-12 12:39:00,2026-07-12 12:45:37,GEORGIA STATE UNIVERSITY,MIDTOWN MARTA,member
R105610,07/27/2026 18:03,27-Jul-2026 18:17,midtown marta,Georgia State University,member
R102838,06/28/2026 09:39,2026-06-28 09:55:47,Ponce City Market,Atlantic Station,casual
R104655,2026-07-17 08:44:00,17-Jul-2026 08:59,Atlantic Station,Midtown MARTA,member
R104900,07/19/2026 12:15,2026-07-19 12:21:45,Centennial Olympic Park,Georgia State University,member
R103674,2026-07-08 11:37:00,08-Jul-2026 11:54,Midtown MARTA,centennial olympic park,member
R103421,2026-07-05 08:37:00,2026-07-05 09:07:29,Midtown MARTA,Atlantic Station,casual
R100393,2026-06-04 11:25:00,2026-06-04 11:34:32,Ponce City Market,Krog Street Market,member
R102354,24-Jun-2026 16:46,2026-06-24 16:50:18,Midtown MARTA,Ponce City Market,member
R100336,2026-06-04 21:12:00,06/04/2026 21:15,West End,Atlantic Station,member
R100324,2026-06-04 16:10:00,2026-06-04 16:21:13,Atlantic Station,Georgia State University,member
R100194,2026-06-02 00:33:00,2026-06-02 00:48:27,Midtown MARTA,  Ponce City Market ,member
R104763,2026-07-18 09:40:00,2026-07-18 09:49:44,midtown marta,Piedmont Park,member
R102541,2026-06-25 17:12:00,2026-06-25 17:19:18,Grant Park,Midtown MARTA,member
R100062,2026-06-01 14:31:00,2026-06-01 14:40:00,Midtown MARTA,Georgia State University,member
R100283,03-Jun-2026 17:48,06/03/2026 17:57,Ponce City Market,Georgia State University,member
R100823,2026-06-09 17:21:00,06/09/2026 17:30,Midtown MARTA,Centennial Olympic Park,member
R105834,2026-07-29 18:17:00,2026-07-29 18:22:14,Ponce City Market,Georgia State University,member
R104405,2026-07-15 08:10:00,07/15/2026 08:21,Midtown MARTA,atlantic station,member
R104133,2026-07-12 08:49:00,2026-07-12 09:04:50,Georgia State University,Centennial Olympic Park,member
R100724,2026-06-08 07:48:00,2026-06-08 07:59:17,Piedmont Park,Ponce City Market,member
R100287,2026-06-03 07:36:00,06/03/2026 07:50,Krog Street Market,Midtown MARTA,member
R100337,06/04/2026 02:08,06/04/2026 02:23,  Centennial Olympic Park ,Grant Park,member
R101779,18-Jun-2026 17:51,2026-06-18 18:07:03,Georgia State University,Atlantic Station,member
R100306,03-Jun-2026 20:14,2026-06-03 20:23:11,Georgia State University,Midtown MARTA,member
R101999,20-Jun-2026 15:33,2026-06-20 15:37:02,Midtown MARTA,Piedmont Park,casual
R101711,2026-06-17 12:03:00,06/17/2026 12:23,Atlantic Station,Ponce City Market,casual
R104090,2026-07-11 05:47:00,2026-07-11 06:15:39,MIDTOWN MARTA,Little Five Points,casual
R102228,2026-06-22 16:36:00,2026-06-22 16:50:52,Little Five Points,West End,member
R100063,2026-06-01 09:45:00,06/01/2026 09:55,Midtown MARTA,Krog Street Market,casual
R101499,2026-06-15 11:29:00,2026-06-15 12:01:07,Centennial Olympic Park,Krog Street Market,casual
R103358,04-Jul-2026 16:39,2026-07-04 17:11:03,Krog Street Market,PONCE CITY MARKET,casual
R103582,07/07/2026 07:17,07/07/2026 07:33,Centennial Olympic Park,Georgia State University,member
R105469,25-Jul-2026 12:03,25-Jul-2026 12:13,centennial olympic park,Midtown MARTA,casual
R101596,06/16/2026 20:14,16-Jun-2026 20:25,  Ponce City Market ,Krog Street Market,member
R102645,26-Jun-2026 17:03,26-Jun-2026 17:03,Midtown MARTA,Midtown MARTA,member
R102852,2026-06-28 11:11:00,2026-06-28 11:14:49,Midtown MARTA,Ponce City Market,casual
R102297,06/23/2026 17:03,2026-06-23 17:19:24,Piedmont Park,Midtown MARTA,member
R102236,2026-06-22 13:41:00,06/22/2026 13:47,Midtown MARTA,  Georgia State University ,member
R103948,2026-07-10 11:07:00,2026-07-10 11:23:04,Little Five Points,georgia state university,casual
R100478,2026-06-05 17:55:00,2026-06-05 18:01:34,Little Five Points,Atlantic Station,member
R102277,2026-06-23 07:00:00,2026-06-23 07:16:31,Centennial Olympic Park,Georgia State University,member
R103705,2026-07-08 14:14:00,2026-07-08 14:23:27,Atlantic Station,Centennial Olympic Park,member
R101474,2026-06-15 17:26:00,2026-06-15 17:39:48,LITTLE FIVE POINTS,Midtown MARTA,member
R103879,09-Jul-2026 09:36,2026-07-09 09:47:02,  Atlantic Station ,Georgia State University,member
R105225,2026-07-22 12:34:00,2026-07-22 12:47:43,CENTENNIAL OLYMPIC PARK,Atlantic Station,member
R100693,06/07/2026 05:33,06/07/2026 05:33,ponce city market,ponce city market,casual
R100561,2026-06-06 13:35:00,2026-06-06 14:05:38,PONCE CITY MARKET,  Georgia State University ,casual
R101093,2026-06-11 08:23:00,2026-06-11 08:27:23,Midtown MARTA,grant park,member
R103448,2026-07-05 10:04:00,2026-07-05 10:38:46,Ponce City Market,Georgia State University,casual
R101537,2026-06-16 07:58:00,06/16/2026 08:11,Piedmont Park,GEORGIA STATE UNIVERSITY,casual
R105963,2026-07-30 12:53:00,07/30/2026 13:20,Little Five Points,Atlantic Station,casual
R101275,2026-06-13 09:45:00,2026-06-13 09:52:05,  Georgia State University ,ponce city market,member
R101478,06/15/2026 09:39,06/15/2026 10:07,  Ponce City Market ,Little Five Points,casual
R105933,2026-07-30 16:48:00,2026-07-30 17:04:36,Midtown MARTA,Piedmont Park,member
R100344,2026-06-04 22:17:00,2026-06-04 22:22:24,ponce city market,Georgia State University,member
R101249,2026-06-12 08:00:00,2026-06-12 08:15:15,Atlantic Station,Midtown MARTA,member
R100610,07-Jun-2026 17:50,2026-06-07 18:03:59,ponce city market,Midtown MARTA,member
R104627,17-Jul-2026 14:04,07/17/2026 14:15,Midtown MARTA,PONCE CITY MARKET,member
R102093,2026-06-21 14:05:00,2026-06-21 14:40:31,Little Five Points,  Midtown MARTA ,casual
R105558,2026-07-26 12:44:00,2026-07-26 12:44:00,Midtown MARTA,Midtown MARTA,casual
R104576,2026-07-16 15:14:00,2026-07-16 15:30:34,Little Five Points,  Centennial Olympic Park ,member
R103552,2026-07-06 19:11:00,2026-07-06 19:20:22,Midtown MARTA,Atlantic Station,member
R101388,06/14/2026 14:45,2026-06-14 15:32:09,Atlantic Station,Piedmont Park,casual
R103653,2026-07-07 16:02:00,2026-07-07 16:15:51,Centennial Olympic Park,Georgia State University,member
R104859,2026-07-19 08:13:00,2026-07-19 08:40:20,GEORGIA STATE UNIVERSITY,Midtown MARTA,casual
R101724,06/17/2026 20:08,2026-07-02 20:08:00,Atlantic Station,Ponce City Market,member
R105078,2026-07-21 11:46:00,2026-07-21 12:20:29,Krog Street Market,Ponce City Market,casual
R100405,2026-06-04 13:55:00,2026-06-04 14:04:44,Ponce City Market,Midtown MARTA,member
R105885,2026-07-29 16:26:00,2026-07-29 16:29:48,Midtown MARTA,Krog Street Market,member
R102194,2026-06-22 08:59:00,2026-06-22 09:08:39,Ponce City Market,Midtown MARTA,member
R105220,2026-07-22 08:44:00,2026-07-22 08:52:17,Midtown MARTA,Centennial Olympic Park,member
R101739,2026-06-18 09:52:00,2026-06-18 10:03:50,PONCE CITY MARKET,Atlantic Station,member
R102025,2026-06-21 12:26:00,06/21/2026 12:33,Atlantic Station,West End,casual
R102912,06/29/2026 08:03,2026-06-29 08:14:10,Atlantic Station,Ponce City Market,member
R103998,2026-07-10 08:03:00,2026-07-10 08:08:42,Piedmont Park,GEORGIA STATE UNIVERSITY,member
R103745,2026-07-08 07:24:00,2026-07-08 07:35:14,Georgia State University,MIDTOWN MARTA,member
R104980,07/20/2026 17:16,07/20/2026 17:33,Ponce City Market,Krog St. Market,member
R102111,2026-06-21 11:56:00,21-Jun-2026 12:25,  Georgia State University ,Midtown MARTA,casual
R103703,2026-07-08 18:01:00,2026-07-08 18:23:50,West End,Ponce City Market,casual
R100846,2026-06-09 08:19:00,09-Jun-2026 08:27,Midtown MARTA,Grant Park,member
R102611,2026-06-26 11:41:00,2026-06-26 11:53:21,Centennial Olympic Park,West End,
R102212,06/22/2026 10:24,22-Jun-2026 10:58,GEORGIA STATE UNIVERSITY,Centennial Olympic Pk,casual
R103465,06-Jul-2026 06:37,07/06/2026 06:56,Atlantic Station,Midtown MARTA,casual
R105809,07/29/2026 09:18,2026-07-29 09:37:10,Centennial Olympic Park,Midtown MARTA,member
R102744,2026-06-28 08:38:00,2026-06-28 08:49:16,Ponce City Market,Midtown MARTA,member
R102191,2026-06-22 07:56:00,2026-06-22 08:02:46,Atlantic Station,PIEDMONT PARK,
R101319,06/13/2026 11:22,2026-06-13 11:47:50,Little Five Points,Ponce City Market,casual
R105871,2026-07-29 04:25:00,29-Jul-2026 04:35,Atlantic Station,Centennial Olympic Park,member
R103607,2026-07-07 08:20:00,2026-07-07 08:20:00,Midtown MARTA,Midtown MARTA,member
R105442,2026-07-25 09:34:00,2026-07-25 09:34:00,Ponce City Market,Ponce City Market,member
R102794,2026-06-28 12:32:00,28-Jun-2026 12:45,Midtown MARTA,  Georgia State University ,member
R100934,2026-06-10 09:13:00,06/10/2026 09:36,Little Five Points,Midtown MARTA,
R100316,2026-06-04 18:06:00,04-Jun-2026 18:20,Atlantic Station,Midtown MARTA,member
R101500,2026-06-15 13:25:00,2026-06-15 13:30:27,ATLANTIC STATION,  Krog Street Market ,member
R103741,07/08/2026 04:22,2026-07-08 04:26:03,piedmont park,Georgia State University,member
R104416,2026-07-15 01:31:00,2026-07-15 01:48:33,Ponce City Market,Midtown MARTA,member
R104364,2026-07-14 12:11:00,2026-07-14 12:20:54,Georgia State University,Midtown MARTA,member
R103444,07/05/2026 12:24,2026-07-05 12:46:58,Georgia State University,Ponce City Market,casual
R103579,07/07/2026 17:39,07/07/2026 17:49,PONCE CITY MARKET,CENTENNIAL OLYMPIC PARK,member
R102589,06/26/2026 16:02,2026-06-26 16:10:04,Ponce City Market,Georgia State University,member
R101867,2026-06-19 22:18:00,2026-06-19 22:33:31,Atlantic Station,Ponce City Market,member
R100088,06/01/2026 09:28,2026-06-01 09:45:56,Midtown MARTA,  Centennial Olympic Park ,member
R102233,22-Jun-2026 09:59,2026-06-22 09:55:00,Midtown MARTA,Georgia State University,casual
R103277,2026-07-03 12:30:00,2026-07-03 12:42:19,  Georgia State University ,PIEDMONT PARK,member
R102600,2026-06-26 16:57:00,26-Jun-2026 17:11,Little Five Points,Centennial Olympic Park,member
R101426,15-Jun-2026 09:37,15-Jun-2026 09:50,GEORGIA STATE UNIVERSITY,  Atlantic Station ,member
R104351,2026-07-14 07:43:00,2026-07-14 07:58:24,Midtown MARTA,Atlantic Station,member
R104658,2026-07-17 17:40:00,2026-07-17 18:05:13,Midtown MARTA,Centennial Olympic Pk,casual
R102891,2026-06-29 20:05:00,2026-06-29 20:08:15,Ponce City Market,Georgia State University,member
R103524,2026-07-06 15:42:00,2026-07-06 15:36:00,Centennial Olympic Park,Georgia State University,member
R102130,2026-06-22 11:37:00,06/22/2026 11:45,Centennial Olympic Park,Atlantic Station,member
R104570,2026-07-16 11:32:00,2026-07-16 11:46:48,midtown marta,Georgia State University,member
R101798,2026-06-18 07:48:00,2026-06-18 08:04:45,MIDTOWN MARTA,Atlantic Station,member
R100173,2026-06-02 06:14:00,2026-06-02 06:22:23,Ponce City Market,Piedmont Pk,member
R103360,2026-07-04 08:30:00,2026-07-04 09:01:17,  Midtown MARTA ,Krog Street Market,casual
R103370,2026-07-04 07:46:00,2026-07-04 08:00:29,Atlantic Station,Centennial Olympic Park,member
R100260,2026-06-03 16:31:00,2026-06-03 16:53:58,Midtown MARTA,Grant Park,casual
R103666,2026-07-08 17:54:00,2026-07-08 18:01:56,Midtown MARTA,Atlantic Station,member
R100509,2026-06-05 17:23:00,2026-06-05 17:34:04,Krog Street Market,Midtown MARTA,casual
R105140,21-Jul-2026 19:59,2026-07-21 20:10:30,  Ponce City Market ,Grant Park,member
R104768,2026-07-18 15:11:00,2026-07-18 15:43:43,Midtown MARTA,Ponce City Market,casual
R105613,2026-07-27 13:38:00,27-Jul-2026 13:44,  Georgia State University ,Krog Street Market,member
R102298,2026-06-23 19:43:00,2026-06-23 20:06:38,Midtown MARTA,Grant Park,casual
R104630,07/17/2026 11:24,2026-07-17 11:31:30,Midtown MARTA,Georgia State University,member
R100325,2026-06-04 17:33:00,06/04/2026 17:49,Little Five Points,krog street market,member
R100037,2026-06-01 16:37:00,2026-06-01 16:46:23,Grant Park,Georgia State University,member
R103320,04-Jul-2026 17:34,2026-07-04 17:51:08,Atlantic Station,Georgia State University,casual
R102826,06/28/2026 21:30,06/28/2026 21:39,Midtown MARTA,Centennial Olympic Park,member
R104957,07/20/2026 01:13,07/20/2026 01:36,Ponce City Market,  Atlantic Station ,casual
R101341,14-Jun-2026 15:46,2026-06-14 16:01:39,Atlantic Station,midtown marta,casual
R102013,06/21/2026 09:22,2026-06-21 09:23:00,Midtown MARTA,Centennial Olympic Park,casual
R102870,2026-06-29 15:44:00,2026-06-29 15:52:32,Midtown MARTA,Centennial Olympic Pk,member
R104399,07/15/2026 06:14,2026-07-15 06:32:01,Atlantic Station,Ponce City Market,member
R101725,2026-06-17 13:41:00,2026-06-17 13:49:50,MIDTOWN MARTA,Ponce City Market,member
R102246,2026-06-23 12:58:00,2026-06-23 13:12:58,Ponce City Market,Midtown MARTA,member
R101691,2026-06-17 18:30:00,2026-06-17 18:44:01,Little Five Points,piedmont park,member
R100704,2026-06-07 05:14:00,06/07/2026 05:35,Midtown MARTA,Little Five Points,casual
R101526,2026-06-16 07:31:00,2026-07-02 07:31:00,Centennial Olympic Park,Midtown MARTA,member
R103844,2026-07-09 00:29:00,09-Jul-2026 00:41,  Georgia State University ,Midtown MARTA,member
R101183,12-Jun-2026 18:06,06/12/2026 18:27,Georgia State University,Midtown MARTA,casual
R104814,2026-07-19 08:02:00,2026-07-19 08:36:33,Atlantic Station,Georgia State University,casual
R104670,2026-07-17 19:18:00,2026-07-17 19:40:56,Ponce City Market,Atlantic Station,casual
R100970,06/10/2026 07:01,2026-06-10 07:13:59,Georgia State University,Midtown MARTA,member
R105015,2026-07-20 21:08:00,07/20/2026 21:22,  Midtown MARTA ,Little Five Points,member
R104196,13-Jul-2026 18:06,07/13/2026 18:17,Midtown MARTA,Georgia State University,member
R103201,07/02/2026 18:07,2026-07-02 18:15:29,Georgia State University,Midtown MARTA,member
R101390,06/14/2026 17:27,06/14/2026 17:27,midtown marta,midtown marta,member
R101075,06/11/2026 19:06,2026-06-11 19:20:54,Georgia State University,Ponce City Market,member
R105763,2026-07-28 17:15:00,2026-07-28 17:47:02,Ponce City Market,Georgia State University,casual
R103555,2026-07-06 07:01:00,2026-07-06 07:07:22,Centennial Olympic Park,Atlantic Station,member
R105552,2026-07-26 12:52:00,2026-07-26 12:57:38,Ponce City Market,CENTENNIAL OLYMPIC PARK,member
R105197,07/22/2026 03:07,2026-07-22 03:20:51,ponce city market,Piedmont Park,member
R103833,2026-07-09 16:55:00,07/09/2026 17:03,Centennial Olympic Park,Ponce City Market,member
R102587,2026-06-26 17:01:00,2026-06-26 17:20:27,Centennial Olympic Park,GEORGIA STATE UNIVERSITY,member
R100794,2026-06-08 08:03:00,06/08/2026 08:26,Midtown MARTA,Piedmont Park,casual
R102362,06/24/2026 20:43,06/24/2026 20:54,Georgia State University,Little Five Points,member
R105726,2026-07-27 18:20:00,2026-07-27 18:29:19,Krog Street Market,Georgia State University,member
R103836,07/09/2026 18:52,2026-07-09 19:02:43,Georgia State University,Little Five Points,member
R103060,2026-07-01 07:37:00,07/01/2026 07:46,Atlantic Station,Midtown MARTA,member
R105500,07/26/2026 14:53,07/26/2026 15:02,Atlantic Station,Piedmont Park,member
R105297,2026-07-23 08:17:00,2026-07-23 08:32:14,Centennial Olympic Park,Midtown MARTA,member
R104165,07/12/2026 14:23,12-Jul-2026 14:30,Piedmont Park,Ponce City Market,member
R100909,06/10/2026 04:40,2026-06-10 04:46:38,West End,Georgia State University,member
R100668,2026-06-07 19:23:00,06/07/2026 19:54,  Ponce City Market ,Midtown MARTA,casual
R105628,07/27/2026 06:17,07/27/2026 06:30,Georgia State University,Centennial Olympic Park,member
R104736,2026-07-18 06:11:00,2026-07-18 06:33:13,  Centennial Olympic Park ,PONCE CITY MARKET,casual
R101002,2026-06-10 10:02:00,2026-06-10 10:49:57,Midtown MARTA,WEST END,casual
R103891,2026-07-09 18:25:00,09-Jul-2026 18:44,midtown marta,Georgia State University,casual
R100774,2026-06-08 16:22:00,2026-06-08 16:38:53,georgia state university,Ponce City Market,member
R104867,19-Jul-2026 06:32,07/19/2026 06:43,Georgia State University,west end,member
R103601,2026-07-07 18:14:00,07/07/2026 18:19,Georgia State University,Midtown MARTA,member
R102524,2026-06-25 16:43:00,2026-06-25 16:49:04,Georgia State University,Ponce City Market,member
R101809,2026-06-19 16:31:00,2026-06-19 16:38:22,KROG STREET MARKET,Atlantic Station,member
R100860,2026-06-09 14:04:00,2026-06-09 14:12:51,  West End ,midtown marta,member
R105925,2026-07-30 16:03:00,30-Jul-2026 16:16,Ponce City Market,Midtown MARTA,casual
R100461,2026-06-05 06:14:00,2026-06-05 06:31:05,Ponce City Market,Georgia State University,member
R104930,2026-07-20 15:53:00,2026-07-20 16:09:57,Ponce City Market,Centennial Olympic Park,member
R102450,2026-06-24 09:10:00,2026-07-13 09:10:00,Atlantic Station,Georgia State University,casual
R104183,07/13/2026 10:46,2026-07-13 11:04:21,Grant Park,Ponce City Market,casual
R103963,2026-07-10 19:23:00,2026-07-10 19:34:41,Ponce City Market,Midtown MARTA,member
R100151,2026-06-02 17:54:00,2026-06-02 18:05:14,Centennial Olympic Park,Ponce City Market,member
R103183,2026-07-02 18:58:00,2026-07-02 19:06:41,MIDTOWN MARTA,Georgia State University,member
R102974,2026-06-30 06:24:00,2026-06-30 06:35:10,Midtown MARTA,Centennial Olympic Park,member
R104005,2026-07-10 18:05:00,07/10/2026 18:11,  Ponce City Market ,Centennial Olympic Park,member
R105712,07/27/2026 18:35,2026-07-27 18:46:53,Midtown MARTA,Ponce City Market,member
R100139,2026-06-02 14:05:00,06/02/2026 14:17,Grant Park,Midtown MARTA,member
R105418,2026-07-25 12:55:00,2026-07-25 13:09:35,Atlantic Station,Ponce City Market,casual
R102508,2026-06-25 07:20:00,2026-06-25 07:30:37,West End,Midtown MARTA,member
R102535,06/25/2026 05:40,2026-06-25 05:52:16,Ponce City Market,Midtown MARTA,member
R104519,2026-07-16 13:44:00,2026-07-16 14:01:46,  Atlantic Station ,Georgia State University,casual
R105387,2026-07-24 07:49:00,2026-07-24 08:16:43,Midtown MARTA,Piedmont Park,casual
R105750,07/28/2026 16:58,2026-08-03 16:58:00,Georgia State University,Midtown MARTA,member
R103931,2026-07-10 20:33:00,07/10/2026 20:46,centennial olympic park,  Midtown MARTA ,member
R105804,07/29/2026 07:18,2026-07-29 07:26:15,WEST END,Midtown MARTA,
R101057,06/11/2026 07:35,06/11/2026 07:47,KROG STREET MARKET,  Georgia State University ,casual
R104888,2026-07-19 08:42:00,2026-07-19 08:53:16,Centennial Olympic Park,KROG STREET MARKET,member
R103073,2026-07-01 14:19:00,2026-07-01 14:28:05,Georgia State University,,member
R100480,2026-06-05 15:41:00,2026-06-05 16:27:55,Little Five Points,Ponce City Market,casual
R105911,2026-07-30 08:18:00,2026-07-30 08:30:22,MIDTOWN MARTA,Centennial Olympic Park,member
R100993,06/10/2026 10:43,2026-06-10 10:54:46,Centennial Olympic Park,Piedmont Park,member
R102825,2026-06-28 17:06:00,2026-06-28 17:52:17,Grant Park,PONCE CITY MARKET,casual
R103815,07/09/2026 07:49,07/09/2026 08:02,georgia state university,,member
R103461,2026-07-05 13:30:00,07/05/2026 13:39,Piedmont Park,Centennial Olympic Park,casual
R100567,2026-06-06 07:44:00,2026-06-06 08:04:20,Georgia State University,Ponce City Market,casual
R103398,07/05/2026 05:51,2026-07-05 05:48:00,Atlantic Station,Ponce City Market,member
R103903,2026-07-10 08:19:00,2026-07-10 08:36:44,Midtown MARTA,  Ponce City Market ,casual
R101831,2026-06-19 18:38:00,06/19/2026 19:05,Midtown MARTA,Piedmont Park,casual
R102626,2026-06-26 22:17:00,2026-06-26 22:23:20,Piedmont Park,ATLANTIC STATION,member
R105193,2026-07-22 08:42:00,2026-07-22 08:50:30,Midtown MARTA,piedmont park,member
R101489,2026-06-15 16:23:00,2026-06-15 16:57:00,Midtown MARTA,centennial olympic park,casual
R101818,2026-06-19 23:24:00,2026-06-19 23:52:15,Georgia State University,Midtown MARTA,casual
R104551,07/16/2026 06:34,2026-07-16 06:39:20,Midtown MARTA,Centennial Olympic Park,member
R102595,2026-06-26 08:25:00,2026-06-26 08:26:47,ATLANTIC STATION,Midtown MARTA,member
R105378,2026-07-24 07:19:00,2026-07-24 07:30:50,Midtown MARTA,Atlantic Station,member
R101915,2026-06-19 21:27:00,2026-06-19 21:40:08,Atlantic Station,Ponce City Market,member
R105910,2026-07-30 06:43:00,30-Jul-2026 06:49,atlantic station,Midtown MARTA,member
R103313,04-Jul-2026 15:25,2026-07-04 15:47:44,Centennial Olympic Park,PIEDMONT PARK,casual
R102745,2026-06-28 11:56:00,06/28/2026 12:08,  Midtown MARTA ,PONCE CITY MARKET,member
R103886,09-Jul-2026 09:32,2026-07-09 09:44:14,Ponce City Market,  Midtown MARTA ,member
R101828,2026-06-19 09:05:00,2026-06-19 09:17:10,Georgia State University,Little Five Points,member
R103693,07/08/2026 07:41,2026-07-08 07:51:39,Midtown MARTA,ATLANTIC STATION,member
R101591,06/16/2026 20:15,2026-06-16 20:22:34,Georgia State University,Midtown MARTA,member
R104588,17-Jul-2026 15:52,2026-07-17 16:01:25,Ponce City Market,PIEDMONT PARK,member
R101565,2026-06-16 07:06:00,2026-06-16 07:06:00,Midtown MARTA,Midtown MARTA,member
R104131,07/12/2026 18:12,2026-07-12 18:33:39,Krog Street Market,Centennial Olympic Park,casual
R102197,2026-06-22 07:05:00,06/22/2026 07:09,Georgia State University,Centennial Olympic Park,member
R103932,2026-07-10 18:27:00,07/10/2026 18:36,Ponce City Market,Atlantic Station,member
R102107,06/21/2026 15:24,2026-06-21 15:33:02,Ponce City Market,West End,member
R100681,06/07/2026 15:08,07-Jun-2026 15:36,West End,Midtown MARTA,
R103695,08-Jul-2026 17:37,07/08/2026 18:10,centennial olympic park,Grant Park,casual
R103994,2026-07-10 19:01:00,2026-07-10 19:33:46,Ponce City Market,Midtown MARTA,casual
R105789,2026-07-28 06:31:00,07/28/2026 06:40,  Midtown MARTA ,Georgia State University,member
R100180,2026-06-02 18:35:00,2026-06-02 18:46:26,Centennial Olympic Park,Georgia State University,member
R103368,07/04/2026 16:56,07/04/2026 17:10,Ponce City Market,Krog Street Market,member
R100380,2026-06-04 11:36:00,06/04/2026 12:17,Georgia State University,Ponce City Market,casual
R102101,2026-06-21 18:17:00,2026-06-21 19:11:07,Georgia State University,Little Five Points,casual
R103364,2026-07-04 10:09:00,2026-07-04 10:18:13,KROG STREET MARKET,PONCE CITY MARKET,member
R103944,2026-07-10 06:29:00,07/10/2026 06:38,Centennial Olympic Park,  Georgia State University ,casual
R100014,2026-06-01 20:22:00,06/01/2026 20:33,Midtown MARTA,Georgia State University,member
R101014,2026-06-11 07:49:00,11-Jun-2026 07:59,Midtown MARTA,Georgia State University,
R100758,2026-06-08 18:07:00,2026-06-08 18:20:48,MIDTOWN MARTA,Piedmont Park,member
R102282,2026-06-23 09:43:00,06/23/2026 09:54,Georgia State University,Atlantic Station,member
R102327,2026-06-24 14:49:00,06/24/2026 15:03,Piedmont Park,Ponce City Market,member
R100973,2026-06-10 09:47:00,2026-06-10 10:11:52,Krog Street Market,Little Five Points,casual
R102740,28-Jun-2026 14:30,2026-06-28 14:43:01,Georgia State University,Centennial Olympic Park,member
R100560,2026-06-06 15:16:00,2026-06-06 15:26:02,Georgia State University,Krog Street Market,casual
R100659,2026-06-07 17:48:00,06/07/2026 18:04,West End,  Ponce City Market ,member
R104141,07/12/2026 14:33,07/12/2026 14:33,Midtown MARTA,Midtown MARTA,casual
R102170,2026-06-22 19:35:00,2026-06-22 19:42:07,Midtown MARTA,Ponce City Market,member
R100521,06/06/2026 12:51,2026-06-06 13:07:18,Centennial Olympic Park,Midtown MARTA,member
R101403,2026-06-14 09:35:00,14-Jun-2026 09:40,Georgia State University,PIEDMONT PARK,member
R104398,2026-07-15 13:15:00,2026-07-15 13:15:00,Georgia State University,Georgia State University,member
R100988,06/10/2026 10:18,2026-06-10 10:25:20,Georgia State University,Ponce City Market,member
R105574,2026-07-26 11:21:00,2026-07-26 11:29:06,Ponce City Market,Atlantic Station,member
R102563,25-Jun-2026 10:04,2026-06-25 10:22:22,Little Five Points,Ponce City Market,casual
R105443,2026-07-25 21:54:00,2026-07-25 22:12:47,Centennial Olympic Park,Midtown MARTA,casual
R104639,2026-07-17 17:06:00,07/17/2026 17:07,Georgia State University,Midtown MARTA,member
R102562,2026-06-25 17:04:00,2026-06-25 17:10:31,Midtown MARTA,Piedmont Park,member
R100261,2026-06-03 07:26:00,2026-06-03 07:37:01,Georgia State University,Midtown MARTA,member
R100596,2026-06-07 15:43:00,2026-06-07 16:19:27,Centennial Olympic Park,Georgia State University,casual
R105393,07/24/2026 17:09,24-Jul-2026 17:23,Midtown MARTA,Centennial Olympic Park,member
R101754,06/18/2026 02:54,06/18/2026 02:54,Ponce City Market,Ponce City Market,member
R101321,13-Jun-2026 15:45,2026-06-13 16:23:52,Piedmont Pk,Atlantic Station,casual
R101165,12-Jun-2026 18:43,2026-06-12 18:50:46,Ponce City Market,Midtown MARTA,member
R101547,2026-06-16 07:42:00,2026-06-16 07:49:53,Ponce City Market,Midtown MARTA,member
R103359,2026-07-04 15:38:00,2026-07-04 15:48:21,Centennial Olympic Park,Ponce City Market,member
R105430,07/25/2026 08:42,2026-07-25 08:48:23,Ponce City Market,MIDTOWN MARTA,
R102146,22-Jun-2026 19:27,2026-06-22 19:40:47,Centennial Olympic Park,Ponce City Market,casual
R105597,07/26/2026 11:58,2026-07-26 12:19:04,Centennial Olympic Park,Little Five Points,casual
R103022,2026-07-01 16:12:00,2026-07-01 16:22:52,Midtown MARTA,Ponce City Market,member
R103193,07/02/2026 13:03,07/02/2026 13:27,  Midtown MARTA ,Georgia State University,casual
R103898,2026-07-10 04:54:00,2026-07-10 05:04:31,Georgia State University,Atlantic Station,member
R105564,07/26/2026 16:28,2026-07-26 16:29:00,midtown marta,Georgia State University,member
R101154,06/12/2026 17:02,06/12/2026 17:12,Midtown MARTA,  Georgia State University ,member
R105491,2026-07-26 03:45:00,2026-07-26 03:56:56,Centennial Olympic Park,Krog Street Market,member
R103569,2026-07-07 19:07:00,2026-07-07 19:28:08,Georgia State University,Midtown MARTA,casual
R103061,07/01/2026 20:33,2026-07-01 20:48:35,Ponce City Market,Midtown MARTA,member
R101875,06/19/2026 08:00,2026-06-19 08:14:31,Ponce City Market,  Little Five Points ,member
R105232,07/22/2026 07:55,2026-07-22 08:03:50,krog street market,Centennial Olympic Park,member
R100153,2026-06-02 18:28:00,2026-06-02 18:34:51,Midtown MARTA,Centennial Olympic Park,member
R101357,2026-06-14 15:42:00,2026-06-14 16:19:16,Atlantic Station,Centennial Olympic Park,casual
R103644,07-Jul-2026 07:29,2026-07-07 07:48:41,Atlantic Station,Ponce City Market,casual
R100070,06/01/2026 08:31,2026-06-01 08:46:23,centennial olympic park,Midtown MARTA,member
R101338,2026-06-14 14:34:00,2026-06-14 14:25:00,Midtown MARTA,Georgia State University,casual
R103462,2026-07-05 11:32:00,2026-07-05 11:41:08,Midtown MARTA,Krog Street Market,member
R105981,2026-07-30 18:16:00,2026-07-30 18:34:25,Krog Street Market,Georgia State University,member
R100706,08-Jun-2026 21:28,2026-06-08 21:51:50,Midtown MARTA,Centennial Olympic Park,casual
R104962,2026-07-20 08:57:00,2026-07-20 09:06:26,Midtown MARTA,Ponce City Market,member
R105312,23-Jul-2026 17:08,07/23/2026 17:24,ponce city market,Atlantic Station,member
R100171,2026-06-02 08:58:00,02-Jun-2026 09:17,Georgia State University,Ponce City Market,member
R100285,2026-06-03 00:36:00,2026-06-03 00:55:16,Ponce City Market,Midtown MARTA,
R101652,2026-06-17 17:02:00,2026-06-17 17:12:38,Piedmont Park,Ponce City Market,member
R102664,2026-06-27 20:19:00,27-Jun-2026 20:35,PIEDMONT PARK,Atlantic Station,casual
R102711,2026-06-27 22:54:00,27-Jun-2026 23:22,  Atlantic Station ,Midtown MARTA,casual
R102649,2026-06-26 17:22:00,26-Jun-2026 17:33,Atlantic Station,MIDTOWN MARTA,member
R104542,07/16/2026 13:52,2026-07-16 14:34:48,Little Five Points,Ponce City Market,casual
R105347,2026-07-24 07:08:00,2026-08-12 07:08:00,Centennial Olympic Park,Midtown MARTA,member
R104144,2026-07-12 06:23:00,2026-07-12 06:51:05,Piedmont Park,Georgia State University,casual
R102566,2026-06-25 18:46:00,2026-06-25 18:51:03,GEORGIA STATE UNIVERSITY,Ponce City Market,member
R101101,2026-06-11 12:24:00,2026-06-11 12:38:15,Piedmont Park,Atlantic Station,member
R100058,06/01/2026 08:22,06/01/2026 08:41,West End,Centennial Olympic Park,casual
R105545,2026-07-26 18:47:00,2026-07-26 19:02:47,Ponce City Market,Midtown MARTA,member
R100458,2026-06-05 18:27:00,2026-06-05 18:40:23,Midtown MARTA,Piedmont Park,member
R105703,2026-07-27 12:43:00,2026-07-27 12:56:42,Centennial Olympic Park,Ponce City Market,member
R104041,07/11/2026 22:06,11-Jul-2026 22:19,Ponce City Market,Centennial Olympic Park,member
R105517,07/26/2026 13:12,2026-07-26 13:26:59,Krog Street Market,Atlantic Station,member
R101272,06/13/2026 13:59,2026-06-13 14:06:45,Ponce City Market,Midtown MARTA,member
R102858,2026-06-29 07:14:00,2026-06-29 07:24:28,Piedmont Park,West End,member
R104211,2026-07-13 08:51:00,2026-07-13 09:05:00,Midtown MARTA,Georgia State University,member
R104195,13-Jul-2026 18:37,2026-07-13 18:53:23,Midtown MARTA,Georgia State University,member
R104353,07/14/2026 17:00,2026-07-14 17:25:35,Atlantic Station,Midtown MARTA,casual
R104979,07/20/2026 20:52,20-Jul-2026 21:03,Midtown MARTA,  Centennial Olympic Park ,member
R101895,2026-06-19 15:25:00,2026-06-19 15:33:36,Midtown MARTA,  Ponce City Market ,member
R103177,02-Jul-2026 06:16,2026-07-02 06:29:53,Atlantic Station,Midtown MARTA,member
R101684,2026-06-17 20:25:00,06/17/2026 20:52,Centennial Olympic Park,Midtown MARTA,casual
R102980,2026-06-30 08:44:00,2026-06-30 08:52:29,Midtown MARTA,Georgia State University,member
R100832,06/09/2026 08:01,2026-06-09 08:37:49,Atlantic Station,Georgia State University,casual
R102755,2026-06-28 04:45:00,06/28/2026 04:58,Piedmont Park,Atlantic Station,member
R102420,2026-06-24 20:27:00,2026-06-24 20:56:50,Piedmont Park,Ponce City Market,casual
R101397,2026-06-14 09:19:00,2026-06-14 09:30:28,Atlantic Station,Midtown MARTA,member
R100641,2026-06-07 11:46:00,06/07/2026 11:58,Little Five Points,CENTENNIAL OLYMPIC PARK,member
R102135,2026-06-22 19:03:00,06/22/2026 19:20,Midtown MARTA,Georgia State University,member
R105751,2026-07-28 19:23:00,2026-07-28 19:26:53,Centennial Olympic Park,Piedmont Park,member
R105820,29-Jul-2026 18:36,07/29/2026 18:50,Midtown MARTA,Georgia State University,member
R102415,2026-06-24 08:41:00,24-Jun-2026 08:52,Atlantic Station,Georgia State University,member
R100538,06/06/2026 17:06,2026-06-06 17:16:34,Ponce City Market,Centennial Olympic Park,member
R102122,06/22/2026 06:33,2026-06-22 06:46:57,Georgia State University,Ponce City Market,member
R102900,2026-06-29 16:38:00,2026-06-29 16:53:05,ATLANTIC STATION,Midtown MARTA,member
R100762,2026-06-08 08:33:00,08-Jun-2026 08:51,Krog Street Market,Grant Park,member
R105568,2026-07-26 12:54:00,07/26/2026 13:05,Krog St. Market,Midtown MARTA,member
R101641,06/17/2026 17:49,2026-06-17 17:59:44,piedmont park,Ponce City Market,member
R104765,07/18/2026 13:06,2026-07-18 13:35:01,Centennial Olympic Park,Ponce City Market,casual
R101003,2026-06-10 06:53:00,2026-06-10 07:00:33,Midtown MARTA,Atlantic Station,member
R101657,2026-06-17 17:01:00,2026-06-17 17:12:38,Centennial Olympic Park,Georgia State University,member
R101222,2026-06-12 19:23:00,2026-06-21 19:23:00,Georgia State University,Midtown MARTA,member
R105017,07/20/2026 06:43,2026-07-20 06:49:41,Ponce City Market,West End,member
R100620,2026-06-07 09:11:00,06/07/2026 09:53,Midtown MARTA,Ponce City Market,casual
R104332,2026-07-14 07:30:00,2026-07-14 07:30:00,Midtown MARTA,Midtown MARTA,member
R102140,2026-06-22 17:22:00,2026-06-22 17:37:26,Centennial Olympic Park,  Georgia State University ,member
R104366,2026-07-14 20:57:00,2026-07-14 21:10:34,Midtown MARTA,Centennial Olympic Park,casual
R105464,25-Jul-2026 19:26,2026-07-25 19:28:17,GEORGIA STATE UNIVERSITY,PONCE CITY MARKET,member
R104878,07/19/2026 15:22,2026-07-19 15:23:00,  Centennial Olympic Park ,Georgia State University,casual
R105313,2026-07-23 18:08:00,2026-07-23 18:12:24,georgia state university,Ponce City Market,member
R103973,2026-07-10 17:01:00,2026-07-10 17:01:00,GEORGIA STATE UNIVERSITY,GEORGIA STATE UNIVERSITY,member
R101939,2026-06-20 07:28:00,06/20/2026 07:29,  Midtown MARTA ,Atlantic Station,member
R101892,2026-06-19 17:51:00,2026-06-19 18:00:55,Midtown MARTA,Ponce City Market,casual
R100507,2026-06-05 08:56:00,2026-06-05 09:10:32,Ponce City Market,Centennial Olympic Park,member
R100785,2026-06-08 07:39:00,2026-06-08 07:57:33,Centennial Olympic Park,Midtown MARTA,member
R101414,2026-06-14 14:51:00,06/14/2026 14:57,Georgia State University,Piedmont Park,casual
R104450,2026-07-15 20:14:00,07/15/2026 20:30,Ponce City Market,Georgia State University,member
R100281,06/03/2026 16:59,2026-06-03 17:22:37,Midtown MARTA,Ponce City Market,casual
R105513,07/26/2026 09:49,2026-07-26 10:05:58,Ponce City Market,  Midtown MARTA ,member
R100775,2026-06-08 17:07:00,2026-06-08 17:34:03,Atlantic Station,Ponce City Market,casual
R105037,2026-07-21 07:51:00,2026-07-21 07:59:21,Georgia State University,MIDTOWN MARTA,member
R102906,2026-06-29 19:48:00,06/29/2026 20:00,Piedmont Park,Midtown MARTA,member
R103854,2026-07-09 07:27:00,2026-07-09 07:43:18,Atlantic Station,Midtown MARTA,casual
R101799,06/18/2026 06:42,06/18/2026 06:59,Ponce City Market,Midtown MARTA,member
R100225,2026-06-03 23:31:00,06/03/2026 23:37,Piedmont Park,West End,member
R103608,2026-07-07 09:02:00,2026-07-07 09:19:55,Georgia State University,Atlantic Station,member
R101782,2026-06-18 11:04:00,2026-06-18 11:12:41,Ponce City Market,LITTLE FIVE POINTS,member
R102340,2026-06-24 08:37:00,2026-06-24 08:48:00,Midtown MARTA,Centennial Olympic Park,member
R105907,07/30/2026 09:38,2026-07-30 09:58:12,Centennial Olympic Park,Ponce City Market,member
R102187,2026-06-22 09:50:00,2026-06-22 10:08:29,Ponce City Market,Midtown MARTA,casual
R101792,2026-06-18 21:25:00,06/18/2026 21:40,Georgia State University,Midtown MARTA,member
R101482,2026-06-15 08:02:00,2026-06-15 08:14:27,Georgia State University,Atlantic Station,member
R101914,2026-06-19 18:06:00,2026-06-19 18:23:31,midtown marta,Ponce City Market,casual
R105476,2026-07-25 16:54:00,2026-07-25 17:00:20,Midtown MARTA,Ponce City Market,member
R101899,2026-06-19 18:48:00,2026-06-19 19:02:16,Ponce City Market,  Midtown MARTA ,member
R101317,2026-06-13 12:22:00,2026-06-13 12:46:01,  Ponce City Market ,Georgia State University,casual
R104688,2026-07-17 08:02:00,2026-07-17 08:21:09,centennial olympic park,Krog Street Market,member
R100966,2026-06-10 05:34:00,2026-06-10 05:48:55,Ponce City Market,Centennial Olympic Park,member
R100513,2026-06-05 08:35:00,2026-06-05 08:51:29,Atlantic Station,Georgia State University,member
R105032,2026-07-21 00:43:00,07/21/2026 00:49,Ponce City Market,Midtown MARTA,member
R102939,2026-06-29 08:50:00,06/29/2026 09:03,Centennial Olympic Park,Midtown MARTA,member
R102492,2026-06-25 08:46:00,2026-06-25 08:54:00,Georgia State University,Ponce City Market,member
R102934,06/29/2026 18:43,2026-06-29 18:46:41,Midtown MARTA,GEORGIA STATE UNIVERSITY,member
R103281,03-Jul-2026 12:30,2026-07-03 12:41:39,Ponce City Market,centennial olympic park,member
R101519,2026-06-15 11:08:00,2026-06-15 11:29:04,Ponce City Market,Little Five Points,casual
R105924,2026-07-30 08:32:00,2026-07-30 08:51:11,Midtown MARTA,Ponce City Market,casual
R102851,2026-06-28 11:33:00,2026-06-28 11:41:32,KROG STREET MARKET,Georgia State University,member
R105589,07/26/2026 15:17,2026-07-26 15:35:12,Georgia State University,  Ponce City Market ,member
R100559,2026-06-06 12:05:00,2026-06-06 12:19:34,GRANT PARK,West End,member
R105764,2026-07-28 15:15:00,2026-07-28 15:26:44,Midtown MARTA,Krog Street Market,member
R103270,2026-07-03 07:20:00,03-Jul-2026 07:39,piedmont park,Midtown MARTA,casual
R102328,06/24/2026 21:49,2026-06-24 21:53:23,West End,Georgia State University,member
R103883,07/09/2026 09:22,2026-07-09 09:34:59,Ponce City Market,Georgia State University,member
R102252,06/23/2026 09:15,2026-06-23 09:35:50,Ponce City Market,GEORGIA STATE UNIVERSITY,member
R100886,09-Jun-2026 12:12,2026-06-09 12:22:56,Georgia State University,Ponce City Market,
R102112,21-Jun-2026 16:37,2026-06-21 16:47:45,Piedmont Park,MIDTOWN MARTA,member
R102726,2026-06-27 07:13:00,27-Jun-2026 07:21,Krog Street Market,Centennial Olympic Park,member
R101126,06/11/2026 13:21,11-Jun-2026 13:29,Midtown MARTA,Centennial Olympic Park,member
R103086,07/01/2026 09:16,2026-07-01 09:23:38,Midtown MARTA,Centennial Olympic Park,member
R101715,2026-06-17 07:50:00,2026-06-17 08:22:49,Centennial Olympic Park,Ponce City Market,casual
R103724,07/08/2026 09:12,07/08/2026 09:28,Centennial Olympic Park,Atlantic Station,member
R105097,2026-07-21 16:11:00,2026-08-04 16:11:00,Piedmont Park,Midtown MARTA,casual
R100603,2026-06-07 19:10:00,07-Jun-2026 19:32,Centennial Olympic Park,Georgia State University,member
R104021,2026-07-11 13:33:00,07/11/2026 13:57,Georgia State University,,casual
R104909,07/19/2026 14:53,2026-07-19 14:59:36,Georgia State University,Midtown MARTA,member
R101227,2026-06-12 18:09:00,06/12/2026 18:20,Georgia State University,Piedmont Park,member
R101166,06/12/2026 20:53,12-Jun-2026 21:09,Midtown MARTA,Centennial Olympic Park,member
R103971,10-Jul-2026 12:31,2026-07-10 12:41:28,Midtown MARTA,Ponce City Market,member
R100726,2026-06-08 12:35:00,2026-06-08 12:48:04,Georgia State University,CENTENNIAL OLYMPIC PARK,member
R102176,2026-06-22 09:41:00,2026-06-22 10:01:31,Midtown MARTA,Ponce City Market,casual
R103851,2026-07-09 16:52:00,09-Jul-2026 17:03,Ponce City Market,MIDTOWN MARTA,member
R105672,2026-07-27 22:06:00,07/27/2026 22:14,Ponce City Market,Atlantic Station,member
R101502,2026-06-15 07:28:00,2026-06-15 07:36:37,Midtown MARTA,Georgia State University,member
R104841,2026-07-19 13:12:00,2026-07-19 13:21:38,PONCE CITY MARKET,Centennial Olympic Park,member
R103718,2026-07-08 19:29:00,2026-07-08 19:30:00,Ponce City Market,Midtown MARTA,
R104749,18-Jul-2026 10:45,2026-07-18 10:59:27,Ponce City Market,Midtown MARTA,member
R103309,2026-07-04 08:35:00,2026-07-04 08:44:23,Midtown MARTA,centennial olympic park,member
R102374,2026-06-24 14:32:00,2026-06-24 14:49:21,Little Five Points,Georgia State University,member
R100243,2026-06-03 18:18:00,06/03/2026 18:38,MIDTOWN MARTA,Atlantic Station,member
R102338,2026-06-24 09:58:00,2026-06-24 10:05:43,Ponce City Market,Atlantic Station,member
R103991,10-Jul-2026 12:57,2026-07-10 13:10:55,Ponce City Market,Atlantic Station,member
R104302,2026-07-14 19:55:00,07/14/2026 20:03,Midtown MARTA,PONCE CITY MARKET,casual
R104890,2026-07-19 16:31:00,2026-07-19 16:48:52,ATLANTIC STATION,Ponce City Market,casual
R102663,2026-06-27 21:03:00,2026-06-27 21:48:49,Ponce City Market,Atlantic Station,casual
R104466,2026-07-16 18:05:00,07/16/2026 18:18,Georgia State University,Ponce City Market,member
R104247,2026-07-13 18:08:00,2026-07-13 18:12:42,Ponce City Market,Little Five Points,member
R102661,2026-06-27 11:14:00,2026-06-27 11:17:41,Ponce City Market,Midtown MARTA,casual
R100930,2026-06-10 18:57:00,06/10/2026 19:05,Ponce City Market,Centennial Olympic Park,member
R103078,07/01/2026 17:49,07/01/2026 18:20,Piedmont Park,Georgia State University,casual
R101650,2026-06-17 10:03:00,2026-06-17 10:13:01,Midtown MARTA,Atlantic Station,member
R100657,06/07/2026 07:32,2026-06-07 07:56:24,Centennial Olympic Park,  Midtown MARTA ,casual
R104673,2026-07-17 09:07:00,2026-07-17 09:14:33,Piedmont Park,Centennial Olympic Park,member
R103603,2026-07-07 17:40:00,2026-07-07 17:50:36,Midtown MARTA,Georgia State University,member
R105431,25-Jul-2026 01:28,2026-07-25 01:43:24,Centennial Olympic Park,Krog Street Market,casual
R102342,2026-06-24 08:23:00,06/24/2026 08:28,Atlantic Station,Ponce City Market,member
R104977,2026-07-20 09:37:00,2026-07-20 09:50:27,PONCE CITY MARKET,Midtown MARTA,member
R101881,2026-06-19 16:44:00,2026-06-19 17:14:31,Centennial Olympic Park,Ponce City Market,casual
R105468,2026-07-25 13:37:00,2026-07-25 14:13:21,Ponce City Market,Midtown MARTA,casual
R101566,06/16/2026 06:40,16-Jun-2026 06:48,Midtown MARTA,Centennial Olympic Park,member
R104388,07/15/2026 19:37,2026-07-15 19:47:00,LITTLE FIVE POINTS,Ponce City Market,member
R102253,2026-06-23 05:00:00,2026-06-23 05:05:37,Georgia State University,Grant Park,member
R103580,2026-07-07 16:56:00,07/07/2026 17:08,Ponce City Market,GEORGIA STATE UNIVERSITY,member
R100617,2026-06-07 11:25:00,2026-06-07 11:55:52,Ponce City Market,piedmont park,casual
R102788,2026-06-28 14:01:00,06/28/2026 14:29,Georgia State University,ATLANTIC STATION,casual
R105878,2026-07-29 20:06:00,29-Jul-2026 20:16,Atlantic Station,Georgia State University,member
R101205,2026-06-12 11:14:00,2026-06-12 11:26:56,MIDTOWN MARTA,georgia state university,member
R101680,2026-06-17 09:30:00,2026-06-17 09:40:03,Ponce City Market,GEORGIA STATE UNIVERSITY,member
R103785,2026-07-09 18:07:00,2026-07-30 18:07:00,Georgia State University,Little Five Points,casual
R100192,06/02/2026 10:57,2026-06-02 11:09:47,Ponce City Market,georgia state university,member
R101237,2026-06-12 11:40:00,2026-06-12 11:54:29,Georgia State University,Atlantic Station,member
R105324,07/24/2026 08:15,2026-07-24 08:55:06,Little Five Points,Georgia State University,casual
R103717,2026-07-08 17:11:00,07/08/2026 17:30,PONCE CITY MARKET,Georgia State University,casual
R100983,2026-06-10 16:13:00,06/10/2026 16:24,Ponce City Market,Midtown MARTA,member
R103213,03-Jul-2026 07:11,2026-07-03 07:18:41,Ponce City Market,Midtown MARTA,member
R103108,2026-07-02 09:57:00,2026-07-02 10:09:55,Georgia State University,LITTLE FIVE POINTS,member
R102006,2026-06-20 09:52:00,2026-06-20 10:30:57,Midtown MARTA,Centennial Olympic Park,casual
R102267,2026-06-23 13:15:00,2026-06-23 13:24:09,GEORGIA STATE UNIVERSITY,Midtown MARTA,member
R101448,2026-06-15 00:35:00,06/15/2026 00:43,Atlantic Station,Centennial Olympic Park,member
R105306,07/23/2026 05:29,23-Jul-2026 05:36,Midtown MARTA,Ponce City Market,member
R100523,2026-06-06 16:17:00,06/06/2026 16:45,Midtown MARTA,Ponce City Market,casual
R101870,2026-06-19 09:43:00,2026-06-28 09:43:00,Georgia State University,Centennial Olympic Park,casual
R100969,10-Jun-2026 20:30,06/10/2026 20:42,Ponce City Market,atlantic station,member
R105036,2026-07-21 21:19:00,07/21/2026 21:28,Ponce City Market,Atlantic Station,member
R103043,2026-07-01 16:40:00,2026-07-01 16:46:28,Ponce City Market,PIEDMONT PARK,member
R102422,2026-06-24 18:49:00,2026-06-24 19:02:23,GEORGIA STATE UNIVERSITY,Ponce City Market,member
R100449,06/05/2026 08:14,2026-06-05 08:22:58,piedmont park,Midtown MARTA,member
R103535,07/06/2026 11:05,2026-07-06 11:15:46,GEORGIA STATE UNIVERSITY,Midtown MARTA,member
R104223,2026-07-13 12:37:00,2026-07-13 13:01:35,Ponce City Market,Midtown MARTA,casual
R100003,2026-06-01 11:40:00,2026-06-01 12:16:37,Midtown MARTA,GEORGIA STATE UNIVERSITY,casual
R102570,2026-06-25 14:02:00,06/25/2026 14:32,Krog Street Market,Ponce City Market,casual
R104818,2026-07-19 15:12:00,07/19/2026 15:38,Midtown MARTA,,casual
R103157,2026-07-02 09:57:00,2026-07-02 10:23:34,Ponce City Market,WEST END,casual
R102722,06/27/2026 12:55,2026-06-27 13:10:04,Little Five Points,Midtown MARTA,member
R101586,2026-06-16 17:41:00,16-Jun-2026 17:53,Atlantic Station,Ponce City Market,casual
R102048,2026-06-21 19:02:00,2026-06-21 19:25:40,Georgia State University,Midtown MARTA,casual
R104390,2026-07-15 05:28:00,15-Jul-2026 05:56,Piedmont Park,Centennial Olympic Park,casual
R103287,07/04/2026 14:42,2026-07-04 15:10:17,Midtown MARTA,Ponce City Market,casual
R102834,2026-06-28 15:11:00,2026-06-28 15:36:54,Atlantic Station,Piedmont Park,casual
R100855,2026-06-09 19:52:00,2026-06-09 20:04:45,Centennial Olympic Park,Little Five Points,member
R100879,09-Jun-2026 07:27,2026-06-09 07:29:08,Centennial Olympic Park,PONCE CITY MARKET,casual
R101802,2026-06-18 16:30:00,06/18/2026 16:38,Georgia State University,Centennial Olympic Park,member
R104470,07/16/2026 10:29,16-Jul-2026 10:36,  Ponce City Market ,Georgia State University,member
R101822,19-Jun-2026 17:10,2026-06-19 17:19:44,Atlantic Station,West End,member
R104925,2026-07-20 21:50:00,07/20/2026 21:59,  Centennial Olympic Park ,Ponce City Market,member
R100915,2026-06-10 15:11:00,2026-06-10 15:21:44,MIDTOWN MARTA,Piedmont Pk,member
R100248,2026-06-03 02:37:00,2026-06-03 02:41:24,Georgia State University,Atlantic Station,member
R103065,07/01/2026 07:34,07/01/2026 07:47,Midtown MARTA,West End,casual
R101554,16-Jun-2026 23:03,2026-06-16 23:15:56,Midtown MARTA,Georgia State University,member
R100138,2026-06-02 12:25:00,2026-06-02 12:35:15,Midtown MARTA,Ponce City Market,member
R101287,06/13/2026 08:29,2026-06-13 08:32:16,Midtown MARTA,Atlantic Station,member
R100256,2026-06-03 18:49:00,2026-06-03 18:59:33,Piedmont Park,centennial olympic park,member
R105027,2026-07-20 10:42:00,07/20/2026 10:51,Georgia State University,Piedmont Park,member
R105321,2026-07-24 19:47:00,2026-07-24 20:06:18,Centennial Olympic Park,Piedmont Park,casual
R101948,06/20/2026 19:11,06/20/2026 19:11,Midtown MARTA,Midtown MARTA,member
R102484,25-Jun-2026 07:23,2026-06-25 07:57:15,Midtown MARTA,Grant Park,
R102682,2026-06-27 17:48:00,2026-06-27 18:16:12,Krog Street Market,Midtown MARTA,casual
R103308,07/04/2026 14:07,2026-07-04 14:38:31,MIDTOWN MARTA,Atlantic Station,casual
R105867,2026-07-29 20:09:00,2026-07-29 20:22:31,Ponce City Market,Midtown MARTA,member
R103655,08-Jul-2026 17:19,2026-07-08 17:30:53,Centennial Olympic Park,Georgia State University,member
R104032,2026-07-11 20:43:00,2026-07-11 20:53:56,Ponce City Market,Midtown MARTA,casual
R104093,2026-07-12 16:44:00,2026-07-12 17:03:39,Georgia State University,Midtown MARTA,casual
R105697,2026-07-27 08:28:00,07/27/2026 08:32,Centennial Olympic Park,Midtown MARTA,member
R101062,2026-06-11 19:07:00,11-Jun-2026 19:20,Piedmont Park,Midtown MARTA,member
R103634,2026-07-07 13:16:00,2026-07-07 13:19:17,Ponce City Market,Atlantic Station,member
R103371,2026-07-04 08:17:00,07/04/2026 08:40,CENTENNIAL OLYMPIC PARK,Atlantic Station,casual
R101772,2026-06-18 16:35:00,2026-06-18 16:44:42,Centennial Olympic Park,Georgia State University,member
R101373,14-Jun-2026 20:30,2026-06-14 20:38:31,Georgia State University,Piedmont Park,casual
R102759,2026-06-28 10:35:00,2026-06-28 10:43:42,Ponce City Market,Centennial Olympic Park,casual
R105123,2026-07-21 12:38:00,07/21/2026 12:50,Midtown MARTA,Georgia State University,member
R102652,2026-06-26 08:11:00,2026-06-26 08:25:10,Georgia State University,Ponce City Market,member
R103328,2026-07-04 21:53:00,2026-07-04 22:33:02,GEORGIA STATE UNIVERSITY,piedmont park,casual
R103408,05-Jul-2026 14:05,07/05/2026 14:21,Atlantic Station,Centennial Olympic Park,casual
R102219,2026-06-22 16:34:00,06/22/2026 16:55,Ponce City Market,Midtown MARTA,casual
R100140,2026-06-02 18:18:00,02-Jun-2026 18:26,Midtown MARTA,West End,member
R104633,07/17/2026 17:44,2026-07-17 17:53:59,Ponce City Market,Grant Park,member
R104833,2026-07-19 13:50:00,07/19/2026 14:02,Georgia State University,MIDTOWN MARTA,member
R100583,06/06/2026 08:00,2026-06-06 08:35:25,Krog Street Market,PONCE CITY MARKET,casual
R105070,2026-07-21 17:52:00,2026-07-21 18:12:43,Ponce City Market,  Midtown MARTA ,casual
R104132,2026-07-12 12:33:00,2026-07-12 12:39:43,ATLANTIC STATION,Ponce City Market,member
R100571,2026-06-06 20:03:00,2026-06-06 20:31:31,Atlantic Station,Ponce City Market,casual
R101722,17-Jun-2026 07:59,2026-06-17 07:53:00,Georgia State University,Midtown MARTA,member
R102622,2026-06-26 17:31:00,2026-06-26 17:38:20,Piedmont Pk,Centennial Olympic Park,member
R103806,2026-07-09 04:47:00,2026-07-09 04:55:28,Midtown MARTA,Georgia State University,member
R101717,2026-06-17 08:39:00,2026-06-17 08:55:15,ponce city market,Georgia State University,casual
R103945,2026-07-10 06:29:00,2026-07-10 06:32:05,Midtown MARTA,Ponce City Market,member
R103410,07/05/2026 06:54,07/05/2026 07:28,West End,Midtown MARTA,casual
R101265,06/13/2026 17:02,13-Jun-2026 17:22,Piedmont Park,  Atlantic Station ,casual
R101748,18-Jun-2026 07:09,2026-07-01 07:09:00,Georgia State University,KROG STREET MARKET,member
R102421,06/24/2026 19:42,2026-06-24 19:46:51,KROG STREET MARKET,Georgia State University,member
R100647,2026-06-07 16:46:00,2026-06-07 16:47:00,Midtown MARTA,Atlantic Station,member
R101858,2026-06-19 16:31:00,06/19/2026 17:07,Ponce City Market,Midtown MARTA,casual
R102375,2026-06-24 09:08:00,06/24/2026 09:11,Centennial Olympic Park,Little Five Points,member
R104781,2026-07-18 15:56:00,2026-07-18 16:23:59,georgia state university,Midtown MARTA,casual
R105281,2026-07-23 17:16:00,07/23/2026 17:19,Midtown MARTA,Georgia State University,member
R103755,07/08/2026 06:31,2026-07-08 06:45:36,Midtown MARTA,ponce city market,member
R104967,07/20/2026 05:35,2026-07-20 05:48:02,Ponce City Market,Georgia State University,member
R104821,07/19/2026 21:39,2026-07-19 21:51:47,Centennial Olympic Park,Midtown MARTA,member
R102000,2026-06-20 12:15:00,2026-06-20 12:36:08,Centennial Olympic Park,Ponce City Market,casual
R101303,2026-06-13 11:13:00,2026-06-13 11:16:54,Midtown MARTA,Atlantic Station,member
R100265,2026-06-03 07:49:00,06/03/2026 08:24,Midtown MARTA,grant park,casual
R104187,2026-07-13 08:34:00,2026-07-13 08:44:22,  Atlantic Station ,Krog Street Market,member
R104191,2026-07-13 21:12:00,13-Jul-2026 21:29,PONCE CITY MARKET,West End,member
R100893,2026-06-09 16:41:00,06/09/2026 17:05,GEORGIA STATE UNIVERSITY,Ponce City Market,casual
R103400,2026-07-05 13:01:00,2026-07-05 13:03:25,Midtown MARTA,Ponce City Market,member
R100493,06/05/2026 15:44,2026-06-05 15:58:47,Midtown MARTA,Georgia State University,member
R104257,2026-07-14 17:23:00,2026-07-14 17:33:39,  Ponce City Market ,Atlantic Station,member
R104928,20-Jul-2026 13:32,2026-07-20 13:40:35,Ponce City Market,Midtown MARTA,member
R102129,2026-06-22 18:08:00,2026-06-22 18:28:44,Little Five Points,Ponce City Market,casual
R104656,2026-07-17 08:42:00,2026-07-17 09:00:32,West End,Little Five Points,casual
R102462,2026-06-25 08:28:00,2026-06-25 08:33:09,midtown marta,West End,member
R103523,07/06/2026 11:57,2026-07-06 12:02:51,Midtown MARTA,Piedmont Park,member
R104031,2026-07-11 08:33:00,2026-07-11 08:44:34,ponce city market,Midtown MARTA,casual
R100825,2026-06-09 05:49:00,2026-06-09 05:56:30,little five points,Centennial Olympic Park,member
R100630,2026-06-07 00:55:00,2026-06-07 01:25:18,Ponce City Market,Georgia State University,casual
R101908,19-Jun-2026 11:18,19-Jun-2026 11:18,midtown marta,midtown marta,member
R100643,2026-06-07 15:19:00,2026-06-07 15:34:57,Georgia State University,Midtown MARTA,member
R103307,07/04/2026 09:14,07/04/2026 09:29,Little Five Points,Centennial Olympic Park,member
R103136,02-Jul-2026 20:45,07/02/2026 20:56,Midtown MARTA,Ponce City Market,member
R103463,05-Jul-2026 16:19,2026-07-05 16:33:37,Piedmont Park,Ponce City Market,member
R105701,2026-07-27 13:41:00,2026-07-27 13:54:21,Ponce City Market,Piedmont Park,member
R102668,27-Jun-2026 10:05,27-Jun-2026 10:15,  Ponce City Market ,Midtown MARTA,member
R103849,09-Jul-2026 05:37,2026-07-09 05:44:18,Little Five Points,Ponce City Market,member
R105315,2026-07-23 18:41:00,2026-07-23 18:42:54,  Centennial Olympic Park ,Georgia State University,member
R105326,2026-07-24 06:49:00,2026-07-24 06:58:38,Centennial Olympic Park,Georgia State University,member
R103389,07/05/2026 08:18,2026-07-05 08:34:05,Centennial Olympic Park,Piedmont Park,casual
R105518,2026-07-26 20:03:00,2026-07-26 20:07:54,CENTENNIAL OLYMPIC PARK,Midtown MARTA,member
R101082,2026-06-11 17:27:00,2026-06-11 17:40:46,ponce city market,West End,member
R105923,2026-07-30 13:27:00,2026-07-30 13:41:16,Centennial Olympic Park,  Ponce City Market ,member
R101262,2026-06-13 06:43:00,2026-06-13 06:48:57,Ponce City Market,Grant Park,member
R102855,06/28/2026 17:14,2026-06-28 17:18:14,Centennial Olympic Park,West End,member
R100033,2026-06-01 21:56:00,2026-06-01 22:17:39,ponce city market,  Krog Street Market ,casual
R105429,07/25/2026 13:35,2026-07-25 13:45:07,  Atlantic Station ,Grant Park,member
R104871,19-Jul-2026 19:24,2026-07-19 19:37:41,Centennial Olympic Park,Midtown MARTA,member
R105405,2026-07-24 17:36:00,2026-07-24 17:48:07,Krog Street Market,Atlantic Station,member
R100066,2026-06-01 01:17:00,2026-06-01 01:47:57,Midtown MARTA,Centennial Olympic Park,casual
R101909,2026-06-19 17:41:00,2026-06-19 17:53:04,Georgia State University,Ponce City Market,member
R100902,06/09/2026 08:27,2026-06-09 08:38:39,Centennial Olympic Pk,Piedmont Park,member
R100664,2026-06-07 10:39:00,2026-06-07 10:51:28,Ponce City Market,Centennial Olympic Park,member
R100421,2026-06-05 06:16:00,06/05/2026 06:23,MIDTOWN MARTA,Ponce City Market,casual
R104161,2026-07-12 07:16:00,07/12/2026 07:45,Midtown MARTA,Krog Street Market,
R105399,2026-07-24 08:03:00,2026-07-24 08:15:04,Krog Street Market,Piedmont Park,member
R101301,2026-06-13 11:53:00,2026-06-13 12:19:42,Midtown MARTA,LITTLE FIVE POINTS,casual
R104502,2026-07-16 18:01:00,2026-07-16 18:02:12,CENTENNIAL OLYMPIC PARK,Midtown MARTA,member
R102053,2026-06-21 08:20:00,2026-06-21 08:32:45,Centennial Olympic Park,Ponce City Market,member
R100113,06/01/2026 19:12,2026-06-01 19:22:21,  Midtown MARTA ,Ponce City Market,member
R101607,2026-06-16 02:03:00,06/16/2026 02:23,Atlantic Station,Midtown MARTA,member
R104167,07/12/2026 16:01,2026-07-12 16:13:37,Centennial Olympic Park,Ponce City Market,member
R100533,2026-06-06 11:14:00,06-Jun-2026 11:23,  Centennial Olympic Park ,Midtown MARTA,member
R100463,2026-06-05 21:24:00,2026-06-05 21:34:57,Atlantic Station,Centennial Olympic Park,member
R102463,06/25/2026 15:35,2026-06-25 15:48:53,Piedmont Park,Atlantic Station,casual
R105376,2026-07-24 08:06:00,2026-07-24 08:14:08,Centennial Olympic Park,Little Five Points,casual
R100738,06/08/2026 21:43,2026-06-08 22:02:07,Little Five Points,Midtown MARTA,casual
R104816,07/19/2026 12:21,2026-07-19 12:32:24,Ponce City Market,Midtown MARTA,member
R104056,2026-07-11 12:08:00,2026-07-11 12:36:40,Grant Park,Ponce City Market,casual
R101302,2026-06-13 16:34:00,2026-06-13 16:45:05,Ponce City Market,Centennial Olympic Park,casual
R102688,2026-06-27 14:44:00,2026-06-27 14:50:20,Centennial Olympic Park,Piedmont Park,member
R103403,07/05/2026 13:50,2026-07-05 14:26:16,Centennial Olympic Park,Piedmont Park,casual
R100906,2026-06-09 17:06:00,06/09/2026 17:16,Georgia State University,Ponce City Market,member
R104966,2026-07-20 05:23:00,2026-07-20 05:34:49,Georgia State University,Ponce City Market,member
R100485,2026-06-05 14:23:00,2026-06-05 14:52:29,Georgia State University,Midtown MARTA,casual
R104310,2026-07-14 21:17:00,2026-07-14 21:33:45,Ponce City Market,Krog Street Market,member
R105549,26-Jul-2026 12:31,2026-07-26 12:35:58,Georgia State University,Centennial Olympic Park,member
R102727,06/27/2026 13:14,06/27/2026 13:23,GRANT PARK,MIDTOWN MARTA,casual
R102224,2026-06-22 20:10:00,2026-06-22 20:11:00,Georgia State University,  Midtown MARTA ,member
R103226,2026-07-03 08:54:00,03-Jul-2026 09:08,Midtown MARTA,Centennial Olympic Park,member
R105694,2026-07-27 08:37:00,2026-07-27 08:51:06,Piedmont Park,Centennial Olympic Park,member
R103841,2026-07-09 17:45:00,2026-07-09 17:55:11,Midtown MARTA,Georgia State University,member
R105130,2026-07-21 14:56:00,21-Jul-2026 15:09,Centennial Olympic Park,Piedmont Park,member
R102189,2026-06-22 05:13:00,06/22/2026 05:51,Centennial Olympic Park,Krog Street Market,casual
R101267,2026-06-13 08:13:00,2026-06-13 08:50:47,Atlantic Station,Midtown MARTA,casual
R105949,2026-07-30 11:03:00,07/30/2026 11:14,Georgia State University,  Midtown MARTA ,member
R104995,2026-07-20 19:38:00,2026-07-20 19:59:45,georgia state university,midtown marta,casual
R103039,2026-07-01 19:03:00,07/01/2026 19:16,  Midtown MARTA ,Atlantic Station,member
R105034,2026-07-21 18:07:00,2026-07-21 18:14:20,Piedmont Park,WEST END,casual
R103710,07/08/2026 08:27,07/08/2026 08:46,Ponce City Market,Midtown MARTA,member
R100313,2026-06-04 14:56:00,06/04/2026 15:11,Piedmont Park,MIDTOWN MARTA,member
R103181,2026-07-02 16:29:00,2026-07-02 16:38:47,Ponce City Market,Georgia State University,member
R103750,08-Jul-2026 07:48,07/08/2026 07:56,Georgia State University,Krog Street Market,member
R102867,2026-06-29 15:07:00,2026-06-29 15:12:44,Midtown MARTA,atlantic station,member
R103602,2026-07-07 16:01:00,07-Jul-2026 16:16,West End,Georgia State University,casual
R103294,2026-07-04 10:28:00,2026-07-04 10:37:26,Midtown MARTA,Ponce City Market,member
R100933,2026-06-10 12:05:00,2026-06-10 12:23:55,Midtown MARTA,Georgia State University,casual
R104457,15-Jul-2026 17:40,07/15/2026 17:54,Midtown MARTA,piedmont park,member
R104535,2026-07-16 15:08:00,2026-07-16 15:09:32,Centennial Olympic Park,Piedmont Park,member
R102537,2026-06-25 19:27:00,2026-06-25 19:52:09,Centennial Olympic Park,Georgia State University,casual
R105467,07/25/2026 14:01,07/25/2026 14:14,  Atlantic Station ,Centennial Olympic Park,member
R100322,2026-06-04 06:00:00,06/04/2026 06:25,Atlantic Station,Ponce City Market,casual
R103487,07/06/2026 16:44,07/06/2026 16:53,Midtown MARTA,Georgia State University,member
R103005,2026-06-30 19:29:00,06/30/2026 19:36,West End,Krog Street Market,member
R100429,2026-06-05 07:35:00,2026-06-05 07:42:34,Georgia State University,Midtown MARTA,member
R105906,2026-07-30 11:29:00,2026-07-30 11:31:27,Ponce City Market,Midtown MARTA,member
R100091,2026-06-01 12:44:00,01-Jun-2026 13:12,GEORGIA STATE UNIVERSITY,MIDTOWN MARTA,casual
R101742,2026-06-18 18:39:00,2026-06-18 18:54:40,Midtown MARTA,ponce city market,member
R100816,06/09/2026 17:42,06/09/2026 17:53,Piedmont Park,Georgia State University,member
R100721,06/08/2026 06:49,2026-06-08 07:05:34,Centennial Olympic Park,GEORGIA STATE UNIVERSITY,member
R105585,2026-07-26 08:33:00,07/26/2026 08:46,Georgia State University,midtown marta,casual
R104505,2026-07-16 16:19:00,2026-07-16 16:44:50,  Georgia State University ,Midtown MARTA,casual
R101343,2026-06-14 13:25:00,2026-06-14 14:00:56,Krog Street Market,Midtown MARTA,casual
R103354,07/04/2026 06:44,2026-07-04 06:59:41,Atlantic Station,Grant Park,member
R101812,06/19/2026 14:43,2026-06-19 14:52:56,Atlantic Station,Ponce City Market,member
R104705,2026-07-18 05:45:00,2026-07-18 05:53:31,ATLANTIC STATION,Midtown MARTA,member
R105837,2026-07-29 08:41:00,2026-07-29 08:53:23,Ponce City Market,Midtown MARTA,member
R105885,2026-07-29 16:26:00,2026-07-29 16:29:48,Midtown MARTA,Krog Street Market,member
R101255,13-Jun-2026 09:47,2026-06-13 10:00:08,Ponce City Market,Atlantic Station,member
R103950,2026-07-10 08:51:00,10-Jul-2026 08:57,Midtown MARTA,Centennial Olympic Park,member
R103692,2026-07-08 08:41:00,08-Jul-2026 08:51,Ponce City Market,centennial olympic park,member
R103688,2026-07-08 08:56:00,2026-07-08 09:25:17,Ponce City Market,Krog Street Market,casual
R104792,2026-07-18 11:12:00,2026-07-18 11:47:07,  Krog Street Market ,Ponce City Market,casual
R102936,2026-06-29 08:33:00,06/29/2026 08:43,Ponce City Market,georgia state university,
R100710,06/08/2026 17:45,2026-06-08 17:55:59,Midtown MARTA,Centennial Olympic Park,casual
R102113,2026-06-21 13:33:00,06/21/2026 13:57,GEORGIA STATE UNIVERSITY,Centennial Olympic Park,casual
R105759,2026-07-28 17:26:00,2026-07-28 17:38:09,Georgia State University,Ponce City Market,member
R103554,2026-07-06 17:11:00,2026-07-06 17:23:15,Atlantic Station,Little Five Points,member
R101232,12-Jun-2026 05:53,06/12/2026 06:05,krog street market,  Atlantic Station ,member
R100296,2026-06-03 19:36:00,2026-06-03 19:45:45,  Midtown MARTA ,Georgia State University,member
R100551,06/06/2026 15:57,2026-06-06 16:12:59,Ponce City Market,West End,member
R100939,2026-06-10 07:33:00,10-Jun-2026 07:45,Centennial Olympic Park,Georgia State University,member
R101106,2026-06-11 13:51:00,2026-06-11 14:05:38,Midtown MARTA,Georgia State University,member
R103293,04-Jul-2026 08:59,2026-07-04 09:11:59,Midtown MARTA,Krog Street Market,member
R100589,2026-06-06 14:46:00,2026-06-06 15:14:04,Midtown MARTA,Centennial Olympic Park,casual
R104452,2026-07-15 00:58:00,2026-07-15 01:13:32,Ponce City Market,Midtown MARTA,member
R104492,2026-07-16 09:27:00,2026-07-16 09:37:31,Atlantic Station,Ponce City Market,member
R103852,07/09/2026 14:51,09-Jul-2026 15:00,Midtown MARTA,Ponce City Market,member
R104053,2026-07-11 11:40:00,2026-07-11 12:00:42,georgia state university,Midtown MARTA,casual
R101310,2026-06-13 07:32:00,2026-06-13 07:39:19,Ponce City Market,Piedmont Park,member
R103850,2026-07-09 10:28:00,09-Jul-2026 10:45,Atlantic Station,Piedmont Park,member
R104889,07/19/2026 12:59,2026-07-19 13:24:22,Ponce City Market,Georgia State University,casual
R101907,2026-06-19 16:06:00,2026-06-19 16:15:47,Krog Street Market,ATLANTIC STATION,member
R104660,2026-07-17 18:55:00,17-Jul-2026 19:06,Centennial Olympic Park,Georgia State University,member
R101705,2026-06-17 16:36:00,17-Jun-2026 16:54,Krog Street Market,Ponce City Market,casual
R101649,2026-06-17 19:31:00,06/17/2026 19:48,Ponce City Market,Georgia State University,casual
R103050,01-Jul-2026 17:26,2026-07-01 17:40:44,Midtown MARTA,Ponce City Market,
R102995,2026-06-30 16:43:00,2026-06-30 16:50:30,  Ponce City Market ,Midtown MARTA,member
R100346,04-Jun-2026 22:07,06/04/2026 22:24,Georgia State University,Centennial Olympic Park,member
R102556,06/25/2026 00:26,2026-06-25 00:49:16,Krog Street Market,Georgia State University,casual
R105805,07/29/2026 19:31,2026-07-29 19:38:07,  Piedmont Park ,Atlantic Station,member
R100409,04-Jun-2026 09:21,2026-06-04 09:33:53,Centennial Olympic Park,Georgia State University,member
R103263,2026-07-03 16:08:00,03-Jul-2026 16:44,Midtown MARTA,Centennial Olympic Park,casual
R105029,20-Jul-2026 07:18,2026-07-20 07:22:13,PONCE CITY MARKET,Midtown MARTA,member
R102812,2026-06-28 14:52:00,28-Jun-2026 15:05,  Atlantic Station ,Midtown MARTA,casual
R102016,2026-06-21 10:05:00,2026-06-21 10:32:13,Midtown MARTA,Centennial Olympic Park,casual
R104500,2026-07-16 07:38:00,2026-07-16 07:50:42,Grant Park,Ponce City Market,member
R100188,2026-06-02 00:06:00,2026-06-02 00:18:33,Midtown MARTA,Georgia State University,member
R102892,2026-06-29 17:28:00,2026-06-29 17:38:13,Ponce City Market,PIEDMONT PARK,member
R105253,2026-07-23 07:04:00,2026-07-23 07:26:02,Ponce City Market,Georgia State University,casual
R103826,09-Jul-2026 21:45,07/09/2026 21:57,Atlantic Station,Ponce City Market,member
R100991,2026-06-10 09:58:00,06/10/2026 10:09,West End,Centennial Olympic Park,member
R105668,2026-07-27 20:19:00,2026-07-27 20:20:37,Midtown MARTA,Georgia State University,member
R101632,2026-06-17 14:58:00,2026-06-17 15:14:10,Midtown MARTA,Atlantic Station,member
R101729,2026-06-18 09:52:00,2026-06-18 10:10:06,Ponce City Market,Little Five Points,casual
R103722,2026-07-08 16:36:00,08-Jul-2026 16:45,Midtown MARTA,PIEDMONT PARK,member
R100116,2026-06-01 12:25:00,2026-06-01 12:44:10,Midtown MARTA,,member
R103922,07/10/2026 09:24,2026-07-10 09:30:55,centennial olympic park,Ponce City Market,member
R102263,06/23/2026 07:31,2026-06-23 07:40:37,Midtown MARTA,Ponce City Market,member
R105570,2026-07-26 14:23:00,2026-07-26 14:30:49,Ponce City Market,Midtown MARTA,member
R103516,2026-07-06 17:59:00,2026-07-06 18:07:44,Ponce City Market,Midtown MARTA,member
R103301,04-Jul-2026 16:51,2026-07-04 16:59:44,Little Five Points,Centennial Olympic Park,member
R102137,2026-06-22 14:23:00,2026-06-22 14:30:03,Midtown MARTA,Georgia State University,member
R103041,07/01/2026 16:38,2026-07-01 17:16:12,ponce city market,Midtown MARTA,casual
R105179,2026-07-22 08:34:00,2026-07-22 08:49:17,Midtown MARTA,Ponce City Market,member
R100989,2026-06-10 16:08:00,06/10/2026 16:12,Piedmont Park,  Midtown MARTA ,member
R101571,2026-06-16 15:48:00,2026-06-16 16:01:06,Centennial Olympic Park,Georgia State University,member
R103023,2026-07-01 05:12:00,2026-07-01 05:32:41,Midtown MARTA,West End,member
R104596,2026-07-17 08:17:00,07/17/2026 08:25,Midtown MARTA,Atlantic Station,casual
R105047,2026-07-21 19:59:00,2026-07-21 20:20:47,Midtown MARTA,Ponce City Market,casual
R102310,23-Jun-2026 08:22,2026-06-23 08:26:41,  Ponce City Market ,Georgia State University,member
R100386,06/04/2026 03:38,2026-06-04 03:52:45,Centennial Olympic Park,Midtown MARTA,member
R102009,2026-06-21 14:30:00,2026-06-21 14:41:04,Centennial Olympic Park,Midtown MARTA,casual
R104510,07/16/2026 13:34,2026-07-16 13:50:20,west end,Centennial Olympic Park,member
R101721,06/17/2026 01:34,06/17/2026 01:48,Midtown MARTA,Piedmont Pk,member
R100297,2026-06-03 07:19:00,06/03/2026 07:30,MIDTOWN MARTA,Ponce City Market,member
R105542,26-Jul-2026 21:31,07/26/2026 21:59,Piedmont Park,Georgia State University,casual
R104340,07/14/2026 08:25,2026-07-14 08:31:30,Ponce City Market,Krog Street Market,member
R105398,24-Jul-2026 16:56,2026-07-24 16:52:00,Ponce City Market,Krog Street Market,casual
R103120,07/02/2026 09:21,2026-07-02 09:34:34,Midtown MARTA,Centennial Olympic Park,member
R101332,2026-06-13 17:51:00,06/13/2026 17:56,Midtown MARTA,Ponce City Market,member
R100519,2026-06-06 12:55:00,2026-06-06 13:22:49,Centennial Olympic Park,Ponce City Market,casual
R102799,2026-06-28 16:18:00,2026-06-28 16:25:02,Centennial Olympic Park,Georgia State University,member
R100123,2026-06-02 17:44:00,2026-06-02 17:58:04,Centennial Olympic Park,Little Five Points,member
R102465,06/25/2026 10:39,2026-06-25 10:46:31,Little Five Points,West End,member
R104685,2026-07-17 07:28:00,2026-07-17 07:28:00,Piedmont Park,Piedmont Park,member
R100147,02-Jun-2026 05:56,2026-06-02 06:17:06,ponce city market,Georgia State University,casual
R104693,07/18/2026 11:40,2026-07-18 11:51:48,Midtown MARTA,Grant Park,casual
R101443,2026-06-15 07:13:00,06/15/2026 07:23,Ponce City Market,Georgia State University,member
R100057,2026-06-01 19:13:00,06/01/2026 19:25,Georgia State University,ponce city market,member
R101694,2026-06-17 16:04:00,2026-06-17 16:10:48,ponce city market,Centennial Olympic Park,member
R100423,2026-06-05 17:55:00,2026-06-05 18:04:38,Ponce City Market,midtown marta,member
R102144,06/22/2026 15:23,2026-06-22 15:34:01,Atlantic Station,Midtown MARTA,member
R100912,2026-06-10 07:39:00,2026-06-10 07:39:00,Midtown MARTA,Midtown MARTA,casual
R102168,22-Jun-2026 06:18,2026-06-22 06:28:30,Centennial Olympic Park,Midtown MARTA,member
R100957,2026-06-10 16:25:00,2026-06-10 16:37:24,Piedmont Park,Midtown MARTA,member
R104942,2026-07-20 21:52:00,20-Jul-2026 22:06,Midtown MARTA,Piedmont Park,member
R105855,2026-07-29 00:32:00,2026-07-29 01:09:50,Georgia State University,Centennial Olympic Park,casual
R103237,2026-07-03 09:46:00,2026-07-03 09:59:26,Midtown MARTA,grant park,member
R100486,2026-06-05 22:03:00,06/05/2026 22:35,Midtown MARTA,Centennial Olympic Park,casual
R102599,2026-06-26 18:45:00,2026-06-26 18:57:40,Ponce City Market,Centennial Olympic Park,member
R103489,2026-07-06 07:41:00,06-Jul-2026 08:03,Centennial Olympic Park,Midtown MARTA,casual
R100917,2026-06-10 09:19:00,2026-06-10 09:33:17,Ponce City Market,Atlantic Station,member
R102247,06/23/2026 16:01,2026-06-23 16:19:34,  Ponce City Market ,  West End ,member
R101454,15-Jun-2026 17:46,2026-06-15 18:03:42,Centennial Olympic Park,,member
R102549,2026-06-25 18:27:00,2026-06-25 18:34:47,Atlantic Station,west end,member
R104333,07/14/2026 16:10,2026-07-14 16:24:35,Ponce City Market,Midtown MARTA,member
R105178,2026-07-22 09:37:00,2026-07-22 10:02:25,Ponce City Market,Georgia State University,casual
R100817,2026-06-09 13:36:00,2026-06-09 13:47:55,Ponce City Market,Georgia State University,member
R104880,2026-07-19 09:33:00,07/19/2026 09:38,GRANT PARK,ATLANTIC STATION,casual
R105732,2026-07-28 08:57:00,28-Jul-2026 09:12,ATLANTIC STATION,Georgia State University,member
R100727,2026-06-08 18:56:00,06/08/2026 19:07,Ponce City Market,Centennial Olympic Park,member
R100591,2026-06-06 12:24:00,06-Jun-2026 12:39,Centennial Olympic Park,  Krog Street Market ,member
R105263,07/23/2026 08:03,2026-07-23 08:18:19,Midtown MARTA,Ponce City Market,member
R101820,2026-06-19 13:27:00,19-Jun-2026 13:45,PONCE CITY MARKET,Centennial Olympic Park,member
R101653,2026-06-17 17:47:00,17-Jun-2026 17:55,centennial olympic park,Midtown MARTA,member
R103496,2026-07-06 08:31:00,2026-07-06 08:39:56,CENTENNIAL OLYMPIC PARK,  Midtown MARTA ,member
R101261,2026-06-13 15:22:00,2026-06-13 15:30:12,midtown marta,Centennial Olympic Park,member
R103119,2026-07-02 09:24:00,2026-07-02 09:27:48,Georgia State University,  Atlantic Station ,member
R104472,2026-07-16 12:35:00,2026-07-16 12:34:00,Midtown MARTA,Ponce City Market,casual
R100487,2026-06-05 17:38:00,2026-06-05 17:48:08,Ponce City Market,Piedmont Park,member
R104160,2026-07-12 12:24:00,12-Jul-2026 12:38,Midtown MARTA,Georgia State University,member
R101600,2026-06-16 07:37:00,06/16/2026 07:45,Atlantic Station,Krog Street Market,member
R103638,07/07/2026 09:28,2026-07-07 09:37:36,Grant Park,Ponce City Market,member
R101351,2026-06-14 17:53:00,2026-06-14 18:15:54,Midtown MARTA,Centennial Olympic Park,casual
R105380,07/24/2026 16:13,07/24/2026 16:22,Centennial Olympic Park,Midtown MARTA,member
R102363,2026-06-24 09:18:00,2026-06-24 09:30:57,Georgia State University,ponce city market,member
R100071,2026-06-01 10:26:00,2026-06-01 10:37:09,piedmont park,Georgia State University,member
R103947,2026-07-10 20:07:00,2026-07-10 20:45:28,Midtown MARTA,Ponce City Market,casual
R103140,2026-07-02 18:15:00,2026-07-02 18:28:18,  Midtown MARTA ,Ponce City Market,member
R103660,2026-07-08 12:48:00,2026-07-08 12:57:22,KROG STREET MARKET,Ponce City Market,member
R101732,2026-06-18 11:49:00,06/18/2026 12:00,Midtown MARTA,centennial olympic park,member
R105624,07/27/2026 08:02,2026-07-27 08:13:17,Ponce City Market,Midtown MARTA,member
R103835,09-Jul-2026 12:02,2026-07-09 12:07:10,  Piedmont Park ,Ponce City Market,member
R105428,07/25/2026 21:01,2026-07-25 21:22:01,West End,Midtown MARTA,casual
R105689,2026-07-27 05:14:00,2026-07-27 05:25:55,Ponce City Market,Georgia State University,member
R103233,2026-07-03 07:14:00,07/03/2026 07:22,  Grant Park ,,member
R102268,06/23/2026 11:49,2026-06-23 12:10:21,Ponce City Market,Georgia State University,casual
R104254,2026-07-14 07:40:00,2026-07-14 07:55:18,Atlantic Station,Piedmont Park,member
R103202,2026-07-02 17:18:00,2026-07-02 17:30:23,Georgia State University,Grant Park,member
R103515,2026-07-06 07:29:00,2026-07-06 07:35:40,Atlantic Station,  Centennial Olympic Park ,member
R103149,07/02/2026 15:14,07/02/2026 15:23,Midtown MARTA,ponce city market,member
R105533,26-Jul-2026 19:38,26-Jul-2026 20:09,Atlantic Station,Midtown MARTA,casual
R104274,2026-07-14 09:04:00,14-Jul-2026 09:12,Georgia State University,Midtown MARTA,member
R105724,2026-07-27 08:06:00,2026-07-27 08:35:13,Piedmont Park,Little Five Points,casual
R105339,2026-07-24 17:45:00,07/24/2026 17:52,Ponce City Market,Midtown MARTA,member
R100382,04-Jun-2026 13:42,2026-06-04 13:50:21,Centennial Olympic Park,Georgia State University,member
R101090,2026-06-11 18:38:00,06/11/2026 18:57,Midtown MARTA,Georgia State University,casual
R103380,2026-07-04 14:08:00,2026-07-04 14:12:10,Midtown MARTA,Atlantic Station,casual
R105895,2026-07-29 08:18:00,2026-07-29 08:30:31,Midtown MARTA,Centennial Olympic Park,casual
R105504,2026-07-26 07:59:00,2026-07-26 08:28:12,Ponce City Market,Centennial Olympic Park,casual
R103814,07/09/2026 07:54,07/09/2026 08:08,Georgia State University,Midtown MARTA,casual
R102458,25-Jun-2026 18:32,06/25/2026 18:38,Grant Park,Georgia State University,member
R101356,2026-06-14 15:50:00,2026-06-14 16:07:43,piedmont park,GEORGIA STATE UNIVERSITY,member
R100495,2026-06-05 17:46:00,05-Jun-2026 17:54,Georgia State University,Grant Park,member
R104654,2026-07-17 09:39:00,07/17/2026 10:08,Georgia State University,Centennial Olympic Park,casual
R100195,2026-06-02 17:26:00,02-Jun-2026 17:39,Atlantic Station,CENTENNIAL OLYMPIC PARK,
R101355,2026-06-14 07:03:00,06/14/2026 07:08,Midtown MARTA,Georgia State University,member
R102472,2026-06-25 13:42:00,06/25/2026 13:50,Ponce City Market,Georgia State University,member
R103310,2026-07-04 09:41:00,2026-07-04 10:06:34,Centennial Olympic Park,MIDTOWN MARTA,casual
R105033,07/21/2026 22:46,07/21/2026 23:07,Krog Street Market,Midtown MARTA,casual
R101982,2026-06-20 12:43:00,2026-06-20 12:56:40,Grant Park,Centennial Olympic Park,member
R104940,20-Jul-2026 17:16,20-Jul-2026 17:24,Piedmont Park,Georgia State University,member
R102696,2026-06-27 21:25:00,06/27/2026 22:11,Georgia State University,grant park,casual
R105273,07/23/2026 07:11,2026-07-23 07:29:41,Piedmont Park,Ponce City Market,member
R101078,2026-06-11 13:16:00,2026-06-11 13:30:28,Atlantic Station,Ponce City Market,member
R100978,2026-06-10 10:12:00,2026-06-10 10:21:04,Georgia State University,Ponce City Market,member
R102580,06/26/2026 16:05,06/26/2026 16:26,Little Five Points,Georgia State University,casual
R102532,2026-06-25 14:23:00,2026-06-25 14:41:11,MIDTOWN MARTA,PONCE CITY MARKET,member
R101440,2026-06-15 17:46:00,2026-06-15 17:58:57,  Midtown MARTA ,Georgia State University,member
R104648,2026-07-17 18:25:00,2026-07-17 18:51:22,Little Five Points,Midtown MARTA,casual
R101834,2026-06-19 01:41:00,2026-06-19 01:42:35,Centennial Olympic Park,Midtown MARTA,member
R100897,2026-06-09 07:49:00,2026-06-09 07:57:29,Ponce City Market,Krog Street Market,member
R104815,07/19/2026 11:02,07/19/2026 11:30,Midtown MARTA,GEORGIA STATE UNIVERSITY,casual
R100166,2026-06-02 10:02:00,2026-06-02 10:16:03,CENTENNIAL OLYMPIC PARK,Ponce City Market,member
R103596,07/07/2026 16:03,2026-07-07 16:11:00,centennial olympic park,Krog St. Market,casual
R102692,2026-06-27 10:36:00,2026-06-27 10:59:34,Piedmont Park,Little Five Points,casual
R102083,2026-06-21 12:28:00,2026-06-21 12:38:32,Georgia State University,  Atlantic Station ,member
R100005,2026-06-01 12:42:00,2026-06-01 12:53:28,Ponce City Market,Georgia State University,member
R103442,07/05/2026 13:28,07/05/2026 14:08,Midtown MARTA,Georgia State University,casual
R102380,24-Jun-2026 18:26,2026-06-24 18:36:37,centennial olympic park,Ponce City Market,member
R103860,2026-07-09 17:53:00,2026-07-09 18:00:58,Ponce City Market,centennial olympic park,member
R103873,2026-07-09 21:45:00,2026-07-09 22:08:28,centennial olympic park,Atlantic Station,casual
R102347,24-Jun-2026 16:46,24-Jun-2026 16:57,ponce city market,Georgia State University,member
R104600,07/17/2026 22:27,2026-07-17 22:34:13,Atlantic Station,Ponce City Market,member
R100722,2026-06-08 22:43:00,08-Jun-2026 23:12,Little Five Points,Midtown MARTA,casual
R103648,2026-07-07 23:03:00,07/07/2026 23:15,Krog Street Market,midtown marta,member
R105944,2026-07-30 19:20:00,2026-07-30 19:33:45,Atlantic Station,  Georgia State University ,member
R104235,07/13/2026 20:39,2026-07-13 21:06:58,MIDTOWN MARTA,Ponce City Market,casual
R104442,2026-07-15 17:26:00,2026-07-15 17:41:09,Ponce City Market,,member
R104845,2026-07-19 09:18:00,07/19/2026 09:27,Georgia State University,Centennial Olympic Park,member
R103732,2026-07-08 06:31:00,2026-07-08 06:44:19,  Centennial Olympic Park ,ponce city market,casual
R100352,06/04/2026 18:24,2026-06-04 19:02:17,Midtown MARTA,Centennial Olympic Park,casual
R103244,2026-07-03 18:22:00,2026-07-03 18:31:34,Ponce City Market,Little Five Points,member
R103430,2026-07-05 14:07:00,2026-07-05 14:25:31,ponce city market,  Centennial Olympic Park ,casual
R101780,06/18/2026 04:59,2026-06-18 05:06:00,Centennial Olympic Park,Georgia State University,member
R105615,2026-07-27 23:31:00,2026-07-27 23:32:00,  Atlantic Station ,,casual
R103341,2026-07-04 11:05:00,2026-07-04 11:28:21,Centennial Olympic Park,West End,casual
R103207,07/02/2026 23:25,2026-07-02 23:38:19,Georgia State University,Ponce City Market,member
R103088,2026-07-01 07:55:00,2026-07-01 08:06:21,Georgia State University,WEST END,member
R102578,2026-06-26 07:21:00,06/26/2026 07:31,Atlantic Station,Little Five Points,member
R103707,2026-07-08 20:09:00,07/08/2026 20:22,Midtown MARTA,Krog Street Market,member
R105527,2026-07-26 14:22:00,2026-07-26 14:40:57,Georgia State University,Midtown MARTA,casual
R100141,06/02/2026 16:02,2026-06-02 16:14:11,Midtown MARTA,Georgia State University,member
R102498,06/25/2026 08:01,06/25/2026 08:10,Ponce City Market,Atlantic Station,member
R100401,06/04/2026 18:56,06/04/2026 19:22,Piedmont Park,Ponce City Market,casual
R105191,2026-07-22 21:28:00,2026-07-22 21:47:29,Midtown MARTA,Piedmont Park,casual
R104224,2026-07-13 08:13:00,2026-07-13 08:26:29,Ponce City Market,Midtown MARTA,member
R105215,2026-07-22 09:38:00,2026-07-22 09:49:51,Atlantic Station,Ponce City Market,member
R102981,30-Jun-2026 20:10,2026-06-30 20:25:56,Ponce City Market,midtown marta,member
R101574,2026-06-16 08:04:00,2026-06-16 08:19:41,Ponce City Market,Midtown MARTA,member
R104273,14-Jul-2026 17:34,2026-07-14 17:37:56,Georgia State University,Ponce City Market,member
R100187,2026-06-02 13:07:00,2026-06-02 13:13:40,Centennial Olympic Park,Midtown MARTA,member
R103031,2026-07-01 08:46:00,07/01/2026 08:56,Piedmont Park,georgia state university,member
R102951,2026-06-30 08:56:00,2026-06-30 09:08:50,Ponce City Market,Midtown MARTA,member
R104848,07/19/2026 09:27,2026-07-19 09:36:45,Ponce City Market,  Midtown MARTA ,member
R104707,2026-07-18 14:36:00,2026-07-18 15:01:15,Midtown MARTA,Krog Street Market,casual
R105038,2026-07-21 18:03:00,07/21/2026 18:09,ATLANTIC STATION,Midtown MARTA,member
R101656,17-Jun-2026 21:17,2026-06-17 21:26:58,  Midtown MARTA ,Little Five Points,member
R101077,2026-06-11 19:39:00,2026-06-11 19:54:06,Georgia State University,PONCE CITY MARKET,member
R102750,28-Jun-2026 07:31,2026-06-28 07:43:56,Krog Street Market,  Georgia State University ,member
R101098,2026-06-11 15:50:00,2026-06-11 16:25:21,Little Five Points,Piedmont Park,casual
R102707,2026-06-27 08:25:00,06/27/2026 08:46,Midtown MARTA,Georgia State University,casual
R102977,06/30/2026 08:03,2026-06-30 08:16:34,Centennial Olympic Park,ponce city market,member
R100717,06/08/2026 10:04,2026-06-08 10:11:28,Midtown MARTA,Ponce City Market,member
R104803,2026-07-19 11:42:00,2026-07-19 12:21:01,Little Five Points,GRANT PARK,casual
R105336,2026-07-24 19:41:00,07/24/2026 19:52,Georgia State University,Little Five Points,member
R102718,2026-06-27 17:55:00,2026-06-27 18:10:29,Krog Street Market,Midtown MARTA,member
R105817,07/29/2026 12:00,2026-07-29 12:09:42,Midtown MARTA,Piedmont Park,casual
R105286,2026-07-23 15:49:00,07/23/2026 16:00,  Georgia State University ,Midtown MARTA,member
R100051,2026-06-01 17:09:00,2026-06-01 17:24:45,PONCE CITY MARKET,Midtown MARTA,casual
R102895,06/29/2026 21:57,2026-06-29 22:25:03,Midtown MARTA,West End,casual
R100936,2026-06-10 16:52:00,10-Jun-2026 17:02,Ponce City Market,Atlantic Station,member
R102235,2026-06-22 09:10:00,2026-06-22 09:32:47,Georgia State University,  Centennial Olympic Park ,casual
R105272,07/23/2026 17:33,2026-07-23 17:47:45,Ponce City Market,  Piedmont Park ,member
R104865,19-Jul-2026 02:09,2026-07-19 02:25:56,Centennial Olympic Park,Ponce City Market,member
R105314,2026-07-23 07:08:00,2026-07-23 07:37:01,Centennial Olympic Park,Midtown MARTA,casual
R103405,2026-07-05 20:13:00,2026-07-05 20:23:32,Piedmont Pk,Centennial Olympic Park,member
R104146,2026-07-12 07:09:00,07/12/2026 07:27,Ponce City Market,Krog St. Market,casual
R101141,06/12/2026 16:01,2026-06-12 16:17:08,Ponce City Market,Georgia State University,member
R105550,2026-07-26 11:46:00,2026-07-26 12:19:09,Midtown MARTA,Centennial Olympic Park,casual
R100299,06/03/2026 11:48,03-Jun-2026 12:09,Krog Street Market,Ponce City Market,casual
R103474,2026-07-06 12:12:00,07/06/2026 12:28,Little Five Points,Ponce City Market,member
R104825,2026-07-19 11:48:00,19-Jul-2026 11:56,Georgia State University,Ponce City Market,member
R105807,2026-07-29 08:20:00,2026-07-29 08:27:09,Krog Street Market,Midtown MARTA,member
R102402,2026-06-24 10:14:00,2026-06-24 10:37:27,Midtown MARTA,Ponce City Market,casual
R102996,2026-06-30 18:44:00,2026-06-30 18:52:59,Ponce City Market,GEORGIA STATE UNIVERSITY,member
R103748,07/08/2026 15:09,07/08/2026 15:22,atlantic station,Midtown MARTA,member
R100422,2026-06-05 06:57:00,2026-06-05 07:29:08,Georgia State University,Midtown MARTA,casual
R104732,2026-07-18 17:49:00,2026-07-18 18:25:30,Georgia State University,CENTENNIAL OLYMPIC PARK,casual
R104252,2026-07-14 18:09:00,07/14/2026 18:22,  Centennial Olympic Park ,Midtown MARTA,member
R104516,2026-07-16 08:13:00,07/16/2026 08:23,Atlantic Station,PONCE CITY MARKET,member
R101765,2026-06-18 06:05:00,2026-06-18 06:19:19,Krog Street Market,Georgia State University,member
R103613,2026-07-07 13:55:00,07-Jul-2026 14:16,Georgia State University,Ponce City Market,casual
R101337,06/14/2026 10:09,06/14/2026 10:20,Grant Park,Midtown MARTA,casual
R101807,2026-06-19 07:42:00,2026-06-19 08:06:29,  Midtown MARTA ,Ponce City Market,casual
R104263,2026-07-14 12:19:00,2026-07-14 12:40:32,Georgia State University,Piedmont Park,casual
R103540,07/06/2026 17:34,2026-07-06 17:56:58,Georgia State University,Midtown MARTA,casual
R102257,2026-06-23 21:21:00,2026-06-23 21:31:46,Little Five Points,Midtown MARTA,member
R103697,2026-07-08 16:09:00,2026-07-08 16:18:10,Ponce City Market,  Midtown MARTA ,member
R100965,06/10/2026 16:13,2026-06-10 16:27:28,Midtown MARTA,Piedmont Park,member
R103996,2026-07-10 21:26:00,2026-07-10 21:38:48,Ponce City Market,Georgia State University,member
R102070,2026-06-21 08:56:00,06/21/2026 09:05,Midtown MARTA,CENTENNIAL OLYMPIC PARK,member
R102938,06/29/2026 20:03,2026-06-29 20:47:15,Georgia State University,Centennial Olympic Park,casual
R100499,06/05/2026 08:09,2026-06-05 08:18:45,Ponce City Market,Midtown MARTA,member
R104392,2026-07-15 05:48:00,2026-07-15 05:55:05,Ponce City Market,Atlantic Station,member
R102949,2026-06-29 11:20:00,2026-06-29 11:29:58,Midtown MARTA,centennial olympic park,member
R102547,2026-06-25 12:16:00,06/25/2026 12:32,Centennial Olympic Park,Georgia State University,member
R104076,2026-07-11 09:44:00,2026-07-11 10:15:22,Little Five Points,Centennial Olympic Park,casual
R105112,2026-07-21 16:21:00,07/21/2026 16:54,Georgia State University,Ponce City Market,casual
R103076,2026-07-01 09:56:00,2026-07-01 09:58:16,Ponce City Market,MIDTOWN MARTA,member
R103652,2026-07-07 18:40:00,2026-07-07 18:53:46,Krog Street Market,MIDTOWN MARTA,member
R105145,2026-07-21 08:56:00,2026-07-21 09:10:17,Ponce City Market,Piedmont Park,member
R102841,28-Jun-2026 08:10,2026-06-28 08:29:45,Centennial Olympic Park,ponce city market,casual
R105890,07/29/2026 20:57,2026-07-29 20:58:00,West End,atlantic station,member
R104725,2026-07-18 11:34:00,07/18/2026 11:45,Atlantic Station,  Centennial Olympic Park ,member
R104189,2026-07-13 07:35:00,2026-07-13 07:45:40,Centennial Olympic Park,Atlantic Station,member
R104201,2026-07-13 15:34:00,2026-07-13 15:45:53,Centennial Olympic Park,Little Five Points,member
R102782,2026-06-28 10:49:00,2026-06-28 11:11:17,Georgia State University,Piedmont Park,casual
R101631,06/17/2026 17:59,06/17/2026 18:06,Krog Street Market,Ponce City Market,member
R101551,2026-06-16 18:16:00,2026-06-16 18:38:43,Ponce City Market,Midtown MARTA,member
R103265,2026-07-03 19:07:00,2026-07-03 19:25:33,georgia state university,Midtown MARTA,member
R100257,2026-06-03 09:15:00,03-Jun-2026 09:30,midtown marta,Grant Park,member
R103897,2026-07-10 15:38:00,2026-07-10 15:42:23,Midtown MARTA,,member
R101854,2026-06-19 18:48:00,2026-06-19 19:24:46,Ponce City Market,Midtown MARTA,casual
R105360,2026-07-24 20:10:00,2026-07-24 20:17:27,Midtown MARTA,Ponce City Market,member
R105882,2026-07-29 05:39:00,2026-07-29 05:45:34,Centennial Olympic Pk,MIDTOWN MARTA,member
R100132,2026-06-02 20:16:00,06/02/2026 20:21,Georgia State University,Ponce City Market,member
R102177,2026-06-22 08:03:00,2026-06-22 08:13:32,Midtown MARTA,Krog Street Market,member
R105772,2026-07-28 16:27:00,2026-07-28 16:37:04,MIDTOWN MARTA,Ponce City Market,member
R104747,2026-07-18 06:17:00,2026-07-18 06:27:46,Piedmont Park,Georgia State University,casual
R100474,06/05/2026 07:12,06/05/2026 07:26,Midtown MARTA,Ponce City Market,member
R104840,2026-07-19 17:30:00,2026-07-19 17:38:00,Centennial Olympic Park,Midtown MARTA,member
R100622,06/07/2026 04:32,07-Jun-2026 05:02,Midtown MARTA,Georgia State University,casual
R105656,2026-07-27 19:29:00,27-Jul-2026 20:04,Georgia State University,Piedmont Park,casual
R102732,2026-06-28 14:29:00,06/28/2026 14:46,Piedmont Park,Centennial Olympic Park,casual
R104448,2026-07-15 04:54:00,2026-07-15 05:13:12,Krog Street Market,Ponce City Market,member
R104585,2026-07-17 08:16:00,2026-07-17 08:20:19,Midtown MARTA,Ponce City Market,member
R101761,2026-06-18 08:07:00,06/18/2026 08:11,Ponce City Market,krog street market,casual
R105473,2026-07-25 13:16:00,07/25/2026 13:27,Little Five Points,Midtown MARTA,member
R101942,2026-06-20 20:48:00,2026-06-20 21:22:06,Midtown MARTA,Georgia State University,casual
R105177,2026-07-22 17:09:00,2026-07-22 17:17:39,Atlantic Station,Ponce City Market,member
R103045,2026-07-01 15:15:00,2026-07-01 15:24:51,krog street market,Midtown MARTA,member
R100948,2026-06-10 15:19:00,06/10/2026 15:31,Ponce City Market,Midtown MARTA,member
R103798,2026-07-09 07:19:00,2026-07-09 07:26:23,Centennial Olympic Park,Georgia State University,member
R105604,2026-07-26 08:32:00,07/26/2026 08:38,Georgia State University,Ponce City Market,member
R104272,07/14/2026 07:26,2026-07-14 07:35:20,Georgia State University,Ponce City Market,member
R104642,2026-07-17 18:24:00,2026-07-17 18:38:28,Atlantic Station,Georgia State University,member
R104249,2026-07-13 17:43:00,2026-07-13 17:55:39,Grant Park,Midtown MARTA,member
R102789,2026-06-28 13:54:00,2026-06-28 14:01:12,Midtown MARTA,Little Five Points,member
R104615,2026-07-17 08:42:00,07/17/2026 08:54,Georgia State University,Midtown MARTA,member
R101030,06/11/2026 20:29,11-Jun-2026 20:52,Grant Park,Midtown MARTA,casual
R103484,2026-07-06 19:30:00,2026-07-06 19:30:00,Centennial Olympic Park,Centennial Olympic Park,casual
R105124,2026-07-21 09:40:00,2026-07-21 09:52:56,Midtown MARTA,Georgia State University,member
R101763,2026-06-18 09:18:00,06/18/2026 09:24,  Ponce City Market ,Centennial Olympic Park,casual
R102103,2026-06-21 20:26:00,06/21/2026 20:46,Krog Street Market,Georgia State University,casual
R102592,2026-06-26 15:14:00,2026-06-26 15:25:57,Atlantic Station,midtown marta,member
R105972,2026-07-30 19:47:00,2026-07-30 19:56:00,Ponce City Market,Atlantic Station,member
R102307,2026-06-23 19:59:00,2026-06-23 20:08:22,Ponce City Market,Midtown MARTA,member
R102104,2026-06-21 16:35:00,06/21/2026 16:59,Piedmont Park,  Centennial Olympic Park ,casual
R100680,2026-06-07 11:58:00,2026-06-07 12:12:37,ATLANTIC STATION,Midtown MARTA,member
R102519,06/25/2026 05:41,2026-06-25 06:09:01,Piedmont Park,Midtown MARTA,casual
R104025,2026-07-11 09:48:00,2026-07-11 09:57:38,midtown marta,  Grant Park ,member
R104978,2026-07-20 07:05:00,2026-07-20 07:38:48,Georgia State University,Midtown MARTA,casual
R103385,2026-07-05 09:54:00,07/05/2026 10:19,Ponce City Market,Georgia State University,casual
R104349,2026-07-14 10:33:00,2026-07-14 10:47:27,Georgia State University,Krog Street Market,member
R104011,07/10/2026 14:39,07/10/2026 14:46,  Ponce City Market ,Georgia State University,member
R104806,2026-07-19 09:29:00,2026-07-19 09:30:32,Ponce City Market,Midtown MARTA,casual
R102286,2026-06-23 09:45:00,2026-06-23 09:54:02,Georgia State University,atlantic station,member
R100206,2026-06-02 10:06:00,06/02/2026 10:16,  Midtown MARTA ,ATLANTIC STATION,member
R101764,06/18/2026 09:53,2026-06-18 10:10:54,Grant Park,Midtown MARTA,casual
R100277,2026-06-03 13:46:00,2026-06-03 14:04:47,  Atlantic Station ,Midtown MARTA,casual
R103525,2026-07-06 18:47:00,2026-07-06 18:53:40,Grant Park,Ponce City Market,member
R100011,2026-06-01 07:56:00,2026-06-01 08:16:51,Piedmont Park,Ponce City Market,casual
R100951,2026-06-10 16:51:00,2026-06-10 17:01:27,CENTENNIAL OLYMPIC PARK,Midtown MARTA,member
R101208,12-Jun-2026 08:07,12-Jun-2026 08:10,Centennial Olympic Park,West End,member
R104770,2026-07-18 12:47:00,07/18/2026 12:52,Midtown MARTA,Atlantic Station,member
R100797,06/08/2026 15:54,08-Jun-2026 15:58,GEORGIA STATE UNIVERSITY,Ponce City Market,member
R100389,2026-06-04 07:07:00,2026-06-04 07:17:27,Midtown MARTA,Little Five Points,member
R100543,2026-06-06 18:52:00,2026-06-06 19:22:06,ponce city market,georgia state university,casual
R101044,2026-06-11 15:14:00,06/11/2026 15:16,Ponce City Market,Grant Park,member
R103694,08-Jul-2026 07:43,2026-07-08 07:56:09,Midtown MARTA,Ponce City Market,
R104350,2026-07-14 12:03:00,2026-07-14 12:12:31,Ponce City Market,midtown marta,member
R101891,2026-06-19 18:21:00,06/19/2026 18:26,Krog Street Market,Midtown MARTA,member
R104478,2026-07-16 11:55:00,07/16/2026 12:02,Centennial Olympic Park,Little Five Points,member
R102854,2026-06-28 08:48:00,28-Jun-2026 08:58,Ponce City Market,Midtown MARTA,member
R102923,2026-06-29 16:42:00,2026-06-29 17:13:59,Little Five Points,Georgia State University,casual
R104787,07/18/2026 06:26,2026-07-18 06:54:28,ponce city market,Little Five Points,casual
R103670,2026-07-08 10:51:00,07/08/2026 10:54,Midtown MARTA,Piedmont Park,member
R102758,2026-06-28 14:39:00,2026-06-28 14:55:32,Georgia State University,Piedmont Park,member
R102985,30-Jun-2026 06:09,2026-06-30 06:20:42,georgia state university,Midtown MARTA,casual
R101646,2026-06-17 18:47:00,17-Jun-2026 18:53,Georgia State University,Ponce City Market,member
R101015,2026-06-11 16:30:00,2026-06-11 16:37:44,Ponce City Market,midtown marta,member
R100903,2026-06-09 23:45:00,2026-06-10 00:00:19,Midtown MARTA,Centennial Olympic Park,member
R105487,07/26/2026 07:41,26-Jul-2026 08:08,Midtown MARTA,Piedmont Park,casual
R101294,2026-06-13 07:53:00,06/13/2026 08:04,Midtown MARTA,Ponce City Market,member
R101407,2026-06-14 14:47:00,14-Jun-2026 14:55,MIDTOWN MARTA,Centennial Olympic Park,member
R105614,2026-07-27 15:55:00,2026-07-27 16:06:38,PONCE CITY MARKET,Krog Street Market,member
R105747,2026-07-28 06:51:00,2026-07-28 07:21:41,atlantic station,Midtown MARTA,casual
R103418,05-Jul-2026 09:44,2026-07-05 10:08:57,GEORGIA STATE UNIVERSITY,Atlantic Station,casual
R103884,09-Jul-2026 15:11,07/09/2026 15:25,Midtown MARTA,Piedmont Park,member
R104560,16-Jul-2026 20:19,2026-07-16 20:32:54,Centennial Olympic Park,Ponce City Market,member
R102238,2026-06-22 18:24:00,2026-06-22 18:42:33,Georgia State University,Midtown MARTA,casual
R105005,2026-07-20 15:05:00,07/20/2026 15:24,  Atlantic Station ,Ponce City Market,member
R103117,2026-07-02 19:30:00,2026-07-02 19:33:26,Midtown MARTA,Centennial Olympic Park,casual
R105659,2026-07-27 07:55:00,27-Jul-2026 08:30,Ponce City Market,Centennial Olympic Park,casual
R102040,2026-06-21 10:58:00,2026-06-21 10:58:00,Midtown MARTA,Midtown MARTA,casual
R103900,2026-07-10 07:46:00,2026-07-10 08:05:11,georgia state university,krog street market,casual
R103218,07/03/2026 21:17,2026-07-03 21:29:35,Ponce City Market,Georgia State University,member
R100715,08-Jun-2026 09:57,2026-06-08 10:10:36,Centennial Olympic Park,PONCE CITY MARKET,member
R104463,07/16/2026 16:55,2026-07-16 16:59:47,Ponce City Market,Midtown MARTA,member
R105319,07/24/2026 07:17,2026-07-24 07:33:20,Ponce City Market,Centennial Olympic Park,member
R103034,2026-07-01 08:34:00,2026-07-01 08:50:23,Georgia State University,Piedmont Pk,member
R102210,2026-06-22 01:17:00,06/22/2026 01:27,Atlantic Station,West End,member
R102064,2026-06-21 10:21:00,2026-06-21 10:22:00,Midtown MARTA,Ponce City Market,casual
R105670,27-Jul-2026 06:29,2026-07-27 06:38:52,Centennial Olympic Park,Georgia State University,member
R102119,06/21/2026 07:01,2026-06-21 07:20:56,Midtown MARTA,  Georgia State University ,casual
R103700,2026-07-08 17:45:00,2026-07-08 17:56:29,GEORGIA STATE UNIVERSITY,Ponce City Market,casual
R103118,02-Jul-2026 09:07,2026-07-02 09:17:06,Ponce City Market,Midtown MARTA,member
R101149,2026-06-12 07:38:00,2026-06-12 07:50:56,Georgia State University,Little Five Points,member
R102950,2026-06-30 22:52:00,2026-06-30 23:23:39,Krog Street Market,Ponce City Market,casual
R103471,2026-07-06 08:40:00,07/06/2026 08:48,Little Five Points,Midtown MARTA,member
R101228,2026-06-12 09:19:00,06/12/2026 09:31,Ponce City Market,  Georgia State University ,member
R105095,2026-07-21 09:09:00,2026-07-21 09:20:50,Georgia State University,Ponce City Market,member
R104430,2026-07-15 05:30:00,2026-07-15 06:02:40,midtown marta,Georgia State University,casual
R101832,2026-06-19 10:57:00,2026-06-19 11:16:46,Midtown MARTA,Centennial Olympic Park,member
R104261,2026-07-14 15:16:00,2026-07-14 15:26:32,piedmont park,Centennial Olympic Park,casual
R104922,2026-07-20 16:23:00,2026-07-20 16:28:54,Midtown MARTA,Atlantic Station,member
R105247,2026-07-23 21:20:00,2026-07-23 21:41:23,Atlantic Station,Ponce City Market,casual
R100355,2026-06-04 08:18:00,2026-06-04 08:29:37,Midtown MARTA,GEORGIA STATE UNIVERSITY,member
R103656,2026-07-08 12:40:00,2026-07-08 12:51:15,MIDTOWN MARTA,Centennial Olympic Park,casual
R105258,2026-07-23 09:24:00,2026-07-23 09:48:34,Georgia State University,Grant Park,casual
R100027,01-Jun-2026 08:06,2026-06-01 08:13:01,Little Five Points,MIDTOWN MARTA,member
R103736,07/08/2026 20:01,2026-07-08 20:09:01,Georgia State University,Atlantic Station,member
R105183,2026-07-22 18:34:00,2026-07-22 18:48:46,Ponce City Market,Georgia State University,member
R101945,2026-06-20 12:48:00,2026-06-20 12:56:13,Atlantic Station,Krog Street Market,casual
R101456,2026-06-15 06:16:00,15-Jun-2026 06:40,Little Five Points,Midtown MARTA,casual
R100754,2026-06-08 19:39:00,06/08/2026 19:51,Georgia State University,,member
R100076,2026-06-01 20:34:00,2026-06-01 20:45:30,  Midtown MARTA ,Atlantic Station,casual
R105723,07/27/2026 08:30,2026-07-27 08:45:52,Centennial Olympic Park,Georgia State University,member
R104251,07/14/2026 20:57,2026-07-14 21:19:16,Centennial Olympic Park,Midtown MARTA,
R101856,2026-06-19 16:07:00,2026-06-19 16:16:21,Ponce City Market,Georgia State University,member
R102489,2026-06-25 13:17:00,2026-06-25 13:16:00,Ponce City Market,Georgia State University,casual
R100298,2026-06-03 18:05:00,2026-06-03 18:34:17,piedmont park,Georgia State University,casual
R101506,06/15/2026 18:23,2026-06-15 18:46:27,GEORGIA STATE UNIVERSITY,  Centennial Olympic Park ,casual
R102010,2026-06-21 15:01:00,2026-06-21 15:31:37,Georgia State University,Ponce City Market,casual
R105582,2026-07-26 17:51:00,2026-07-26 17:56:18,Midtown MARTA,Centennial Olympic Park,member
R105881,29-Jul-2026 18:22,2026-07-29 18:34:19,Ponce City Market,Georgia State University,member
R105338,2026-07-24 04:43:00,2026-07-24 04:56:32,MIDTOWN MARTA,Georgia State University,member
R101975,2026-06-20 06:20:00,2026-06-20 06:44:12,Midtown MARTA,  Ponce City Market ,casual
R104975,2026-07-20 11:25:00,07/20/2026 11:34,Centennial Olympic Park,Ponce City Market,member
R105745,28-Jul-2026 13:51,2026-07-28 13:59:25,Ponce City Market,Atlantic Station,member
R105802,2026-07-28 11:29:00,2026-07-28 11:42:34,Ponce City Market,Piedmont Park,member
R104431,07/15/2026 16:43,15-Jul-2026 16:53,Midtown MARTA,Ponce City Market,member
R101758,2026-06-18 19:28:00,2026-06-18 19:45:45,Midtown MARTA,Centennial Olympic Park,casual
R103248,2026-07-03 17:16:00,2026-07-03 17:47:39,MIDTOWN MARTA,Krog Street Market,casual
R104613,2026-07-17 13:11:00,07/17/2026 13:51,Ponce City Market,Grant Park,casual
R103528,2026-07-06 06:07:00,2026-07-06 06:30:35,Midtown MARTA,Little Five Points,casual
R102619,06/26/2026 10:11,2026-06-26 10:21:31,Centennial Olympic Park,Ponce City Market,member
R102211,2026-06-22 15:14:00,22-Jun-2026 15:26,piedmont park,Midtown MARTA,member
R105612,2026-07-27 07:40:00,2026-07-27 07:53:44,Georgia State University,Midtown MARTA,member
R105911,2026-07-30 08:18:00,2026-07-30 08:30:22,MIDTOWN MARTA,Centennial Olympic Park,member
R105164,07/22/2026 08:09,07/22/2026 08:40,West End,Atlantic Station,casual
R101673,06/17/2026 07:00,2026-06-17 07:10:10,Piedmont Park,Midtown MARTA,member
R105592,2026-07-26 12:33:00,2026-07-26 13:12:10,PONCE CITY MARKET,Piedmont Park,casual
R103969,2026-07-10 17:16:00,2026-07-10 17:24:53,Ponce City Market,GEORGIA STATE UNIVERSITY,member
R101816,19-Jun-2026 17:16,2026-06-19 17:31:19,PONCE CITY MARKET,Georgia State University,member
R105922,2026-07-30 20:57:00,2026-07-30 21:04:47,Georgia State University,Midtown MARTA,member
R101241,2026-06-12 17:36:00,2026-06-12 17:46:33,PONCE CITY MARKET,Georgia State University,member
R103505,07/06/2026 18:42,07/06/2026 18:47,Ponce City Market,  Georgia State University ,member
R103716,2026-07-08 15:26:00,2026-07-08 15:36:09,Midtown MARTA,Piedmont Park,casual
R105674,2026-07-27 06:36:00,07/27/2026 06:51,Midtown MARTA,Atlantic Station,member
R102035,2026-06-21 11:29:00,21-Jun-2026 11:52,Centennial Olympic Park,georgia state university,casual
R100221,2026-06-03 07:17:00,2026-06-03 07:25:32,Ponce City Market,  Atlantic Station ,member
R103445,2026-07-05 16:41:00,2026-07-05 16:52:57,Centennial Olympic Park,Krog Street Market,member
R104488,2026-07-16 08:55:00,2026-07-16 09:11:18,Atlantic Station,  Grant Park ,member
R105401,2026-07-24 08:39:00,2026-07-24 09:22:31,Atlantic Station,Midtown MARTA,casual
R101122,06/11/2026 10:16,2026-06-11 10:21:04,Georgia State University,Ponce City Market,member
R100776,08-Jun-2026 18:59,06/08/2026 19:18,Ponce City Market,Centennial Olympic Park,casual
R104759,07/18/2026 12:24,2026-07-18 12:35:19,Georgia State University,Ponce City Market,member
R103172,2026-07-02 14:37:00,2026-07-02 14:53:08,PIEDMONT PARK,,member
R101575,2026-06-16 07:33:00,2026-06-16 07:48:40,  Georgia State University ,Midtown MARTA,member
R101671,2026-06-17 07:59:00,2026-06-17 07:53:00,West End,Midtown MARTA,member
R100732,2026-06-08 14:09:00,08-Jun-2026 14:14,Midtown MARTA,ATLANTIC STATION,
R104357,2026-07-14 08:45:00,2026-07-14 08:58:08,Krog Street Market,Ponce City Market,member
R105796,2026-07-28 17:00:00,2026-07-28 17:11:09,Centennial Olympic Park,  Georgia State University ,member
R103336,2026-07-04 21:05:00,2026-07-04 21:28:43,Centennial Olympic Park,Atlantic Station,casual
R105402,2026-07-24 08:57:00,2026-07-24 09:19:34,Centennial Olympic Park,Krog Street Market,casual
R102007,06/20/2026 18:15,2026-06-20 18:25:34,Centennial Olympic Park,Midtown MARTA,member
R100165,06/02/2026 17:59,06/02/2026 18:11,PIEDMONT PARK,Ponce City Market,member
R101806,2026-06-18 07:47:00,2026-06-18 07:48:00,Midtown MARTA,Ponce City Market,member
R103997,2026-07-10 16:48:00,2026-07-10 16:59:31,Centennial Olympic Park,Midtown MARTA,member
R103923,2026-07-10 18:53:00,2026-07-25 18:53:00,Ponce City Market,Midtown MARTA,member
R105237,2026-07-23 17:33:00,2026-07-23 17:45:55,Georgia State University,Midtown MARTA,member
R101460,2026-06-15 08:28:00,2026-06-15 08:56:11,grant park,Georgia State University,casual
R101019,2026-06-11 09:39:00,2026-06-11 09:47:48,Little Five Points,CENTENNIAL OLYMPIC PARK,member
R105354,07/24/2026 07:12,07/24/2026 07:21,PONCE CITY MARKET,Atlantic Station,member
R101949,2026-06-20 14:31:00,2026-06-20 14:46:35,Piedmont Park,MIDTOWN MARTA,member
R103068,07/01/2026 18:50,07/01/2026 19:00,Ponce City Market,West End,member
R101769,2026-06-18 20:23:00,2026-06-18 20:37:05,Atlantic Station,Ponce City Market,member
R101068,06/11/2026 14:43,2026-06-11 14:56:17,Ponce City Market,Little Five Points,member
R101084,2026-06-11 19:39:00,06/11/2026 19:46,Piedmont Park,Midtown MARTA,member
R102853,06/28/2026 19:35,2026-06-28 19:36:00,Atlantic Station,Ponce City Market,casual
R102099,2026-06-21 15:28:00,2026-06-21 15:35:53,Ponce City Market,Midtown MARTA,member
R102886,06/29/2026 20:50,06/29/2026 20:59,PONCE CITY MARKET,Georgia State University,casual
R100245,06/03/2026 12:41,06/03/2026 12:59,Georgia State University,  Midtown MARTA ,member
R102941,06/29/2026 13:04,06/29/2026 13:15,Georgia State University,Ponce City Market,member
R101570,2026-06-16 20:03:00,06/16/2026 20:28,ATLANTIC STATION,Georgia State University,casual
R100332,2026-06-04 08:18:00,2026-06-04 08:28:58,midtown marta,Georgia State University,member
R102012,2026-06-21 08:35:00,2026-06-21 08:52:26,  Ponce City Market ,CENTENNIAL OLYMPIC PARK,casual
R105779,2026-07-28 08:18:00,07/28/2026 08:34,PONCE CITY MARKET,Atlantic Station,member
R100368,2026-06-04 13:21:00,06/04/2026 13:33,Krog St. Market,Ponce City Market,member
R103272,2026-07-03 11:41:00,07/03/2026 11:58,Georgia State University,Midtown MARTA,member
R101309,2026-06-13 16:38:00,06/13/2026 16:47,Ponce City Market,Little Five Points,member
R100777,2026-06-08 23:45:00,2026-06-26 23:45:00,Georgia State University,WEST END,member
R105754,2026-07-28 07:22:00,07/28/2026 07:31,midtown marta,centennial olympic park,member
R104081,2026-07-11 13:26:00,2026-07-11 13:18:00,West End,Midtown MARTA,casual
R104215,2026-07-13 06:27:00,2026-07-13 06:43:34,Midtown MARTA,,member
R101347,2026-06-14 14:58:00,2026-06-14 15:08:15,Georgia State University,Atlantic Station,member
R104114,12-Jul-2026 12:50,2026-07-12 13:00:17,Midtown MARTA,  Ponce City Market ,member
R103426,2026-07-05 14:18:00,2026-07-05 14:30:31,PONCE CITY MARKET,Georgia State University,member
R101540,2026-06-16 16:47:00,2026-06-16 16:58:29,Midtown MARTA,Georgia State University,member
R104246,13-Jul-2026 17:26,2026-07-13 17:48:53,Ponce City Market,Midtown MARTA,casual
R103273,2026-07-03 17:25:00,2026-07-03 17:39:10,  Midtown MARTA ,West End,member
R105195,2026-07-22 15:32:00,2026-07-22 15:39:28,Midtown MARTA,WEST END,member
R101253,2026-06-13 13:56:00,2026-06-13 14:05:49,Atlantic Station,Little Five Points,member
R101497,2026-06-15 08:13:00,2026-06-15 08:24:28,Ponce City Market,Centennial Olympic Park,member
R100658,06/07/2026 19:38,07-Jun-2026 19:54,Atlantic Station,Ponce City Market,member
R101348,2026-06-14 17:21:00,2026-06-14 17:31:23,  Atlantic Station ,Midtown MARTA,member
R102214,2026-06-22 16:51:00,2026-06-22 17:09:35,Centennial Olympic Park,PONCE CITY MARKET,member
R105578,07/26/2026 11:36,2026-07-26 12:00:29,Grant Park,Georgia State University,casual
R104410,2026-07-15 19:18:00,2026-07-15 19:29:09,Georgia State University,Midtown MARTA,member
R101919,2026-06-19 08:36:00,2026-06-19 09:05:24,Ponce City Market,Georgia State University,casual
R105151,2026-07-22 12:38:00,2026-07-22 12:51:19,Grant Pk,Centennial Olympic Park,member
R105274,07/23/2026 08:00,2026-07-23 08:19:55,  Atlantic Station ,West End,member
R105884,2026-07-29 15:51:00,2026-07-29 15:59:56,Piedmont Park,Georgia State University,member
R101271,2026-06-13 09:27:00,06/13/2026 09:31,Centennial Olympic Park,Ponce City Market,casual
R100904,06/09/2026 18:35,2026-06-09 18:57:17,Ponce City Market,Atlantic Station,casual
R102739,2026-06-28 13:35:00,2026-06-28 13:49:50,Centennial Olympic Park,Midtown MARTA,
R105482,2026-07-25 02:05:00,2026-07-25 02:17:29,  Centennial Olympic Park ,MIDTOWN MARTA,casual
R103628,07/07/2026 07:01,2026-07-07 07:16:05,Midtown MARTA,Centennial Olympic Park,member
R104482,07/16/2026 18:37,2026-07-16 18:44:26,Ponce City Market,Georgia State University,member
R105353,2026-07-24 13:51:00,2026-07-24 14:03:07,Midtown MARTA,Centennial Olympic Park,member
R101790,2026-06-18 10:13:00,06/18/2026 10:24,Midtown MARTA,Piedmont Park,member
R102160,2026-06-22 06:09:00,2026-06-22 06:12:27,Midtown MARTA,PONCE CITY MARKET,member
R100009,2026-06-01 08:38:00,2026-06-01 08:50:52,Georgia State University,MIDTOWN MARTA,member
R103924,2026-07-10 07:58:00,2026-07-10 08:22:55,Piedmont Park,  Georgia State University ,casual
R105125,07/21/2026 11:42,2026-07-21 12:09:49,Krog Street Market,Piedmont Park,casual
R105722,07/27/2026 04:50,2026-07-27 05:02:38,Midtown MARTA,Piedmont Park,member
R104123,07/12/2026 14:08,07/12/2026 14:25,ATLANTIC STATION,Ponce City Market,casual
R102776,2026-06-28 08:33:00,2026-06-28 08:47:46,Atlantic Station,  Krog Street Market ,casual
R103706,2026-07-08 16:21:00,2026-07-08 17:04:44,Midtown MARTA,Georgia State University,casual
R105096,2026-07-21 19:16:00,2026-07-21 19:27:15,Ponce City Market,Centennial Olympic Park,member
R102341,2026-06-24 07:43:00,2026-06-24 07:46:27,Midtown MARTA,Ponce City Market,member
R100276,2026-06-03 14:15:00,2026-06-03 14:59:37,  Midtown MARTA ,Georgia State University,casual
R104717,2026-07-18 06:11:00,07/18/2026 06:20,Centennial Olympic Park,Piedmont Park,member
R102314,06/23/2026 16:28,2026-06-23 16:43:41,Midtown MARTA,Ponce City Market,member
R104872,2026-07-19 14:36:00,2026-07-19 15:09:20,Centennial Olympic Pk,Midtown MARTA,casual
R105510,2026-07-26 08:19:00,2026-07-26 08:25:11,  Ponce City Market ,Midtown MARTA,member
R101695,2026-06-17 17:32:00,06/17/2026 17:46,Ponce City Market,Little Five Points,member
R100068,06/01/2026 16:08,06/01/2026 16:20,Midtown MARTA,Ponce City Market,member
R101904,06/19/2026 11:30,2026-06-19 11:45:19,Ponce City Market,MIDTOWN MARTA,member
R103642,07/07/2026 10:48,2026-07-07 10:57:06,Ponce City Market,Midtown MARTA,member
R103725,07/08/2026 09:06,07/08/2026 09:20,Midtown MARTA,PONCE CITY MARKET,member
R101616,2026-06-17 17:47:00,2026-06-17 18:10:00,Ponce City Market,Atlantic Station,casual
R104569,16-Jul-2026 22:32,2026-07-16 22:36:21,West End,Piedmont Park,casual
R101292,2026-06-13 07:00:00,2026-06-13 07:30:45,Centennial Olympic Park,Piedmont Pk,casual
R104107,2026-07-12 11:55:00,07/12/2026 12:06,Midtown MARTA,Georgia State University,casual
R100121,01-Jun-2026 17:09,06/01/2026 17:24,Ponce City Market,Midtown MARTA,casual
R101935,2026-06-20 13:01:00,2026-06-20 13:13:52,Centennial Olympic Park,Midtown MARTA,casual
R105939,2026-07-30 12:24:00,2026-07-30 12:32:31,Midtown MARTA,Krog Street Market,member
R101850,2026-06-19 13:24:00,2026-06-19 13:27:50,Little Five Points,Centennial Olympic Park,member
R101577,16-Jun-2026 19:00,2026-06-16 19:29:23,GEORGIA STATE UNIVERSITY,Ponce City Market,casual
R103349,2026-07-04 18:10:00,04-Jul-2026 18:41,Grant Park,Ponce City Market,casual
R100926,2026-06-10 18:29:00,2026-06-10 18:29:00,Midtown MARTA,Midtown MARTA,member
R105565,2026-07-26 12:34:00,2026-07-26 12:47:31,  Midtown MARTA ,Ponce City Market,member
