ride_id,started_at,ended_at,start_station,end_station,user_type,duration_min,hour,dow
R104100,2026-07-12 13:20:00,2026-07-12 13:35:01,Midtown MARTA,Piedmont Park,member,15.016666666666667,13,6
R101212,2026-06-12 07:37:00,2026-06-12 07:45:01,Midtown MARTA,Ponce City Market,member,8.016666666666667,7,4
R102444,2026-06-24 16:34:00,2026-06-24 16:41:50,West End,Midtown MARTA,member,7.833333333333333,16,2
R104038,2026-07-11 16:23:00,2026-07-11 16:52:57,Piedmont Park,Midtown MARTA,casual,29.95,16,5
R105901,2026-07-30 21:48:00,2026-07-30 22:01:01,Ponce City Market,West End,member,13.016666666666667,21,3
R105133,2026-07-21 18:38:00,2026-07-21 18:44:19,Ponce City Market,Unknown,member,6.316666666666666,18,1
R105886,2026-07-29 12:59:00,2026-07-29 13:09:20,Centennial Olympic Park,Little Five Points,member,10.333333333333334,12,2
R101214,2026-06-12 16:59:00,2026-06-12 17:08:02,Ponce City Market,Midtown MARTA,member,9.033333333333333,16,4
R102419,2026-06-24 09:32:00,2026-06-24 10:06:48,Georgia State University,Centennial Olympic Park,casual,34.8,9,2
R104830,2026-07-19 14:03:00,2026-07-19 14:10:00,Atlantic Station,Centennial Olympic Park,member,7.0,14,6
R105091,2026-07-21 16:07:00,2026-07-21 16:14:00,Georgia State University,West End,member,7.0,16,1
R101559,2026-06-16 18:56:00,2026-06-16 19:00:52,Midtown MARTA,Unknown,member,4.866666666666666,18,1
R104618,2026-07-17 18:44:00,2026-07-17 19:25:52,Krog Street Market,Unknown,casual,41.86666666666667,18,4
R101085,2026-06-11 09:38:00,2026-06-11 10:10:03,Centennial Olympic Park,Georgia State University,casual,32.05,9,3
R104608,2026-07-17 02:47:00,2026-07-17 02:55:00,Ponce City Market,West End,member,8.0,2,4
R101695,2026-06-17 17:32:00,2026-06-17 17:46:00,Ponce City Market,Little Five Points,member,14.0,17,2
R102179,2026-06-22 12:39:00,2026-06-22 12:40:00,Midtown MARTA,Centennial Olympic Park,casual,1.0,12,0
R100207,2026-06-02 18:34:00,2026-06-02 18:38:00,Midtown MARTA,Ponce City Market,member,4.0,18,1
R102840,2026-06-28 13:35:00,2026-06-28 13:54:49,Piedmont Park,Midtown MARTA,casual,19.816666666666666,13,6
R105240,2026-07-23 15:58:00,2026-07-23 16:04:59,Centennial Olympic Park,Georgia State University,member,6.983333333333333,15,3
R105202,2026-07-22 07:45:00,2026-07-22 08:02:14,Piedmont Park,Krog Street Market,member,17.233333333333334,7,2
R100689,2026-06-07 17:11:00,2026-06-07 17:37:00,Centennial Olympic Park,Ponce City Market,casual,26.0,17,6
R102801,2026-06-28 12:02:00,2026-06-28 12:19:00,Ponce City Market,Midtown MARTA,casual,17.0,12,6
R105066,2026-07-21 18:57:00,2026-07-21 19:05:52,Ponce City Market,Atlantic Station,member,8.866666666666667,18,1
R100849,2026-06-09 12:51:00,2026-06-09 12:58:00,Atlantic Station,Midtown MARTA,member,7.0,12,1
R101662,2026-06-17 15:32:00,2026-06-17 15:45:57,Midtown MARTA,Ponce City Market,member,13.95,15,2
R103196,2026-07-02 18:55:00,2026-07-02 18:56:00,Atlantic Station,Centennial Olympic Park,member,1.0,18,3
R103102,2026-07-02 09:19:00,2026-07-02 09:24:30,Atlantic Station,Georgia State University,member,5.5,9,3
R101624,2026-06-17 08:58:00,2026-06-17 09:25:28,Ponce City Market,Georgia State University,casual,27.466666666666665,8,2
R102947,2026-06-29 18:29:00,2026-06-29 18:55:52,Krog Street Market,Little Five Points,casual,26.866666666666667,18,0
R101413,2026-06-14 21:29:00,2026-06-14 21:35:00,Ponce City Market,Midtown MARTA,casual,6.0,21,6
R101157,2026-06-12 07:18:00,2026-06-12 07:31:28,Centennial Olympic Park,Midtown MARTA,member,13.466666666666667,7,4
R103561,2026-07-06 23:19:00,2026-07-06 23:28:29,Centennial Olympic Park,Grant Park,member,9.483333333333333,23,0
R101038,2026-06-11 17:57:00,2026-06-11 18:09:23,Centennial Olympic Park,Midtown MARTA,member,12.383333333333333,17,3
R101871,2026-06-19 17:41:00,2026-06-19 17:45:00,Ponce City Market,Centennial Olympic Park,member,4.0,17,4
R105562,2026-07-26 14:31:00,2026-07-26 14:39:17,Midtown MARTA,Georgia State University,member,8.283333333333333,14,6
R104894,2026-07-19 11:14:00,2026-07-19 11:26:01,Ponce City Market,Centennial Olympic Park,member,12.016666666666667,11,6
R102285,2026-06-23 00:56:00,2026-06-23 01:04:00,Georgia State University,Ponce City Market,member,8.0,0,1
R105640,2026-07-27 08:26:00,2026-07-27 08:39:47,Georgia State University,Midtown MARTA,member,13.783333333333333,8,0
R102091,2026-06-21 07:26:00,2026-06-21 07:48:01,Ponce City Market,Midtown MARTA,casual,22.016666666666666,7,6
R101572,2026-06-16 14:55:00,2026-06-16 15:21:15,Centennial Olympic Park,Midtown MARTA,casual,26.25,14,1
R102630,2026-06-26 04:30:00,2026-06-26 04:33:00,Piedmont Park,Atlantic Station,casual,3.0,4,4
R100748,2026-06-08 15:31:00,2026-06-08 15:38:00,Ponce City Market,Atlantic Station,member,7.0,15,0
R100885,2026-06-09 13:31:00,2026-06-09 13:44:43,Georgia State University,Krog Street Market,member,13.716666666666667,13,1
R104397,2026-07-15 10:48:00,2026-07-15 10:57:00,Atlantic Station,Georgia State University,member,9.0,10,2
R104301,2026-07-14 08:52:00,2026-07-14 09:14:41,Midtown MARTA,Ponce City Market,casual,22.683333333333334,8,1
R102713,2026-06-27 06:55:00,2026-06-27 07:12:30,Krog Street Market,Ponce City Market,member,17.5,6,5
R105727,2026-07-27 18:56:00,2026-07-27 19:08:51,Georgia State University,Atlantic Station,member,12.85,18,0
R100159,2026-06-02 00:32:00,2026-06-02 00:47:29,Ponce City Market,Midtown MARTA,member,15.483333333333333,0,1
R100455,2026-06-05 06:41:00,2026-06-05 06:46:29,Georgia State University,Midtown MARTA,member,5.483333333333333,6,4
R101987,2026-06-20 16:13:00,2026-06-20 16:29:00,Ponce City Market,Piedmont Park,member,16.0,16,5
R100806,2026-06-09 07:43:00,2026-06-09 07:58:00,Krog Street Market,Centennial Olympic Park,member,15.0,7,1
R101928,2026-06-19 05:16:00,2026-06-19 05:26:16,West End,Centennial Olympic Park,member,10.266666666666667,5,4
R100479,2026-06-05 18:21:00,2026-06-05 18:33:25,Atlantic Station,Midtown MARTA,member,12.416666666666666,18,4
R100812,2026-06-09 12:36:00,2026-06-09 12:46:17,Centennial Olympic Park,Midtown MARTA,member,10.283333333333333,12,1
R103305,2026-07-04 16:20:00,2026-07-04 16:31:01,Georgia State University,Midtown MARTA,member,11.016666666666667,16,5
R100648,2026-06-07 14:07:00,2026-06-07 14:18:41,Ponce City Market,Atlantic Station,casual,11.683333333333334,14,6
R101066,2026-06-11 08:31:00,2026-06-11 08:40:26,Ponce City Market,Georgia State University,member,9.433333333333334,8,3
R103422,2026-07-05 15:50:00,2026-07-05 16:00:37,Krog Street Market,Midtown MARTA,member,10.616666666666667,15,6
R101795,2026-06-18 18:41:00,2026-06-18 18:54:00,Midtown MARTA,Atlantic Station,member,13.0,18,3
R105251,2026-07-23 18:18:00,2026-07-23 18:31:20,Ponce City Market,Centennial Olympic Park,member,13.333333333333334,18,3
R104149,2026-07-12 12:31:00,2026-07-12 12:49:19,Ponce City Market,Midtown MARTA,casual,18.316666666666666,12,6
R104578,2026-07-17 10:30:00,2026-07-17 10:46:23,Ponce City Market,Georgia State University,member,16.383333333333333,10,4
R101055,2026-06-11 18:04:00,2026-06-11 18:11:08,Georgia State University,Ponce City Market,member,7.133333333333334,18,3
R102544,2026-06-25 20:36:00,2026-06-25 20:59:00,Piedmont Park,Ponce City Market,casual,23.0,20,3
R104178,2026-07-13 08:56:00,2026-07-13 09:26:43,Centennial Olympic Park,Little Five Points,casual,30.716666666666665,8,0
R103899,2026-07-10 11:15:00,2026-07-10 11:23:45,Midtown MARTA,Centennial Olympic Park,member,8.75,11,4
R100784,2026-06-08 10:44:00,2026-06-08 10:51:00,Midtown MARTA,Atlantic Station,member,7.0,10,0
R105163,2026-07-22 19:38:00,2026-07-22 19:47:00,Midtown MARTA,Piedmont Park,member,9.0,19,2
R104929,2026-07-20 11:58:00,2026-07-20 12:19:00,Krog Street Market,Georgia State University,casual,21.0,11,0
R102543,2026-06-25 06:07:00,2026-06-25 06:29:00,Atlantic Station,Midtown MARTA,casual,22.0,6,3
R100532,2026-06-06 07:43:00,2026-06-06 07:51:00,Atlantic Station,Ponce City Market,casual,8.0,7,5
R104727,2026-07-18 12:38:00,2026-07-18 12:57:00,Georgia State University,Midtown MARTA,member,19.0,12,5
R103038,2026-07-01 14:23:00,2026-07-01 14:36:00,Piedmont Park,Georgia State University,member,13.0,14,2
R104941,2026-07-20 21:59:00,2026-07-20 22:16:48,Atlantic Station,Ponce City Market,member,17.8,21,0
R100854,2026-06-09 18:26:00,2026-06-09 18:28:57,Georgia State University,Grant Park,member,2.95,18,1
R101542,2026-06-16 17:06:00,2026-06-16 17:14:00,Ponce City Market,Georgia State University,member,8.0,17,1
R105557,2026-07-26 11:46:00,2026-07-26 11:56:13,Centennial Olympic Park,Ponce City Market,casual,10.216666666666667,11,6
R104255,2026-07-14 13:04:00,2026-07-14 13:26:00,Midtown MARTA,Centennial Olympic Park,casual,22.0,13,1
R105590,2026-07-26 10:15:00,2026-07-26 10:23:46,Piedmont Park,Ponce City Market,casual,8.766666666666667,10,6
R104019,2026-07-11 14:21:00,2026-07-11 14:37:49,Midtown MARTA,Georgia State University,member,16.816666666666666,14,5
R101004,2026-06-10 20:08:00,2026-06-10 20:14:10,Midtown MARTA,Atlantic Station,member,6.166666666666667,20,2
R104376,2026-07-15 16:49:00,2026-07-15 17:06:00,Ponce City Market,Krog Street Market,casual,17.0,16,2
R103170,2026-07-02 13:07:00,2026-07-02 13:14:10,Piedmont Park,Georgia State University,member,7.166666666666667,13,3
R100490,2026-06-05 06:59:00,2026-06-05 07:06:10,Ponce City Market,Midtown MARTA,casual,7.166666666666667,6,4
R100526,2026-06-06 11:50:00,2026-06-06 12:13:11,Midtown MARTA,Ponce City Market,casual,23.183333333333334,11,5
R103979,2026-07-10 17:47:00,2026-07-10 18:01:14,Midtown MARTA,Centennial Olympic Park,member,14.233333333333333,17,4
R103698,2026-07-08 09:02:00,2026-07-08 09:27:00,Atlantic Station,Ponce City Market,casual,25.0,9,2
R102616,2026-06-26 07:49:00,2026-06-26 07:59:00,Ponce City Market,Atlantic Station,member,10.0,7,4
R105908,2026-07-30 06:53:00,2026-07-30 07:11:00,Midtown MARTA,Atlantic Station,member,18.0,6,3
R103356,2026-07-04 12:57:00,2026-07-04 13:07:00,Ponce City Market,Atlantic Station,member,10.0,12,5
R102655,2026-06-26 18:56:00,2026-06-26 19:02:29,Georgia State University,West End,casual,6.483333333333333,18,4
R101863,2026-06-19 05:39:00,2026-06-19 05:56:10,Midtown MARTA,Ponce City Market,member,17.166666666666668,5,4
R104515,2026-07-16 11:51:00,2026-07-16 12:05:45,Atlantic Station,Midtown MARTA,casual,14.75,11,3
R101946,2026-06-20 09:06:00,2026-06-20 09:30:09,Little Five Points,Georgia State University,casual,24.15,9,5
R104306,2026-07-14 10:27:00,2026-07-14 10:34:05,Georgia State University,Unknown,member,7.083333333333333,10,1
R100666,2026-06-07 20:08:00,2026-06-07 20:25:00,Krog Street Market,Ponce City Market,member,17.0,20,6
R103636,2026-07-07 08:20:00,2026-07-07 08:36:46,Grant Park,Georgia State University,member,16.766666666666666,8,1
R100213,2026-06-03 18:40:00,2026-06-03 19:09:14,Atlantic Station,Midtown MARTA,casual,29.233333333333334,18,2
R104307,2026-07-14 22:29:00,2026-07-14 22:39:33,Midtown MARTA,Ponce City Market,member,10.55,22,1
R104054,2026-07-11 14:21:00,2026-07-11 14:28:57,Ponce City Market,Centennial Olympic Park,member,7.95,14,5
R105280,2026-07-23 15:46:00,2026-07-23 16:04:00,Midtown MARTA,Georgia State University,member,18.0,15,3
R105083,2026-07-21 18:10:00,2026-07-21 18:31:25,Atlantic Station,Piedmont Park,member,21.416666666666668,18,1
R100359,2026-06-04 11:08:00,2026-06-04 11:15:12,Atlantic Station,Midtown MARTA,member,7.2,11,3
R105831,2026-07-29 08:13:00,2026-07-29 08:22:00,Ponce City Market,Midtown MARTA,member,9.0,8,2
R104974,2026-07-20 08:51:00,2026-07-20 09:07:53,Midtown MARTA,Ponce City Market,casual,16.883333333333333,8,0
R104318,2026-07-14 18:00:00,2026-07-14 18:12:27,Georgia State University,Ponce City Market,member,12.45,18,1
R103188,2026-07-02 19:53:00,2026-07-02 20:00:23,Ponce City Market,Midtown MARTA,member,7.383333333333334,19,3
R103576,2026-07-07 12:27:00,2026-07-07 13:02:24,Krog Street Market,Georgia State University,casual,35.4,12,1
R104913,2026-07-19 07:50:00,2026-07-19 08:12:00,Ponce City Market,Atlantic Station,casual,22.0,7,6
R101543,2026-06-16 04:01:00,2026-06-16 04:07:47,Centennial Olympic Park,Piedmont Park,member,6.783333333333333,4,1
R105071,2026-07-21 10:04:00,2026-07-21 10:10:00,Atlantic Station,Midtown MARTA,member,6.0,10,1
R105282,2026-07-23 19:25:00,2026-07-23 19:35:14,Ponce City Market,Grant Park,member,10.233333333333333,19,3
R105736,2026-07-28 17:26:00,2026-07-28 17:41:00,Krog Street Market,West End,member,15.0,17,1
R100370,2026-06-04 17:06:00,2026-06-04 17:21:43,Midtown MARTA,Ponce City Market,member,15.716666666666667,17,3
R104024,2026-07-11 11:12:00,2026-07-11 11:26:24,Ponce City Market,Piedmont Park,member,14.4,11,5
R102364,2026-06-24 11:19:00,2026-06-24 11:28:00,Georgia State University,Ponce City Market,member,9.0,11,2
R100135,2026-06-02 05:20:00,2026-06-02 05:25:10,Georgia State University,Midtown MARTA,member,5.166666666666667,5,1
R101117,2026-06-11 18:12:00,2026-06-11 18:20:26,Georgia State University,Centennial Olympic Park,member,8.433333333333334,18,3
R105407,2026-07-24 10:37:00,2026-07-24 10:53:00,Georgia State University,Atlantic Station,casual,16.0,10,4
R103565,2026-07-07 19:55:00,2026-07-07 20:17:00,Georgia State University,Centennial Olympic Park,casual,22.0,19,1
R104610,2026-07-17 13:43:00,2026-07-17 14:03:05,Centennial Olympic Park,Ponce City Market,member,20.083333333333332,13,4
R101248,2026-06-12 16:08:00,2026-06-12 16:13:42,Midtown MARTA,Centennial Olympic Park,member,5.7,16,4
R101703,2026-06-17 15:57:00,2026-06-17 16:07:19,Georgia State University,Atlantic Station,member,10.316666666666666,15,2
R103803,2026-07-09 11:55:00,2026-07-09 12:06:00,Ponce City Market,Piedmont Park,member,11.0,11,3
R102641,2026-06-26 17:19:00,2026-06-26 17:35:15,Georgia State University,West End,member,16.25,17,4
R105735,2026-07-28 16:02:00,2026-07-28 16:11:59,Centennial Olympic Park,Krog Street Market,member,9.983333333333333,16,1
R102986,2026-06-30 17:36:00,2026-06-30 17:47:18,Centennial Olympic Park,Ponce City Market,member,11.3,17,1
R100302,2026-06-03 16:30:00,2026-06-03 16:45:00,Georgia State University,Midtown MARTA,member,15.0,16,2
R100550,2026-06-06 15:21:00,2026-06-06 15:34:19,Ponce City Market,Midtown MARTA,member,13.316666666666666,15,5
R102846,2026-06-28 08:55:00,2026-06-28 08:56:59,Georgia State University,Midtown MARTA,casual,1.9833333333333334,8,6
R104532,2026-07-16 01:48:00,2026-07-16 01:59:36,Georgia State University,Midtown MARTA,casual,11.6,1,3
R104139,2026-07-12 10:38:00,2026-07-12 10:55:19,Ponce City Market,Midtown MARTA,member,17.316666666666666,10,6
R105317,2026-07-24 08:22:00,2026-07-24 08:34:49,Centennial Olympic Park,Georgia State University,member,12.816666666666666,8,4
R101370,2026-06-14 12:48:00,2026-06-14 13:14:00,Centennial Olympic Park,Midtown MARTA,casual,26.0,12,6
R100506,2026-06-05 16:07:00,2026-06-05 16:26:49,Midtown MARTA,Georgia State University,casual,19.816666666666666,16,4
R100578,2026-06-06 13:57:00,2026-06-06 14:11:20,Little Five Points,Ponce City Market,member,14.333333333333334,13,5
R104734,2026-07-18 17:31:00,2026-07-18 17:45:13,Midtown MARTA,Little Five Points,casual,14.216666666666667,17,5
R104231,2026-07-13 21:19:00,2026-07-13 21:49:58,Ponce City Market,Krog Street Market,casual,30.966666666666665,21,0
R104393,2026-07-15 19:14:00,2026-07-15 19:26:00,Georgia State University,West End,member,12.0,19,2
R105470,2026-07-25 12:36:00,2026-07-25 12:50:20,Atlantic Station,Centennial Olympic Park,member,14.333333333333334,12,5
R103954,2026-07-10 12:45:00,2026-07-10 12:59:05,West End,Piedmont Park,member,14.083333333333334,12,4
R100736,2026-06-08 19:38:00,2026-06-08 19:46:38,Midtown MARTA,Centennial Olympic Park,member,8.633333333333333,19,0
R102653,2026-06-26 14:59:00,2026-06-26 15:22:23,Ponce City Market,Georgia State University,casual,23.383333333333333,14,4
R103469,2026-07-06 15:43:00,2026-07-06 15:47:51,Ponce City Market,Centennial Olympic Park,member,4.85,15,0
R104070,2026-07-11 09:03:00,2026-07-11 09:30:01,Ponce City Market,Krog Street Market,casual,27.016666666666666,9,5
R104028,2026-07-11 13:12:00,2026-07-11 13:21:35,Georgia State University,Midtown MARTA,member,9.583333333333334,13,5
R103040,2026-07-01 05:01:00,2026-07-01 05:12:13,Piedmont Park,Ponce City Market,member,11.216666666666667,5,2
R105508,2026-07-26 10:23:00,2026-07-26 10:55:50,Piedmont Park,Centennial Olympic Park,casual,32.833333333333336,10,6
R104709,2026-07-18 12:20:00,2026-07-18 13:00:53,Krog Street Market,Piedmont Park,casual,40.88333333333333,12,5
R102625,2026-06-26 09:38:00,2026-06-26 09:50:33,Georgia State University,Ponce City Market,member,12.55,9,4
R104520,2026-07-16 17:40:00,2026-07-16 18:10:12,Ponce City Market,Atlantic Station,casual,30.2,17,3
R101417,2026-06-15 11:24:00,2026-06-15 11:51:24,Atlantic Station,Georgia State University,casual,27.4,11,0
R104162,2026-07-12 16:45:00,2026-07-12 17:21:00,Midtown MARTA,Piedmont Park,casual,36.0,16,6
R101524,2026-06-15 18:15:00,2026-06-15 18:46:37,Centennial Olympic Park,Midtown MARTA,casual,31.616666666666667,18,0
R104552,2026-07-16 14:53:00,2026-07-16 14:58:00,Atlantic Station,Georgia State University,member,5.0,14,3
R101576,2026-06-16 19:57:00,2026-06-16 20:34:03,Midtown MARTA,Ponce City Market,casual,37.05,19,1
R101747,2026-06-18 11:23:00,2026-06-18 11:36:00,Midtown MARTA,Unknown,member,13.0,11,3
R102553,2026-06-25 18:38:00,2026-06-25 19:09:41,Ponce City Market,Midtown MARTA,casual,31.683333333333334,18,3
R103267,2026-07-03 07:42:00,2026-07-03 08:01:45,Centennial Olympic Park,Midtown MARTA,member,19.75,7,4
R104372,2026-07-15 11:54:00,2026-07-15 12:05:55,Krog Street Market,Georgia State University,member,11.916666666666666,11,2
R100901,2026-06-09 22:47:00,2026-06-09 22:55:00,Centennial Olympic Park,Ponce City Market,member,8.0,22,1
R105778,2026-07-28 06:02:00,2026-07-28 06:06:29,Centennial Olympic Park,Midtown MARTA,member,4.483333333333333,6,1
R100064,2026-06-01 20:04:00,2026-06-01 20:10:03,Ponce City Market,Midtown MARTA,member,6.05,20,0
R105486,2026-07-26 20:33:00,2026-07-26 20:35:22,Ponce City Market,Midtown MARTA,casual,2.3666666666666667,20,6
R102829,2026-06-28 17:53:00,2026-06-28 17:56:24,Ponce City Market,Krog Street Market,member,3.4,17,6
R103639,2026-07-07 18:32:00,2026-07-07 18:47:00,Atlantic Station,Midtown MARTA,member,15.0,18,1
R100491,2026-06-05 22:13:00,2026-06-05 22:29:00,Ponce City Market,Centennial Olympic Park,member,16.0,22,4
R101626,2026-06-17 08:17:00,2026-06-17 08:25:00,Midtown MARTA,Piedmont Park,member,8.0,8,2
R100682,2026-06-07 08:00:00,2026-06-07 08:06:00,Midtown MARTA,Ponce City Market,casual,6.0,8,6
R100160,2026-06-02 20:07:00,2026-06-02 20:18:53,Midtown MARTA,Georgia State University,member,11.883333333333333,20,1
R100598,2026-06-07 08:25:00,2026-06-07 08:40:00,Midtown MARTA,Georgia State University,casual,15.0,8,6
R103532,2026-07-06 11:49:00,2026-07-06 11:59:00,Ponce City Market,Midtown MARTA,member,10.0,11,0
R100536,2026-06-06 20:19:00,2026-06-06 20:25:29,Centennial Olympic Park,Georgia State University,casual,6.483333333333333,20,5
R105752,2026-07-28 22:04:00,2026-07-28 22:12:53,Piedmont Park,Ponce City Market,member,8.883333333333333,22,1
R100814,2026-06-09 18:48:00,2026-06-09 19:00:00,Georgia State University,Krog Street Market,member,12.0,18,1
R101720,2026-06-17 08:48:00,2026-06-17 08:57:31,Midtown MARTA,Ponce City Market,member,9.516666666666667,8,2
R103047,2026-07-01 17:37:00,2026-07-01 17:49:31,Midtown MARTA,Atlantic Station,member,12.516666666666667,17,2
R102488,2026-06-25 17:00:00,2026-06-25 17:07:00,Georgia State University,Piedmont Park,member,7.0,17,3
R102567,2026-06-25 19:29:00,2026-06-25 19:30:00,Midtown MARTA,Ponce City Market,casual,1.0,19,3
R105540,2026-07-26 18:08:00,2026-07-26 18:12:00,Midtown MARTA,Piedmont Park,member,4.0,18,6
R101470,2026-06-15 19:58:00,2026-06-15 20:04:14,Ponce City Market,Midtown MARTA,member,6.233333333333333,19,0
R101584,2026-06-16 12:14:00,2026-06-16 12:25:54,Midtown MARTA,Centennial Olympic Park,member,11.9,12,1
R101628,2026-06-17 07:50:00,2026-06-17 08:09:18,Midtown MARTA,Atlantic Station,casual,19.3,7,2
R102478,2026-06-25 15:21:00,2026-06-25 15:36:08,Atlantic Station,Georgia State University,member,15.133333333333333,15,3
R104147,2026-07-12 14:40:00,2026-07-12 14:53:00,Ponce City Market,Midtown MARTA,member,13.0,14,6
R101173,2026-06-12 06:33:00,2026-06-12 07:07:00,Atlantic Station,Ponce City Market,casual,34.0,6,4
R102686,2026-06-27 16:20:00,2026-06-27 16:28:35,Little Five Points,Ponce City Market,member,8.583333333333334,16,5
R102839,2026-06-28 13:56:00,2026-06-28 14:12:44,Georgia State University,Midtown MARTA,casual,16.733333333333334,13,6
R100148,2026-06-02 19:56:00,2026-06-02 20:05:54,Centennial Olympic Park,Ponce City Market,member,9.9,19,1
R104382,2026-07-15 13:45:00,2026-07-15 13:55:15,West End,Midtown MARTA,member,10.25,13,2
R101346,2026-06-14 14:23:00,2026-06-14 14:53:00,Midtown MARTA,Centennial Olympic Park,casual,30.0,14,6
R105827,2026-07-29 19:31:00,2026-07-29 19:39:29,Midtown MARTA,Ponce City Market,member,8.483333333333333,19,2
R101536,2026-06-16 02:20:00,2026-06-16 02:26:44,Centennial Olympic Park,Midtown MARTA,member,6.733333333333333,2,1
R102651,2026-06-26 14:43:00,2026-06-26 14:57:13,Midtown MARTA,Centennial Olympic Park,member,14.216666666666667,14,4
R105811,2026-07-29 06:07:00,2026-07-29 06:19:42,Midtown MARTA,Ponce City Market,member,12.7,6,2
R103939,2026-07-10 06:22:00,2026-07-10 06:36:43,Krog Street Market,Midtown MARTA,member,14.716666666666667,6,4
R103521,2026-07-06 10:27:00,2026-07-06 10:48:43,Midtown MARTA,Ponce City Market,casual,21.716666666666665,10,0
R103508,2026-07-06 06:21:00,2026-07-06 06:30:13,Piedmont Park,Georgia State University,member,9.216666666666667,6,0
R104319,2026-07-14 16:05:00,2026-07-14 16:13:00,Centennial Olympic Park,Ponce City Market,member,8.0,16,1
R104308,2026-07-14 18:01:00,2026-07-14 18:24:00,Ponce City Market,Unknown,casual,23.0,18,1
R105296,2026-07-23 18:54:00,2026-07-23 19:03:52,Ponce City Market,Georgia State University,member,9.866666666666667,18,3
R100919,2026-06-10 16:24:00,2026-06-10 16:35:50,Atlantic Station,Ponce City Market,member,11.833333333333334,16,2
R105715,2026-07-27 13:26:00,2026-07-27 13:39:39,Piedmont Park,Krog Street Market,member,13.65,13,0
R102213,2026-06-22 12:51:00,2026-06-22 12:59:37,Atlantic Station,Georgia State University,member,8.616666666666667,12,0
R101188,2026-06-12 18:57:00,2026-06-12 19:03:00,Midtown MARTA,Krog Street Market,member,6.0,18,4
R104374,2026-07-15 07:05:00,2026-07-15 07:23:29,Georgia State University,Ponce City Market,member,18.483333333333334,7,2
R102914,2026-06-29 06:54:00,2026-06-29 07:25:49,Little Five Points,Georgia State University,casual,31.816666666666666,6,0
R102620,2026-06-26 18:31:00,2026-06-26 18:34:00,Krog Street Market,Atlantic Station,member,3.0,18,4
R100233,2026-06-03 22:29:00,2026-06-03 22:59:34,Little Five Points,Centennial Olympic Park,casual,30.566666666666666,22,2
R104864,2026-07-19 18:13:00,2026-07-19 18:22:56,Piedmont Park,Ponce City Market,member,9.933333333333334,18,6
R102963,2026-06-30 06:32:00,2026-06-30 06:45:30,West End,Centennial Olympic Park,member,13.5,6,1
R104795,2026-07-18 12:23:00,2026-07-18 12:34:58,Piedmont Park,Ponce City Market,member,11.966666666666667,12,5
R103190,2026-07-02 13:30:00,2026-07-02 13:46:08,Grant Park,Centennial Olympic Park,member,16.133333333333333,13,3
R102984,2026-06-30 13:57:00,2026-06-30 14:20:38,Ponce City Market,Centennial Olympic Park,casual,23.633333333333333,13,1
R103885,2026-07-09 16:04:00,2026-07-09 16:27:59,Piedmont Park,Midtown MARTA,casual,23.983333333333334,16,3
R102577,2026-06-26 18:35:00,2026-06-26 18:50:00,Ponce City Market,Centennial Olympic Park,member,15.0,18,4
R101633,2026-06-17 04:20:00,2026-06-17 04:29:20,Georgia State University,Midtown MARTA,member,9.333333333333334,4,2
R104953,2026-07-20 19:51:00,2026-07-20 20:03:00,Midtown MARTA,Centennial Olympic Park,member,12.0,19,0
R100996,2026-06-10 16:11:00,2026-06-10 16:21:43,Ponce City Market,Midtown MARTA,member,10.716666666666667,16,2
R105873,2026-07-29 16:52:00,2026-07-29 17:00:00,Georgia State University,Ponce City Market,member,8.0,16,2
R102530,2026-06-25 15:48:00,2026-06-25 15:49:00,Piedmont Park,Georgia State University,casual,1.0,15,3
R102636,2026-06-26 17:08:00,2026-06-26 17:14:35,Ponce City Market,Krog Street Market,member,6.583333333333333,17,4
R104936,2026-07-20 19:49:00,2026-07-20 19:58:00,Midtown MARTA,Centennial Olympic Park,member,9.0,19,0
R103772,2026-07-09 12:03:00,2026-07-09 12:18:19,Ponce City Market,Midtown MARTA,member,15.316666666666666,12,3
R100838,2026-06-09 07:02:00,2026-06-09 07:12:05,Midtown MARTA,Ponce City Market,member,10.083333333333334,7,1
R105975,2026-07-30 10:00:00,2026-07-30 10:05:03,Ponce City Market,Midtown MARTA,member,5.05,10,3
R100803,2026-06-08 15:29:00,2026-06-08 15:33:00,Ponce City Market,Midtown MARTA,member,4.0,15,0
R102114,2026-06-21 14:16:00,2026-06-21 14:50:17,Atlantic Station,Midtown MARTA,casual,34.28333333333333,14,6
R105992,2026-07-30 09:54:00,2026-07-30 10:08:43,Midtown MARTA,Georgia State University,member,14.716666666666667,9,3
R102942,2026-06-29 19:45:00,2026-06-29 19:59:58,Krog Street Market,Ponce City Market,member,14.966666666666667,19,0
R104471,2026-07-16 19:07:00,2026-07-16 19:14:36,Centennial Olympic Park,Atlantic Station,member,7.6,19,3
R100739,2026-06-08 08:09:00,2026-06-08 08:23:00,Krog Street Market,Midtown MARTA,member,14.0,8,0
R101842,2026-06-19 08:47:00,2026-06-19 08:51:32,West End,Centennial Olympic Park,member,4.533333333333333,8,4
R103734,2026-07-08 12:57:00,2026-07-08 13:07:00,Little Five Points,Centennial Olympic Park,member,10.0,12,2
R102908,2026-06-29 17:12:00,2026-06-29 17:13:00,Atlantic Station,Midtown MARTA,casual,1.0,17,0
R101930,2026-06-19 17:40:00,2026-06-19 17:51:03,Ponce City Market,Georgia State University,member,11.05,17,4
R104852,2026-07-19 08:05:00,2026-07-19 08:09:00,Ponce City Market,Georgia State University,member,4.0,8,6
R104668,2026-07-17 11:55:00,2026-07-17 12:06:22,Centennial Olympic Park,Ponce City Market,member,11.366666666666667,11,4
R102408,2026-06-24 07:03:00,2026-06-24 07:16:56,Ponce City Market,Midtown MARTA,member,13.933333333333334,7,2
R103691,2026-07-08 07:40:00,2026-07-08 07:50:26,Grant Park,Ponce City Market,member,10.433333333333334,7,2
R101268,2026-06-13 20:08:00,2026-06-13 20:38:00,Grant Park,Ponce City Market,casual,30.0,20,5
R103668,2026-07-08 08:14:00,2026-07-08 08:23:14,Georgia State University,Centennial Olympic Park,member,9.233333333333333,8,2
R105770,2026-07-28 08:36:00,2026-07-28 08:50:30,Atlantic Station,Centennial Olympic Park,member,14.5,8,1
R102784,2026-06-28 11:06:00,2026-06-28 11:26:00,Georgia State University,Midtown MARTA,casual,20.0,11,6
R101776,2026-06-18 21:19:00,2026-06-18 21:34:28,Midtown MARTA,Little Five Points,member,15.466666666666667,21,3
R102417,2026-06-24 06:46:00,2026-06-24 07:12:00,Ponce City Market,Centennial Olympic Park,casual,26.0,6,2
R104522,2026-07-16 10:25:00,2026-07-16 10:36:20,Krog Street Market,Midtown MARTA,member,11.333333333333334,10,3
R104176,2026-07-12 13:56:00,2026-07-12 14:19:01,Ponce City Market,Georgia State University,member,23.016666666666666,13,6
R103680,2026-07-08 16:26:00,2026-07-08 16:38:16,Midtown MARTA,Atlantic Station,member,12.266666666666667,16,2
R101362,2026-06-14 07:44:00,2026-06-14 07:49:41,Little Five Points,Ponce City Market,member,5.683333333333334,7,6
R103701,2026-07-08 14:55:00,2026-07-08 14:56:00,Piedmont Park,Little Five Points,casual,1.0,14,2
R101493,2026-06-15 11:04:00,2026-06-15 11:10:32,Midtown MARTA,Piedmont Park,member,6.533333333333333,11,0
R100041,2026-06-01 07:00:00,2026-06-01 07:13:31,Centennial Olympic Park,Midtown MARTA,member,13.516666666666667,7,0
R103241,2026-07-03 20:37:00,2026-07-03 20:49:58,Ponce City Market,Georgia State University,member,12.966666666666667,20,4
R103195,2026-07-02 08:10:00,2026-07-02 08:40:00,Georgia State University,Piedmont Park,casual,30.0,8,3
R105974,2026-07-30 09:39:00,2026-07-30 09:46:16,Centennial Olympic Park,Georgia State University,unknown,7.266666666666667,9,3
R104091,2026-07-11 10:05:00,2026-07-11 10:06:00,Georgia State University,Centennial Olympic Park,casual,1.0,10,5
R103857,2026-07-09 09:46:00,2026-07-09 10:00:24,Ponce City Market,Midtown MARTA,unknown,14.4,9,3
R104209,2026-07-13 06:02:00,2026-07-13 06:06:00,Atlantic Station,Midtown MARTA,unknown,4.0,6,0
R105530,2026-07-26 08:07:00,2026-07-26 08:39:49,Midtown MARTA,Piedmont Park,casual,32.81666666666667,8,6
R105419,2026-07-25 18:15:00,2026-07-25 18:27:00,Midtown MARTA,Centennial Olympic Park,member,12.0,18,5
R103316,2026-07-04 09:26:00,2026-07-04 09:55:00,Centennial Olympic Park,Ponce City Market,casual,29.0,9,5
R101556,2026-06-16 19:04:00,2026-06-16 19:32:17,Georgia State University,Piedmont Park,casual,28.283333333333335,19,1
R103008,2026-06-30 13:19:00,2026-06-30 13:32:09,Midtown MARTA,Georgia State University,member,13.15,13,1
R104847,2026-07-19 15:03:00,2026-07-19 15:14:55,Georgia State University,Ponce City Market,member,11.916666666666666,15,6
R100645,2026-06-07 14:49:00,2026-06-07 15:24:00,Georgia State University,Ponce City Market,casual,35.0,14,6
R101481,2026-06-15 16:00:00,2026-06-15 16:09:55,Little Five Points,Midtown MARTA,member,9.916666666666666,16,0
R105787,2026-07-28 16:04:00,2026-07-28 16:16:11,Georgia State University,Centennial Olympic Park,member,12.183333333333334,16,1
R105269,2026-07-23 01:49:00,2026-07-23 01:59:00,Krog Street Market,Piedmont Park,member,10.0,1,3
R105851,2026-07-29 06:46:00,2026-07-29 07:10:39,Georgia State University,Ponce City Market,casual,24.65,6,2
R100236,2026-06-03 12:33:00,2026-06-03 12:49:29,Midtown MARTA,Ponce City Market,member,16.483333333333334,12,2
R105512,2026-07-26 15:11:00,2026-07-26 15:13:30,Atlantic Station,Georgia State University,casual,2.5,15,6
R100994,2026-06-10 02:42:00,2026-06-10 02:58:29,Georgia State University,Ponce City Market,casual,16.483333333333334,2,2
R104049,2026-07-11 07:37:00,2026-07-11 08:02:38,Ponce City Market,Midtown MARTA,casual,25.633333333333333,7,5
R101564,2026-06-16 14:14:00,2026-06-16 14:29:31,Midtown MARTA,Centennial Olympic Park,member,15.516666666666667,14,1
R100923,2026-06-10 19:27:00,2026-06-10 19:54:47,Georgia State University,Midtown MARTA,casual,27.783333333333335,19,2
R102406,2026-06-24 18:46:00,2026-06-24 19:05:07,Georgia State University,Atlantic Station,casual,19.116666666666667,18,2
R104604,2026-07-17 16:05:00,2026-07-17 16:16:51,Krog Street Market,Midtown MARTA,member,11.85,16,4
R100320,2026-06-04 16:14:00,2026-06-04 16:27:53,Midtown MARTA,Piedmont Park,member,13.883333333333333,16,3
R102404,2026-06-24 06:16:00,2026-06-24 06:27:12,Midtown MARTA,Ponce City Market,member,11.2,6,2
R101843,2026-06-19 06:56:00,2026-06-19 07:05:09,Georgia State University,Ponce City Market,member,9.15,6,4
R101719,2026-06-17 12:28:00,2026-06-17 12:34:28,Piedmont Park,Ponce City Market,member,6.466666666666667,12,2
R101879,2026-06-19 19:08:00,2026-06-19 19:33:56,Krog Street Market,Georgia State University,casual,25.933333333333334,19,4
R104129,2026-07-12 12:42:00,2026-07-12 12:55:00,Piedmont Park,Centennial Olympic Park,casual,13.0,12,6
R102899,2026-06-29 12:02:00,2026-06-29 12:14:27,Midtown MARTA,Centennial Olympic Park,member,12.45,12,0
R104449,2026-07-15 14:23:00,2026-07-15 14:38:00,Ponce City Market,Midtown MARTA,member,15.0,14,2
R100046,2026-06-01 16:35:00,2026-06-01 16:47:00,Little Five Points,Centennial Olympic Park,member,12.0,16,0
R105156,2026-07-22 18:35:00,2026-07-22 19:01:16,Centennial Olympic Park,Ponce City Market,casual,26.266666666666666,18,2
R104676,2026-07-17 13:38:00,2026-07-17 14:06:15,Centennial Olympic Park,Piedmont Park,casual,28.25,13,4
R105397,2026-07-24 06:43:00,2026-07-24 06:53:24,Midtown MARTA,Piedmont Park,member,10.4,6,4
R103488,2026-07-06 17:12:00,2026-07-06 17:21:00,Georgia State University,Centennial Olympic Park,member,9.0,17,0
R100415,2026-06-04 17:56:00,2026-06-04 18:12:01,Little Five Points,Georgia State University,member,16.016666666666666,17,3
R102709,2026-06-27 11:58:00,2026-06-27 12:31:31,Midtown MARTA,Piedmont Park,casual,33.516666666666666,11,5
R104797,2026-07-18 18:15:00,2026-07-18 18:32:53,Midtown MARTA,Ponce City Market,member,17.883333333333333,18,5
R101277,2026-06-13 10:06:00,2026-06-13 10:38:51,Midtown MARTA,Piedmont Park,casual,32.85,10,5
R100111,2026-06-01 08:28:00,2026-06-01 09:04:47,Ponce City Market,Midtown MARTA,casual,36.78333333333333,8,0
R101734,2026-06-18 07:04:00,2026-06-18 07:22:27,Midtown MARTA,Ponce City Market,member,18.45,7,3
R105979,2026-07-30 14:17:00,2026-07-30 14:25:00,Georgia State University,Ponce City Market,member,8.0,14,3
R101704,2026-06-17 22:03:00,2026-06-17 22:05:00,Georgia State University,Midtown MARTA,member,2.0,22,2
R102982,2026-06-30 02:46:00,2026-06-30 02:57:30,Midtown MARTA,Ponce City Market,member,11.5,2,1
R101125,2026-06-11 15:13:00,2026-06-11 15:27:44,Midtown MARTA,Centennial Olympic Park,casual,14.733333333333333,15,3
R102344,2026-06-24 21:14:00,2026-06-24 21:22:17,Atlantic Station,Centennial Olympic Park,member,8.283333333333333,21,2
R102634,2026-06-26 08:48:00,2026-06-26 09:02:17,Georgia State University,Atlantic Station,member,14.283333333333333,8,4
R100035,2026-06-01 09:40:00,2026-06-01 09:53:34,Piedmont Park,Midtown MARTA,member,13.566666666666666,9,0
R105205,2026-07-22 11:07:00,2026-07-22 11:25:00,Midtown MARTA,Ponce City Market,casual,18.0,11,2
R104175,2026-07-12 15:20:00,2026-07-12 15:51:04,Georgia State University,Midtown MARTA,casual,31.066666666666666,15,6
R101629,2026-06-17 07:35:00,2026-06-17 07:45:00,Krog Street Market,Midtown MARTA,member,10.0,7,2
R103174,2026-07-02 18:13:00,2026-07-02 18:21:15,Centennial Olympic Park,Georgia State University,member,8.25,18,3
R100214,2026-06-03 11:52:00,2026-06-03 12:05:00,Midtown MARTA,Piedmont Park,member,13.0,11,2
R103754,2026-07-08 08:30:00,2026-07-08 08:38:00,Midtown MARTA,Ponce City Market,member,8.0,8,2
R105654,2026-07-27 08:03:00,2026-07-27 08:14:59,Centennial Olympic Park,Midtown MARTA,casual,11.983333333333333,8,0
R104013,2026-07-10 14:14:00,2026-07-10 14:25:31,Little Five Points,Atlantic Station,member,11.516666666666667,14,4
R105511,2026-07-26 12:32:00,2026-07-26 12:52:28,Ponce City Market,Midtown MARTA,casual,20.466666666666665,12,6
R104483,2026-07-16 07:37:00,2026-07-16 08:02:38,Krog Street Market,Georgia State University,casual,25.633333333333333,7,3
R101504,2026-06-15 07:35:00,2026-06-15 07:48:42,West End,Atlantic Station,member,13.7,7,0
R100089,2026-06-01 21:53:00,2026-06-01 22:12:14,Midtown MARTA,Ponce City Market,member,19.233333333333334,21,0
R101815,2026-06-19 04:10:00,2026-06-19 04:24:00,Ponce City Market,Atlantic Station,member,14.0,4,4
R105420,2026-07-25 07:40:00,2026-07-25 08:01:49,Georgia State University,Grant Park,casual,21.816666666666666,7,5
R102572,2026-06-25 18:58:00,2026-06-25 19:12:50,Midtown MARTA,Little Five Points,member,14.833333333333334,18,3
R102716,2026-06-27 11:53:00,2026-06-27 12:34:00,Midtown MARTA,Ponce City Market,casual,41.0,11,5
R103518,2026-07-06 08:48:00,2026-07-06 09:03:30,Midtown MARTA,Georgia State University,member,15.5,8,0
R103960,2026-07-10 19:29:00,2026-07-10 19:39:00,Centennial Olympic Park,Ponce City Market,member,10.0,19,4
R105995,2026-07-30 15:35:00,2026-07-30 15:49:00,Centennial Olympic Park,Midtown MARTA,member,14.0,15,3
R100987,2026-06-10 23:36:00,2026-06-10 23:52:00,Centennial Olympic Park,Georgia State University,member,16.0,23,2
R103129,2026-07-02 16:11:00,2026-07-02 16:18:47,Midtown MARTA,Ponce City Market,casual,7.783333333333333,16,3
R105797,2026-07-28 07:47:00,2026-07-28 08:05:18,Centennial Olympic Park,Piedmont Park,member,18.3,7,1
R102331,2026-06-24 07:25:00,2026-06-24 07:37:18,Little Five Points,Midtown MARTA,member,12.3,7,2
R100081,2026-06-01 07:04:00,2026-06-01 07:39:16,Ponce City Market,Midtown MARTA,casual,35.266666666666666,7,0
R102334,2026-06-24 14:38:00,2026-06-24 14:39:44,Centennial Olympic Park,Georgia State University,member,1.7333333333333334,14,2
R102430,2026-06-24 02:52:00,2026-06-24 03:03:27,Piedmont Park,Georgia State University,member,11.45,2,2
R105652,2026-07-27 17:00:00,2026-07-27 17:14:16,Piedmont Park,Georgia State University,member,14.266666666666667,17,0
R102638,2026-06-26 08:40:00,2026-06-26 08:47:41,Midtown MARTA,Little Five Points,member,7.683333333333334,8,4
R103107,2026-07-02 16:03:00,2026-07-02 16:08:00,Georgia State University,Midtown MARTA,member,5.0,16,3
R100968,2026-06-10 08:37:00,2026-06-10 08:45:01,Georgia State University,Centennial Olympic Park,member,8.016666666666667,8,2
R100845,2026-06-09 13:34:00,2026-06-09 13:42:29,West End,Midtown MARTA,member,8.483333333333333,13,1
R100632,2026-06-07 07:19:00,2026-06-07 07:45:08,Centennial Olympic Park,Piedmont Park,casual,26.133333333333333,7,6
R102792,2026-06-28 10:34:00,2026-06-28 10:48:54,Little Five Points,Midtown MARTA,casual,14.9,10,6
R103042,2026-07-01 08:46:00,2026-07-01 08:58:41,Midtown MARTA,Atlantic Station,member,12.683333333333334,8,2
R101035,2026-06-11 20:02:00,2026-06-11 20:11:00,Ponce City Market,Midtown MARTA,member,9.0,20,3
R100972,2026-06-10 07:52:00,2026-06-10 08:04:35,Atlantic Station,Ponce City Market,member,12.583333333333334,7,2
R104543,2026-07-16 07:11:00,2026-07-16 07:25:28,Krog Street Market,Atlantic Station,member,14.466666666666667,7,3
R102540,2026-06-25 09:34:00,2026-06-25 10:19:55,Ponce City Market,Midtown MARTA,casual,45.916666666666664,9,3
R104036,2026-07-11 12:16:00,2026-07-11 12:23:47,Centennial Olympic Park,Georgia State University,casual,7.783333333333333,12,5
R102226,2026-06-22 10:35:00,2026-06-22 10:46:22,Midtown MARTA,Krog Street Market,member,11.366666666666667,10,0
R103606,2026-07-07 16:05:00,2026-07-07 16:29:54,Georgia State University,Midtown MARTA,casual,24.9,16,1
R104010,2026-07-10 18:13:00,2026-07-10 18:24:09,Centennial Olympic Park,Midtown MARTA,member,11.15,18,4
R104420,2026-07-15 03:36:00,2026-07-15 03:46:00,Centennial Olympic Park,Atlantic Station,member,10.0,3,2
R104870,2026-07-19 15:49:00,2026-07-19 16:15:27,Midtown MARTA,Georgia State University,casual,26.45,15,6
R104910,2026-07-19 07:31:00,2026-07-19 07:46:00,Midtown MARTA,Georgia State University,member,15.0,7,6
R105320,2026-07-24 11:37:00,2026-07-24 11:57:56,Little Five Points,Centennial Olympic Park,casual,20.933333333333334,11,4
R101283,2026-06-13 18:22:00,2026-06-13 18:29:40,Midtown MARTA,Centennial Olympic Park,casual,7.666666666666667,18,5
R102378,2026-06-24 22:49:00,2026-06-24 22:56:48,Ponce City Market,Midtown MARTA,member,7.8,22,2
R104424,2026-07-15 13:45:00,2026-07-15 13:58:00,Georgia State University,Little Five Points,member,13.0,13,2
R104126,2026-07-12 16:40:00,2026-07-12 16:58:00,Georgia State University,Ponce City Market,casual,18.0,16,6
R103093,2026-07-01 09:11:00,2026-07-01 09:19:15,Piedmont Park,Ponce City Market,member,8.25,9,2
R100266,2026-06-03 08:45:00,2026-06-03 09:05:17,Midtown MARTA,Georgia State University,casual,20.283333333333335,8,2
R100419,2026-06-04 05:57:00,2026-06-04 06:08:00,Midtown MARTA,Centennial Olympic Park,member,11.0,5,3
R101916,2026-06-19 12:03:00,2026-06-19 12:14:16,Krog Street Market,Centennial Olympic Park,member,11.266666666666667,12,4
R101707,2026-06-17 07:35:00,2026-06-17 07:48:00,Grant Park,Ponce City Market,member,13.0,7,2
R102345,2026-06-24 01:21:00,2026-06-24 01:33:00,Midtown MARTA,Centennial Olympic Park,member,12.0,1,2
R105228,2026-07-22 20:29:00,2026-07-22 20:41:00,Grant Park,Midtown MARTA,member,12.0,20,2
R102124,2026-06-22 19:35:00,2026-06-22 19:41:59,Midtown MARTA,Centennial Olympic Park,member,6.983333333333333,19,0
R103266,2026-07-03 18:59:00,2026-07-03 19:14:00,Midtown MARTA,Piedmont Park,member,15.0,18,4
R102904,2026-06-29 16:35:00,2026-06-29 16:43:05,Midtown MARTA,Georgia State University,member,8.083333333333334,16,0
R101251,2026-06-13 16:20:00,2026-06-13 16:32:00,Georgia State University,Piedmont Park,member,12.0,16,5
R105966,2026-07-30 08:09:00,2026-07-30 08:22:00,Midtown MARTA,Centennial Olympic Park,member,13.0,8,3
R100522,2026-06-06 12:13:00,2026-06-06 12:35:28,Midtown MARTA,Atlantic Station,casual,22.466666666666665,12,5
R103800,2026-07-09 07:11:00,2026-07-09 07:24:05,Krog Street Market,Midtown MARTA,member,13.083333333333334,7,3
R102011,2026-06-21 09:24:00,2026-06-21 09:36:00,Midtown MARTA,Krog Street Market,member,12.0,9,6
R101108,2026-06-11 07:04:00,2026-06-11 07:13:04,Ponce City Market,Little Five Points,casual,9.066666666666666,7,3
R102475,2026-06-25 08:55:00,2026-06-25 09:08:01,Ponce City Market,Piedmont Park,member,13.016666666666667,8,3
R103828,2026-07-09 06:32:00,2026-07-09 06:40:02,Georgia State University,Grant Park,member,8.033333333333333,6,3
R102173,2026-06-22 06:46:00,2026-06-22 07:07:00,Centennial Olympic Park,Georgia State University,casual,21.0,6,0
R100315,2026-06-04 16:59:00,2026-06-04 17:16:32,Grant Park,Ponce City Market,member,17.533333333333335,16,3
R103564,2026-07-07 17:23:00,2026-07-07 17:46:33,Midtown MARTA,Piedmont Park,casual,23.55,17,1
R102494,2026-06-25 12:08:00,2026-06-25 12:20:00,Midtown MARTA,Piedmont Park,member,12.0,12,3
R104440,2026-07-15 06:35:00,2026-07-15 06:44:00,Little Five Points,Georgia State University,member,9.0,6,2
R103020,2026-06-30 10:35:00,2026-06-30 10:46:12,Georgia State University,Ponce City Market,member,11.2,10,1
R101431,2026-06-15 21:31:00,2026-06-15 21:40:19,Georgia State University,Midtown MARTA,member,9.316666666666666,21,0
R100467,2026-06-05 15:28:00,2026-06-05 15:42:35,Georgia State University,Ponce City Market,member,14.583333333333334,15,4
R102533,2026-06-25 19:05:00,2026-06-25 19:11:52,Piedmont Park,Georgia State University,member,6.866666666666666,19,3
R100190,2026-06-02 14:39:00,2026-06-02 14:57:00,Piedmont Park,Midtown MARTA,member,18.0,14,1
R105039,2026-07-21 13:59:00,2026-07-21 14:18:00,Midtown MARTA,Krog Street Market,member,19.0,13,1
R100881,2026-06-09 09:40:00,2026-06-09 10:00:20,West End,Piedmont Park,casual,20.333333333333332,9,1
R100073,2026-06-01 11:30:00,2026-06-01 11:41:35,Georgia State University,Ponce City Market,member,11.583333333333334,11,0
R103416,2026-07-05 07:29:00,2026-07-05 07:42:23,Centennial Olympic Park,Midtown MARTA,casual,13.383333333333333,7,6
R104782,2026-07-18 18:32:00,2026-07-18 18:50:03,Midtown MARTA,Centennial Olympic Park,casual,18.05,18,5
R102451,2026-06-24 17:36:00,2026-06-24 17:49:00,Georgia State University,Centennial Olympic Park,member,13.0,17,2
R101081,2026-06-11 18:24:00,2026-06-11 18:32:13,Ponce City Market,Piedmont Park,member,8.216666666666667,18,3
R100511,2026-06-05 21:00:00,2026-06-05 21:16:00,Centennial Olympic Park,Ponce City Market,member,16.0,21,4
R102609,2026-06-26 15:10:00,2026-06-26 15:23:37,Atlantic Station,Midtown MARTA,member,13.616666666666667,15,4
R101250,2026-06-12 16:24:00,2026-06-12 16:40:53,West End,Georgia State University,member,16.883333333333333,16,4
R103189,2026-07-02 20:00:00,2026-07-02 20:06:21,Centennial Olympic Park,Midtown MARTA,member,6.35,20,3
R100216,2026-06-03 05:12:00,2026-06-03 05:30:51,Ponce City Market,Georgia State University,member,18.85,5,2
R103236,2026-07-03 15:39:00,2026-07-03 15:54:00,Ponce City Market,Centennial Olympic Park,member,15.0,15,4
R101178,2026-06-12 08:12:00,2026-06-12 08:19:08,Atlantic Station,Piedmont Park,member,7.133333333333334,8,4
R101209,2026-06-12 19:56:00,2026-06-12 20:04:00,Midtown MARTA,Ponce City Market,member,8.0,19,4
R105846,2026-07-29 18:02:00,2026-07-29 18:13:00,Midtown MARTA,Ponce City Market,member,11.0,18,2
R102683,2026-06-27 11:06:00,2026-06-27 11:20:26,Ponce City Market,Krog Street Market,casual,14.433333333333334,11,5
R103322,2026-07-04 12:28:00,2026-07-04 12:45:47,Midtown MARTA,Georgia State University,casual,17.783333333333335,12,5
R100104,2026-06-01 15:45:00,2026-06-01 16:00:11,Georgia State University,Krog Street Market,casual,15.183333333333334,15,0
R101422,2026-06-15 16:58:00,2026-06-15 17:12:00,Ponce City Market,Centennial Olympic Park,member,14.0,16,0
R101376,2026-06-14 10:38:00,2026-06-14 11:00:26,West End,Centennial Olympic Park,casual,22.433333333333334,10,6
R103280,2026-07-03 11:12:00,2026-07-03 11:17:41,Ponce City Market,Centennial Olympic Park,member,5.683333333333334,11,4
R102877,2026-06-29 20:36:00,2026-06-29 20:44:42,Centennial Olympic Park,Ponce City Market,member,8.7,20,0
R103148,2026-07-02 12:13:00,2026-07-02 12:27:43,Midtown MARTA,Krog Street Market,member,14.716666666666667,12,3
R100178,2026-06-02 06:06:00,2026-06-02 06:23:00,Atlantic Station,Grant Park,member,17.0,6,1
R100162,2026-06-02 08:28:00,2026-06-02 08:43:00,Georgia State University,Atlantic Station,member,15.0,8,1
R102723,2026-06-27 06:23:00,2026-06-27 06:48:00,Ponce City Market,Midtown MARTA,casual,25.0,6,5
R101256,2026-06-13 16:06:00,2026-06-13 16:12:54,Centennial Olympic Park,Atlantic Station,member,6.9,16,5
R104898,2026-07-19 14:14:00,2026-07-19 14:26:33,Krog Street Market,Centennial Olympic Park,member,12.55,14,6
R100217,2026-06-03 12:39:00,2026-06-03 12:49:00,Georgia State University,Piedmont Park,member,10.0,12,2
R103616,2026-07-07 08:36:00,2026-07-07 09:06:00,Krog Street Market,Piedmont Park,casual,30.0,8,1
R100705,2026-06-07 09:58:00,2026-06-07 10:10:36,Atlantic Station,Centennial Olympic Park,member,12.6,9,6
R105454,2026-07-25 20:58:00,2026-07-25 21:00:00,Georgia State University,Midtown MARTA,member,2.0,20,5
R100456,2026-06-05 18:33:00,2026-06-05 19:17:00,Ponce City Market,Georgia State University,casual,44.0,18,4
R101619,2026-06-17 17:26:00,2026-06-17 17:45:09,Georgia State University,Midtown MARTA,casual,19.15,17,2
R102818,2026-06-28 15:50:00,2026-06-28 16:08:00,Midtown MARTA,Ponce City Market,casual,18.0,15,6
R105004,2026-07-20 19:51:00,2026-07-20 20:07:09,Midtown MARTA,Ponce City Market,member,16.15,19,0
R100280,2026-06-03 16:55:00,2026-06-03 17:03:54,Midtown MARTA,Little Five Points,member,8.9,16,2
R102223,2026-06-22 15:57:00,2026-06-22 16:11:25,West End,Midtown MARTA,member,14.416666666666666,15,0
R103530,2026-07-06 20:08:00,2026-07-06 20:23:00,Ponce City Market,Georgia State University,member,15.0,20,0
R101595,2026-06-16 18:22:00,2026-06-16 18:31:13,Georgia State University,Midtown MARTA,member,9.216666666666667,18,1
R104057,2026-07-11 19:02:00,2026-07-11 19:25:36,Piedmont Park,Ponce City Market,casual,23.6,19,5
R103559,2026-07-06 15:14:00,2026-07-06 15:19:00,Georgia State University,Midtown MARTA,member,5.0,15,0
R105218,2026-07-22 23:13:00,2026-07-22 23:24:23,Centennial Olympic Park,Midtown MARTA,member,11.383333333333333,23,2
R101994,2026-06-20 15:14:00,2026-06-20 15:59:25,Midtown MARTA,Ponce City Market,casual,45.416666666666664,15,5
R105331,2026-07-24 11:33:00,2026-07-24 11:40:17,Little Five Points,Ponce City Market,member,7.283333333333333,11,4
R102808,2026-06-28 10:24:00,2026-06-28 10:43:41,Midtown MARTA,Piedmont Park,casual,19.683333333333334,10,6
R100562,2026-06-06 08:56:00,2026-06-06 09:08:54,Centennial Olympic Park,Ponce City Market,member,12.9,8,5
R101977,2026-06-20 16:48:00,2026-06-20 16:55:40,Ponce City Market,West End,member,7.666666666666667,16,5
R103654,2026-07-08 10:54:00,2026-07-08 11:09:09,Centennial Olympic Park,Ponce City Market,member,15.15,10,2
R100416,2026-06-04 10:38:00,2026-06-04 10:50:00,Ponce City Market,Georgia State University,member,12.0,10,3
R105229,2026-07-22 05:14:00,2026-07-22 05:28:02,Piedmont Park,Georgia State University,member,14.033333333333333,5,2
R105937,2026-07-30 15:52:00,2026-07-30 16:09:44,Ponce City Market,Krog Street Market,casual,17.733333333333334,15,3
R105294,2026-07-23 17:21:00,2026-07-23 17:37:00,Centennial Olympic Park,Little Five Points,member,16.0,17,3
R100732,2026-06-08 14:09:00,2026-06-08 14:14:00,Midtown MARTA,Atlantic Station,unknown,5.0,14,0
R102058,2026-06-21 09:46:00,2026-06-21 09:57:00,Georgia State University,Midtown MARTA,member,11.0,9,6
R102976,2026-06-30 18:18:00,2026-06-30 18:38:00,Ponce City Market,Midtown MARTA,casual,20.0,18,1
R101613,2026-06-17 17:12:00,2026-06-17 17:24:00,Atlantic Station,Centennial Olympic Park,member,12.0,17,2
R105055,2026-07-21 17:48:00,2026-07-21 17:49:00,Little Five Points,Midtown MARTA,casual,1.0,17,1
R103377,2026-07-04 14:46:00,2026-07-04 14:52:00,Ponce City Market,Georgia State University,casual,6.0,14,5
R103240,2026-07-03 12:54:00,2026-07-03 13:03:00,Krog Street Market,Centennial Olympic Park,member,9.0,12,4
R105620,2026-07-27 18:48:00,2026-07-27 18:53:55,Ponce City Market,Midtown MARTA,member,5.916666666666667,18,0
R104496,2026-07-16 07:21:00,2026-07-16 07:22:00,Piedmont Park,Georgia State University,member,1.0,7,3
R101647,2026-06-17 13:19:00,2026-06-17 13:47:37,Midtown MARTA,Centennial Olympic Park,casual,28.616666666666667,13,2
R103159,2026-07-02 19:37:00,2026-07-02 19:52:27,Midtown MARTA,Ponce City Market,member,15.45,19,3
R104060,2026-07-11 18:25:00,2026-07-11 18:33:40,Atlantic Station,Midtown MARTA,casual,8.666666666666666,18,5
R100043,2026-06-01 06:32:00,2026-06-01 06:38:03,Little Five Points,Ponce City Market,casual,6.05,6,0
R104873,2026-07-19 14:04:00,2026-07-19 14:26:00,Grant Park,Ponce City Market,casual,22.0,14,6
R103895,2026-07-09 07:29:00,2026-07-09 07:39:00,Midtown MARTA,Ponce City Market,member,10.0,7,3
R103250,2026-07-03 08:53:00,2026-07-03 09:05:00,Midtown MARTA,Piedmont Park,member,12.0,8,4
R101327,2026-06-13 14:09:00,2026-06-13 14:26:00,Centennial Olympic Park,Midtown MARTA,member,17.0,14,5
R101955,2026-06-20 12:34:00,2026-06-20 12:58:11,Krog Street Market,Centennial Olympic Park,casual,24.183333333333334,12,5
R103024,2026-07-01 07:45:00,2026-07-01 07:57:00,Georgia State University,Midtown MARTA,member,12.0,7,2
R105932,2026-07-30 11:02:00,2026-07-30 11:15:08,Ponce City Market,Little Five Points,member,13.133333333333333,11,3
R103355,2026-07-04 14:11:00,2026-07-04 14:30:34,Midtown MARTA,Ponce City Market,casual,19.566666666666666,14,5
R100363,2026-06-04 20:57:00,2026-06-04 21:13:00,Ponce City Market,Georgia State University,member,16.0,20,3
R100075,2026-06-01 07:15:00,2026-06-01 07:34:00,Centennial Olympic Park,Piedmont Park,casual,19.0,7,0
R102695,2026-06-27 14:05:00,2026-06-27 14:13:56,Georgia State University,Midtown MARTA,member,8.933333333333334,14,5
R104621,2026-07-17 08:05:00,2026-07-17 08:11:27,West End,Centennial Olympic Park,casual,6.45,8,4
R103721,2026-07-08 18:54:00,2026-07-08 19:25:00,Georgia State University,Krog Street Market,casual,31.0,18,2
R104835,2026-07-19 17:27:00,2026-07-19 17:40:33,Midtown MARTA,Little Five Points,member,13.55,17,6
R104412,2026-07-15 15:13:00,2026-07-15 15:22:32,Ponce City Market,Midtown MARTA,member,9.533333333333333,15,2
R101522,2026-06-15 11:51:00,2026-06-15 12:03:00,Georgia State University,Ponce City Market,member,12.0,11,0
R105794,2026-07-28 08:56:00,2026-07-28 09:10:00,Krog Street Market,Midtown MARTA,member,14.0,8,1
R102022,2026-06-21 11:40:00,2026-06-21 12:01:58,Georgia State University,Ponce City Market,casual,21.966666666666665,11,6
R101246,2026-06-12 17:00:00,2026-06-12 17:14:00,Midtown MARTA,Atlantic Station,member,14.0,17,4
R103927,2026-07-10 12:20:00,2026-07-10 12:55:31,Ponce City Market,Piedmont Park,casual,35.516666666666666,12,4
R101345,2026-06-14 01:53:00,2026-06-14 02:09:47,Atlantic Station,Ponce City Market,casual,16.783333333333335,1,6
R101549,2026-06-16 07:27:00,2026-06-16 07:41:44,Atlantic Station,Midtown MARTA,member,14.733333333333333,7,1
R100602,2026-06-07 06:00:00,2026-06-07 06:01:00,Midtown MARTA,Georgia State University,casual,1.0,6,6
R101588,2026-06-16 09:22:00,2026-06-16 09:33:19,Ponce City Market,Midtown MARTA,member,11.316666666666666,9,1
R104489,2026-07-16 18:00:00,2026-07-16 18:01:00,Midtown MARTA,Georgia State University,casual,1.0,18,3
R100350,2026-06-04 07:29:00,2026-06-04 07:34:00,Midtown MARTA,Ponce City Market,member,5.0,7,3
R104968,2026-07-20 08:37:00,2026-07-20 08:50:09,Centennial Olympic Park,Georgia State University,member,13.15,8,0
R100731,2026-06-08 14:38:00,2026-06-08 15:03:38,Ponce City Market,Atlantic Station,casual,25.633333333333333,14,0
R100424,2026-06-05 07:33:00,2026-06-05 07:45:00,Ponce City Market,Centennial Olympic Park,member,12.0,7,4
R103006,2026-06-30 20:30:00,2026-06-30 20:43:04,Midtown MARTA,Centennial Olympic Park,casual,13.066666666666666,20,1
R100226,2026-06-03 10:50:00,2026-06-03 10:58:05,Ponce City Market,Georgia State University,member,8.083333333333334,10,2
R102983,2026-06-30 08:39:00,2026-06-30 08:53:34,Grant Park,Midtown MARTA,member,14.566666666666666,8,1
R105860,2026-07-29 09:08:00,2026-07-29 09:22:00,Piedmont Park,Georgia State University,member,14.0,9,2
R105040,2026-07-21 16:16:00,2026-07-21 16:31:05,Centennial Olympic Park,Little Five Points,member,15.083333333333334,16,1
R102204,2026-06-22 07:45:00,2026-06-22 08:01:43,Midtown MARTA,Ponce City Market,member,16.716666666666665,7,0
R103178,2026-07-02 18:02:00,2026-07-02 18:20:00,Centennial Olympic Park,Midtown MARTA,unknown,18.0,18,3
R104124,2026-07-12 07:38:00,2026-07-12 08:11:21,Piedmont Park,Midtown MARTA,casual,33.35,7,6
R101127,2026-06-12 12:58:00,2026-06-12 12:59:38,Centennial Olympic Park,Ponce City Market,member,1.6333333333333333,12,4
R104260,2026-07-14 07:45:00,2026-07-14 07:56:09,Midtown MARTA,Georgia State University,unknown,11.15,7,1
R103452,2026-07-05 07:43:00,2026-07-05 07:54:00,Atlantic Station,Centennial Olympic Park,member,11.0,7,6
R105877,2026-07-29 16:37:00,2026-07-29 17:01:46,Georgia State University,Midtown MARTA,casual,24.766666666666666,16,2
R101501,2026-06-15 08:23:00,2026-06-15 08:43:50,Midtown MARTA,Georgia State University,casual,20.833333333333332,8,0
R100086,2026-06-01 05:58:00,2026-06-01 06:08:00,Midtown MARTA,Ponce City Market,member,10.0,5,0
R101740,2026-06-18 08:45:00,2026-06-18 08:52:58,Georgia State University,Ponce City Market,member,7.966666666666667,8,3
R102521,2026-06-25 05:29:00,2026-06-25 05:37:22,Midtown MARTA,Centennial Olympic Park,member,8.366666666666667,5,3
R101430,2026-06-15 12:56:00,2026-06-15 13:18:00,Ponce City Market,Grant Park,member,22.0,12,0
R102051,2026-06-21 13:57:00,2026-06-21 14:22:00,Midtown MARTA,Centennial Olympic Park,casual,25.0,13,6
R100649,2026-06-07 15:06:00,2026-06-07 15:21:25,Georgia State University,Centennial Olympic Park,member,15.416666666666666,15,6
R103560,2026-07-06 15:31:00,2026-07-06 15:56:23,Ponce City Market,Centennial Olympic Park,casual,25.383333333333333,15,0
R104073,2026-07-11 13:18:00,2026-07-11 13:30:09,Piedmont Park,Ponce City Market,member,12.15,13,5
R100718,2026-06-08 14:52:00,2026-06-08 15:06:20,Centennial Olympic Park,Ponce City Market,casual,14.333333333333334,14,0
R104154,2026-07-12 06:29:00,2026-07-12 06:43:00,Georgia State University,Midtown MARTA,member,14.0,6,6
R103200,2026-07-02 17:18:00,2026-07-02 17:30:26,Atlantic Station,Georgia State University,member,12.433333333333334,17,3
R103133,2026-07-02 15:47:00,2026-07-02 16:04:00,Centennial Olympic Park,Ponce City Market,member,17.0,15,3
R100127,2026-06-02 14:57:00,2026-06-02 15:16:54,Centennial Olympic Park,Piedmont Park,member,19.9,14,1
R101889,2026-06-19 08:58:00,2026-06-19 09:35:30,Piedmont Park,Centennial Olympic Park,casual,37.5,8,4
R105053,2026-07-21 10:55:00,2026-07-21 11:11:48,Midtown MARTA,Ponce City Market,member,16.8,10,1
R104949,2026-07-20 14:18:00,2026-07-20 14:34:00,Piedmont Park,Ponce City Market,member,16.0,14,0
R101387,2026-06-14 15:32:00,2026-06-14 16:05:08,Centennial Olympic Park,Atlantic Station,casual,33.13333333333333,15,6
R105710,2026-07-27 17:15:00,2026-07-27 17:22:00,Midtown MARTA,Georgia State University,casual,7.0,17,0
R105174,2026-07-22 18:20:00,2026-07-22 18:33:00,Ponce City Market,Midtown MARTA,member,13.0,18,2
R102296,2026-06-23 16:30:00,2026-06-23 16:54:00,Georgia State University,Midtown MARTA,casual,24.0,16,1
R101352,2026-06-14 13:39:00,2026-06-14 13:50:00,Midtown MARTA,Georgia State University,member,11.0,13,6
R100608,2026-06-07 08:16:00,2026-06-07 08:33:10,Grant Park,Piedmont Park,casual,17.166666666666668,8,6
R105105,2026-07-21 19:18:00,2026-07-21 19:31:51,Ponce City Market,Piedmont Park,member,13.85,19,1
R103855,2026-07-09 06:24:00,2026-07-09 06:38:00,Little Five Points,Ponce City Market,member,14.0,6,3
R101001,2026-06-10 17:42:00,2026-06-10 17:54:08,Atlantic Station,Ponce City Market,casual,12.133333333333333,17,2
R105255,2026-07-23 20:59:00,2026-07-23 21:06:33,Centennial Olympic Park,Georgia State University,member,7.55,20,3
R104184,2026-07-13 08:39:00,2026-07-13 08:56:46,Midtown MARTA,Centennial Olympic Park,member,17.766666666666666,8,0
R101402,2026-06-14 11:30:00,2026-06-14 11:43:27,Ponce City Market,Midtown MARTA,member,13.45,11,6
R103863,2026-07-09 07:10:00,2026-07-09 07:26:18,Midtown MARTA,Atlantic Station,casual,16.3,7,3
R101766,2026-06-18 07:05:00,2026-06-18 07:13:41,Georgia State University,Centennial Olympic Park,member,8.683333333333334,7,3
R104199,2026-07-13 17:01:00,2026-07-13 17:04:17,Midtown MARTA,Georgia State University,member,3.283333333333333,17,0
R105388,2026-07-24 09:21:00,2026-07-24 10:06:00,Atlantic Station,Krog Street Market,casual,45.0,9,4
R104828,2026-07-19 06:44:00,2026-07-19 07:13:28,Ponce City Market,Unknown,casual,29.466666666666665,6,6
R103832,2026-07-09 09:11:00,2026-07-09 09:37:25,Ponce City Market,Georgia State University,casual,26.416666666666668,9,3
R103817,2026-07-09 20:26:00,2026-07-09 20:31:53,Ponce City Market,Midtown MARTA,member,5.883333333333334,20,3
R100108,2026-06-01 20:19:00,2026-06-01 20:32:14,Midtown MARTA,Piedmont Park,member,13.233333333333333,20,0
R105138,2026-07-21 18:09:00,2026-07-21 18:44:16,Georgia State University,Piedmont Park,casual,35.266666666666666,18,1
R104229,2026-07-13 17:38:00,2026-07-13 17:46:40,Midtown MARTA,Grant Park,member,8.666666666666666,17,0
R102531,2026-06-25 14:56:00,2026-06-25 15:02:08,Midtown MARTA,Centennial Olympic Park,member,6.133333333333334,14,3
R102579,2026-06-26 16:22:00,2026-06-26 16:53:00,Centennial Olympic Park,Georgia State University,casual,31.0,16,4
R103512,2026-07-06 18:42:00,2026-07-06 18:43:00,Midtown MARTA,Grant Park,member,1.0,18,0
R100613,2026-06-07 16:23:00,2026-06-07 16:39:00,Georgia State University,Ponce City Market,member,16.0,16,6
R104937,2026-07-20 07:24:00,2026-07-20 07:32:00,Georgia State University,Ponce City Market,member,8.0,7,0
R105790,2026-07-28 07:04:00,2026-07-28 07:16:00,Georgia State University,West End,member,12.0,7,1
R104666,2026-07-17 08:23:00,2026-07-17 08:39:32,Midtown MARTA,Georgia State University,member,16.533333333333335,8,4
R104135,2026-07-12 12:22:00,2026-07-12 12:33:00,Midtown MARTA,Centennial Olympic Park,member,11.0,12,6
R105639,2026-07-27 08:14:00,2026-07-27 08:23:51,Midtown MARTA,Ponce City Market,member,9.85,8,0
R103318,2026-07-04 15:46:00,2026-07-04 15:50:00,Ponce City Market,Midtown MARTA,casual,4.0,15,5
R105396,2026-07-24 18:48:00,2026-07-24 18:59:00,Midtown MARTA,Atlantic Station,member,11.0,18,4
R102432,2026-06-24 16:13:00,2026-06-24 16:23:26,Atlantic Station,Ponce City Market,member,10.433333333333334,16,2
R102076,2026-06-21 19:08:00,2026-06-21 19:19:12,Piedmont Park,Centennial Olympic Park,casual,11.2,19,6
R104891,2026-07-19 08:33:00,2026-07-19 08:41:00,Atlantic Station,Midtown MARTA,member,8.0,8,6
R101708,2026-06-17 08:51:00,2026-06-17 09:05:00,Midtown MARTA,Centennial Olympic Park,casual,14.0,8,2
R105256,2026-07-23 20:32:00,2026-07-23 20:42:00,Atlantic Station,Ponce City Market,member,10.0,20,3
R105813,2026-07-29 04:40:00,2026-07-29 04:51:00,Midtown MARTA,Ponce City Market,member,11.0,4,2
R101992,2026-06-20 12:14:00,2026-06-20 12:22:00,Midtown MARTA,Ponce City Market,member,8.0,12,5
R104503,2026-07-16 17:10:00,2026-07-16 17:19:25,Georgia State University,Midtown MARTA,member,9.416666666666666,17,3
R101699,2026-06-17 08:12:00,2026-06-17 08:20:43,Ponce City Market,Centennial Olympic Park,member,8.716666666666667,8,2
R104955,2026-07-20 08:27:00,2026-07-20 08:42:00,Midtown MARTA,Grant Park,member,15.0,8,0
R103673,2026-07-08 17:59:00,2026-07-08 18:35:41,Georgia State University,Atlantic Station,casual,36.68333333333333,17,2
R105857,2026-07-29 07:05:00,2026-07-29 07:16:13,Krog Street Market,Centennial Olympic Park,member,11.216666666666667,7,2
R104020,2026-07-11 16:02:00,2026-07-11 16:27:28,Atlantic Station,Midtown MARTA,unknown,25.466666666666665,16,5
R103985,2026-07-10 04:31:00,2026-07-10 04:38:00,Centennial Olympic Park,Georgia State University,member,7.0,4,4
R103485,2026-07-06 08:29:00,2026-07-06 08:38:34,Georgia State University,Ponce City Market,unknown,9.566666666666666,8,0
R102821,2026-06-28 07:40:00,2026-06-28 08:05:00,Ponce City Market,West End,casual,25.0,7,6
R101512,2026-06-15 20:22:00,2026-06-15 20:34:10,Midtown MARTA,Grant Park,casual,12.166666666666666,20,0
R102360,2026-06-24 06:01:00,2026-06-24 06:32:38,Atlantic Station,Ponce City Market,casual,31.633333333333333,6,2
R102479,2026-06-25 17:49:00,2026-06-25 18:16:00,Georgia State University,Midtown MARTA,casual,27.0,17,3
R103767,2026-07-08 08:32:00,2026-07-08 09:01:47,Centennial Olympic Park,Ponce City Market,casual,29.783333333333335,8,2
R103662,2026-07-08 12:36:00,2026-07-08 12:54:00,Ponce City Market,Midtown MARTA,casual,18.0,12,2
R105060,2026-07-21 06:48:00,2026-07-21 07:05:21,Centennial Olympic Park,Midtown MARTA,member,17.35,6,1
R101451,2026-06-15 19:44:00,2026-06-15 19:52:00,Midtown MARTA,Georgia State University,casual,8.0,19,0
R103752,2026-07-08 10:49:00,2026-07-08 10:57:04,Krog Street Market,Ponce City Market,member,8.066666666666666,10,2
R100317,2026-06-04 17:17:00,2026-06-04 17:27:45,Ponce City Market,Georgia State University,member,10.75,17,3
R101144,2026-06-12 16:56:00,2026-06-12 17:26:40,Ponce City Market,Georgia State University,casual,30.666666666666668,16,4
R104007,2026-07-10 11:01:00,2026-07-10 11:13:48,Georgia State University,Ponce City Market,casual,12.8,11,4
R101716,2026-06-17 08:44:00,2026-06-17 08:51:29,Georgia State University,Ponce City Market,member,7.483333333333333,8,2
R100655,2026-06-07 15:41:00,2026-06-07 15:50:35,Piedmont Park,Centennial Olympic Park,casual,9.583333333333334,15,6
R105058,2026-07-21 07:02:00,2026-07-21 07:11:35,Georgia State University,Midtown MARTA,member,9.583333333333334,7,1
R105941,2026-07-30 06:55:00,2026-07-30 07:11:57,Atlantic Station,Centennial Olympic Park,casual,16.95,6,3
R102503,2026-06-25 21:48:00,2026-06-25 22:05:39,Atlantic Station,Midtown MARTA,member,17.65,21,3
R104641,2026-07-17 07:15:00,2026-07-17 07:23:00,Centennial Olympic Park,Georgia State University,member,8.0,7,4
R100809,2026-06-09 05:52:00,2026-06-09 06:02:00,Ponce City Market,Krog Street Market,member,10.0,5,1
R100913,2026-06-10 12:15:00,2026-06-10 12:25:21,Georgia State University,Midtown MARTA,member,10.35,12,2
R104544,2026-07-16 13:43:00,2026-07-16 13:50:45,Atlantic Station,Centennial Olympic Park,member,7.75,13,3
R105335,2026-07-24 14:01:00,2026-07-24 14:02:00,Piedmont Park,Georgia State University,member,1.0,14,4
R102590,2026-06-26 11:04:00,2026-06-26 11:12:21,Georgia State University,Piedmont Park,member,8.35,11,4
R101800,2026-06-18 08:15:00,2026-06-18 08:25:00,Centennial Olympic Park,Midtown MARTA,member,10.0,8,3
R105080,2026-07-21 09:54:00,2026-07-21 10:14:18,Ponce City Market,West End,member,20.3,9,1
R104580,2026-07-17 17:25:00,2026-07-17 17:34:00,Ponce City Market,Little Five Points,member,9.0,17,4
R100686,2026-06-07 12:40:00,2026-06-07 13:13:46,Little Five Points,Midtown MARTA,casual,33.766666666666666,12,6
R103348,2026-07-04 19:20:00,2026-07-04 19:31:43,Midtown MARTA,Ponce City Market,member,11.716666666666667,19,5
R100414,2026-06-04 02:44:00,2026-06-04 02:55:27,Georgia State University,Centennial Olympic Park,member,11.45,2,3
R102753,2026-06-28 09:16:00,2026-06-28 09:25:06,Piedmont Park,Georgia State University,member,9.1,9,6
R103762,2026-07-08 19:08:00,2026-07-08 19:40:18,Midtown MARTA,Georgia State University,casual,32.3,19,2
R104394,2026-07-15 17:44:00,2026-07-15 18:02:12,Midtown MARTA,Ponce City Market,member,18.2,17,2
R103632,2026-07-07 08:49:00,2026-07-07 09:03:33,Midtown MARTA,Ponce City Market,member,14.55,8,1
R103649,2026-07-07 07:40:00,2026-07-07 07:51:02,Ponce City Market,Midtown MARTA,member,11.033333333333333,7,1
R102447,2026-06-24 08:20:00,2026-06-24 08:46:00,Georgia State University,Ponce City Market,casual,26.0,8,2
R101210,2026-06-12 07:08:00,2026-06-12 07:24:21,Atlantic Station,Ponce City Market,casual,16.35,7,4
R101581,2026-06-16 15:15:00,2026-06-16 15:28:46,Midtown MARTA,Ponce City Market,member,13.766666666666667,15,1
R101187,2026-06-12 20:06:00,2026-06-12 20:33:52,Georgia State University,Midtown MARTA,casual,27.866666666666667,20,4
R103942,2026-07-10 17:38:00,2026-07-10 17:42:43,Atlantic Station,Georgia State University,member,4.716666666666667,17,4
R103481,2026-07-06 08:50:00,2026-07-06 09:02:31,Georgia State University,Ponce City Market,member,12.516666666666667,8,0
R104832,2026-07-19 08:04:00,2026-07-19 08:23:14,Ponce City Market,Midtown MARTA,casual,19.233333333333334,8,6
R101028,2026-06-11 05:15:00,2026-06-11 05:29:44,Midtown MARTA,Georgia State University,casual,14.733333333333333,5,3
R103315,2026-07-04 16:52:00,2026-07-04 17:29:45,Centennial Olympic Park,Georgia State University,casual,37.75,16,5
R105355,2026-07-24 13:08:00,2026-07-24 13:24:14,Ponce City Market,Midtown MARTA,casual,16.233333333333334,13,4
R102050,2026-06-21 06:41:00,2026-06-21 07:06:08,Ponce City Market,Piedmont Park,casual,25.133333333333333,6,6
R101530,2026-06-16 17:12:00,2026-06-16 17:23:59,Midtown MARTA,Atlantic Station,member,11.983333333333333,17,1
R102305,2026-06-23 16:20:00,2026-06-23 16:30:00,Georgia State University,Ponce City Market,member,10.0,16,1
R105035,2026-07-21 05:56:00,2026-07-21 06:36:00,Krog Street Market,Midtown MARTA,casual,40.0,5,1
R104236,2026-07-13 15:46:00,2026-07-13 15:57:49,Little Five Points,Centennial Olympic Park,member,11.816666666666666,15,0
R105962,2026-07-30 18:40:00,2026-07-30 18:43:00,Georgia State University,Centennial Olympic Park,member,3.0,18,3
R104742,2026-07-18 14:45:00,2026-07-18 15:08:24,Midtown MARTA,Piedmont Park,casual,23.4,14,5
R103217,2026-07-03 09:47:00,2026-07-03 09:58:00,Ponce City Market,Piedmont Park,member,11.0,9,4
R101076,2026-06-11 16:55:00,2026-06-11 17:02:53,Georgia State University,Ponce City Market,member,7.883333333333334,16,3
R103427,2026-07-05 17:30:00,2026-07-05 17:41:27,Georgia State University,Atlantic Station,member,11.45,17,6
R100252,2026-06-03 20:05:00,2026-06-03 20:10:00,Ponce City Market,Georgia State University,casual,5.0,20,2
R105327,2026-07-24 14:55:00,2026-07-24 15:01:20,Ponce City Market,Georgia State University,member,6.333333333333333,14,4
R101041,2026-06-11 21:51:00,2026-06-11 22:05:22,Georgia State University,Midtown MARTA,member,14.366666666666667,21,3
R102607,2026-06-26 06:14:00,2026-06-26 06:22:00,Piedmont Park,Ponce City Market,member,8.0,6,4
R101841,2026-06-19 00:29:00,2026-06-19 00:37:06,Ponce City Market,Midtown MARTA,member,8.1,0,4
R104103,2026-07-12 13:40:00,2026-07-12 13:53:51,Atlantic Station,Ponce City Market,member,13.85,13,6
R102989,2026-06-30 20:39:00,2026-06-30 20:45:07,Centennial Olympic Park,Midtown MARTA,member,6.116666666666666,20,1
R103456,2026-07-05 20:42:00,2026-07-05 21:22:07,Midtown MARTA,Atlantic Station,casual,40.11666666666667,20,6
R101264,2026-06-13 13:50:00,2026-06-13 14:20:00,Midtown MARTA,Ponce City Market,casual,30.0,13,5
R102780,2026-06-28 22:38:00,2026-06-28 22:55:45,Piedmont Park,West End,casual,17.75,22,6
R104266,2026-07-14 18:50:00,2026-07-14 19:05:00,Ponce City Market,Krog Street Market,member,15.0,18,1
R103757,2026-07-08 14:16:00,2026-07-08 14:41:00,Georgia State University,Atlantic Station,casual,25.0,14,2
R105019,2026-07-20 08:10:00,2026-07-20 08:13:00,Midtown MARTA,Atlantic Station,casual,3.0,8,0
R101894,2026-06-19 13:18:00,2026-06-19 13:28:00,Piedmont Park,Ponce City Market,member,10.0,13,4
R104984,2026-07-20 15:13:00,2026-07-20 15:23:13,Atlantic Station,Midtown MARTA,member,10.216666666666667,15,0
R100667,2026-06-07 11:06:00,2026-06-07 11:22:40,Centennial Olympic Park,Ponce City Market,member,16.666666666666668,11,6
R104206,2026-07-13 13:36:00,2026-07-13 13:44:16,Midtown MARTA,Krog Street Market,member,8.266666666666667,13,0
R104289,2026-07-14 07:10:00,2026-07-14 07:23:53,Ponce City Market,Georgia State University,member,13.883333333333333,7,1
R100830,2026-06-09 18:45:00,2026-06-09 18:56:29,Midtown MARTA,Georgia State University,member,11.483333333333333,18,1
R100438,2026-06-05 20:32:00,2026-06-05 20:39:10,Ponce City Market,Centennial Olympic Park,member,7.166666666666667,20,4
R102705,2026-06-27 11:32:00,2026-06-27 11:45:32,Krog Street Market,Centennial Olympic Park,member,13.533333333333333,11,5
R100831,2026-06-09 06:27:00,2026-06-09 06:40:00,Midtown MARTA,Krog Street Market,member,13.0,6,1
R105501,2026-07-26 09:58:00,2026-07-26 10:09:23,Midtown MARTA,Georgia State University,casual,11.383333333333333,9,6
R104354,2026-07-14 12:41:00,2026-07-14 12:49:25,Midtown MARTA,Piedmont Park,member,8.416666666666666,12,1
R105434,2026-07-25 07:06:00,2026-07-25 07:19:16,Ponce City Market,Atlantic Station,casual,13.266666666666667,7,5
R105235,2026-07-22 19:28:00,2026-07-22 19:45:20,Ponce City Market,Midtown MARTA,casual,17.333333333333332,19,2
R102676,2026-06-27 11:13:00,2026-06-27 11:24:48,Atlantic Station,Midtown MARTA,member,11.8,11,5
R104680,2026-07-17 15:37:00,2026-07-17 15:51:53,Midtown MARTA,Little Five Points,member,14.883333333333333,15,4
R101153,2026-06-12 07:55:00,2026-06-12 08:01:26,Midtown MARTA,Atlantic Station,member,6.433333333333334,7,4
R100390,2026-06-04 18:17:00,2026-06-04 18:30:17,Midtown MARTA,Ponce City Market,member,13.283333333333333,18,3
R100109,2026-06-01 01:59:00,2026-06-01 02:08:00,Ponce City Market,Midtown MARTA,member,9.0,1,0
R105902,2026-07-30 13:44:00,2026-07-30 13:55:59,Ponce City Market,Centennial Olympic Park,member,11.983333333333333,13,3
R101880,2026-06-19 09:37:00,2026-06-19 09:56:34,Midtown MARTA,Georgia State University,member,19.566666666666666,9,4
R103135,2026-07-02 16:27:00,2026-07-02 17:00:37,Piedmont Park,Atlantic Station,casual,33.61666666666667,16,3
R101601,2026-06-16 07:28:00,2026-06-16 07:43:00,Atlantic Station,Grant Park,member,15.0,7,1
R103713,2026-07-08 08:58:00,2026-07-08 09:24:36,Ponce City Market,Midtown MARTA,casual,26.6,8,2
R100466,2026-06-05 18:42:00,2026-06-05 18:44:00,Piedmont Park,Centennial Olympic Park,member,2.0,18,4
R100125,2026-06-02 08:29:00,2026-06-02 08:39:02,Midtown MARTA,Georgia State University,member,10.033333333333333,8,1
R104645,2026-07-17 07:00:00,2026-07-17 07:15:00,Georgia State University,Krog Street Market,casual,15.0,7,4
R103498,2026-07-06 12:01:00,2026-07-06 12:15:42,Georgia State University,Midtown MARTA,member,14.7,12,0
R104083,2026-07-11 10:42:00,2026-07-11 10:55:21,Midtown MARTA,Ponce City Market,member,13.35,10,5
R103210,2026-07-02 19:50:00,2026-07-02 19:53:00,Ponce City Market,Midtown MARTA,member,3.0,19,3
R101714,2026-06-17 12:23:00,2026-06-17 12:27:00,Centennial Olympic Park,Midtown MARTA,member,4.0,12,2
R101969,2026-06-20 13:35:00,2026-06-20 13:54:59,Ponce City Market,Midtown MARTA,casual,19.983333333333334,13,5
R104456,2026-07-15 14:43:00,2026-07-15 15:06:00,West End,Piedmont Park,casual,23.0,14,2
R101118,2026-06-11 16:44:00,2026-06-11 16:47:30,Midtown MARTA,Ponce City Market,member,3.5,16,3
R104720,2026-07-18 17:04:00,2026-07-18 17:11:27,Centennial Olympic Park,Ponce City Market,casual,7.45,17,5
R104597,2026-07-17 17:23:00,2026-07-17 17:36:09,Centennial Olympic Park,Midtown MARTA,member,13.15,17,4
R105358,2026-07-24 08:14:00,2026-07-24 08:26:00,Georgia State University,Midtown MARTA,member,12.0,8,4
R100990,2026-06-10 03:46:00,2026-06-10 03:48:00,Ponce City Market,Atlantic Station,member,2.0,3,2
R104006,2026-07-10 10:34:00,2026-07-10 10:59:54,Centennial Olympic Park,Midtown MARTA,casual,25.9,10,4
R102897,2026-06-29 04:59:00,2026-06-29 05:16:03,Georgia State University,Piedmont Park,member,17.05,4,0
R105394,2026-07-24 08:25:00,2026-07-24 08:30:40,Ponce City Market,Midtown MARTA,member,5.666666666666667,8,4
R100237,2026-06-03 18:06:00,2026-06-03 18:20:21,Ponce City Market,Centennial Olympic Park,member,14.35,18,2
R104469,2026-07-16 17:29:00,2026-07-16 17:47:41,Georgia State University,Atlantic Station,casual,18.683333333333334,17,3
R105673,2026-07-27 17:48:00,2026-07-27 18:05:46,Georgia State University,Ponce City Market,member,17.766666666666666,17,0
R102946,2026-06-29 08:34:00,2026-06-29 08:43:34,West End,Georgia State University,member,9.566666666666666,8,0
R102299,2026-06-23 19:55:00,2026-06-23 20:09:00,Ponce City Market,Centennial Olympic Park,member,14.0,19,1
R103276,2026-07-03 12:07:00,2026-07-03 12:19:00,Ponce City Market,Centennial Olympic Park,member,12.0,12,4
R105829,2026-07-29 07:29:00,2026-07-29 07:41:13,Midtown MARTA,Ponce City Market,member,12.216666666666667,7,2
R105760,2026-07-28 13:37:00,2026-07-28 14:02:59,Ponce City Market,Midtown MARTA,casual,25.983333333333334,13,1
R104003,2026-07-10 08:54:00,2026-07-10 09:02:58,Georgia State University,Midtown MARTA,member,8.966666666666667,8,4
R105068,2026-07-21 15:41:00,2026-07-21 16:00:00,Ponce City Market,Georgia State University,casual,19.0,15,1
R102678,2026-06-27 11:07:00,2026-06-27 11:19:22,Ponce City Market,Atlantic Station,member,12.366666666666667,11,5
R105450,2026-07-25 13:04:00,2026-07-25 13:41:22,Ponce City Market,Midtown MARTA,casual,37.36666666666667,13,5
R105629,2026-07-27 12:20:00,2026-07-27 12:24:24,Ponce City Market,Atlantic Station,member,4.4,12,0
R103323,2026-07-04 16:19:00,2026-07-04 16:20:00,Midtown MARTA,Centennial Olympic Park,casual,1.0,16,5
R103423,2026-07-05 20:02:00,2026-07-05 20:03:00,Grant Park,Ponce City Market,casual,1.0,20,6
R103066,2026-07-01 07:49:00,2026-07-01 08:03:04,Atlantic Station,Georgia State University,member,14.066666666666666,7,2
R105257,2026-07-23 11:23:00,2026-07-23 11:31:43,Ponce City Market,Atlantic Station,member,8.716666666666667,11,3
R105411,2026-07-25 04:34:00,2026-07-25 04:42:00,Ponce City Market,Centennial Olympic Park,member,8.0,4,5
R100683,2026-06-07 15:52:00,2026-06-07 16:18:46,Atlantic Station,Krog Street Market,casual,26.766666666666666,15,6
R100250,2026-06-03 22:56:00,2026-06-03 23:32:00,Centennial Olympic Park,Georgia State University,casual,36.0,22,2
R105928,2026-07-30 12:16:00,2026-07-30 12:25:00,Georgia State University,Ponce City Market,member,9.0,12,3
R101637,2026-06-17 10:47:00,2026-06-17 10:58:00,Midtown MARTA,Ponce City Market,member,11.0,10,2
R102809,2026-06-28 18:27:00,2026-06-28 18:45:00,Ponce City Market,Georgia State University,casual,18.0,18,6
R104772,2026-07-18 13:44:00,2026-07-18 13:50:34,Atlantic Station,Piedmont Park,casual,6.566666666666666,13,5
R102266,2026-06-23 15:52:00,2026-06-23 16:53:00,Piedmont Park,Georgia State University,casual,61.0,15,1
R102910,2026-06-29 18:06:00,2026-06-29 18:12:29,Centennial Olympic Park,Georgia State University,member,6.483333333333333,18,0
R105918,2026-07-30 17:07:00,2026-07-30 17:17:00,Georgia State University,Centennial Olympic Park,member,10.0,17,3
R100182,2026-06-02 17:32:00,2026-06-02 17:40:00,Ponce City Market,Midtown MARTA,member,8.0,17,1
R105409,2026-07-25 14:59:00,2026-07-25 15:09:27,Georgia State University,Ponce City Market,member,10.45,14,5
R105930,2026-07-30 09:40:00,2026-07-30 10:07:14,Piedmont Park,Midtown MARTA,casual,27.233333333333334,9,3
R101158,2026-06-12 08:17:00,2026-06-12 08:26:00,Midtown MARTA,Centennial Olympic Park,member,9.0,8,4
R101755,2026-06-18 12:27:00,2026-06-18 12:31:09,Krog Street Market,Midtown MARTA,member,4.15,12,3
R105522,2026-07-26 13:40:00,2026-07-26 13:55:20,Centennial Olympic Park,Midtown MARTA,member,15.333333333333334,13,6
R105618,2026-07-27 19:38:00,2026-07-27 19:45:51,Piedmont Park,Krog Street Market,member,7.85,19,0
R104663,2026-07-17 08:09:00,2026-07-17 08:16:00,Atlantic Station,Ponce City Market,member,7.0,8,4
R102300,2026-06-23 17:23:00,2026-06-23 17:32:00,Atlantic Station,Piedmont Park,member,9.0,17,1
R100229,2026-06-03 17:56:00,2026-06-03 18:03:57,Ponce City Market,Midtown MARTA,member,7.95,17,2
R101266,2026-06-13 14:47:00,2026-06-13 14:53:23,Centennial Olympic Park,Midtown MARTA,member,6.383333333333334,14,5
R102935,2026-06-29 11:57:00,2026-06-29 11:58:00,Midtown MARTA,Krog Street Market,casual,1.0,11,0
R103417,2026-07-05 11:41:00,2026-07-05 11:49:22,Georgia State University,Centennial Olympic Park,casual,8.366666666666667,11,6
R104652,2026-07-17 07:38:00,2026-07-17 07:48:00,Ponce City Market,Piedmont Park,member,10.0,7,4
R102425,2026-06-24 20:16:00,2026-06-24 20:24:00,Midtown MARTA,Centennial Olympic Park,member,8.0,20,2
R105725,2026-07-27 06:31:00,2026-07-27 06:40:43,Georgia State University,Midtown MARTA,member,9.716666666666667,6,0
R100842,2026-06-09 09:40:00,2026-06-09 09:46:00,Ponce City Market,Georgia State University,member,6.0,9,1
R103993,2026-07-10 18:13:00,2026-07-10 18:19:34,Midtown MARTA,Piedmont Park,member,6.566666666666666,18,4
R105295,2026-07-23 15:48:00,2026-07-23 15:55:55,Krog Street Market,Midtown MARTA,member,7.916666666666667,15,3
R101258,2026-06-13 13:24:00,2026-06-13 13:31:39,Atlantic Station,Midtown MARTA,member,7.65,13,5
R104259,2026-07-14 09:31:00,2026-07-14 09:44:00,Piedmont Park,Georgia State University,member,13.0,9,1
R101944,2026-06-20 09:52:00,2026-06-20 10:03:51,Atlantic Station,Ponce City Market,member,11.85,9,5
R104740,2026-07-18 09:38:00,2026-07-18 09:52:11,Ponce City Market,Georgia State University,casual,14.183333333333334,9,5
R105137,2026-07-21 08:26:00,2026-07-21 08:33:43,Ponce City Market,Centennial Olympic Park,unknown,7.716666666666667,8,1
R102738,2026-06-28 05:25:00,2026-06-28 05:52:18,Ponce City Market,West End,casual,27.3,5,6
R100574,2026-06-06 15:25:00,2026-06-06 15:33:12,West End,Centennial Olympic Park,member,8.2,15,5
R103084,2026-07-01 17:12:00,2026-07-01 17:21:13,Georgia State University,Midtown MARTA,member,9.216666666666667,17,2
R105728,2026-07-28 05:30:00,2026-07-28 05:55:00,Ponce City Market,Georgia State University,casual,25.0,5,1
R100687,2026-06-07 13:31:00,2026-06-07 14:01:00,Centennial Olympic Park,Midtown MARTA,casual,30.0,13,6
R101917,2026-06-19 14:15:00,2026-06-19 14:20:47,Georgia State University,Midtown MARTA,member,5.783333333333333,14,4
R102041,2026-06-21 13:00:00,2026-06-21 13:33:45,Centennial Olympic Park,Ponce City Market,casual,33.75,13,6
R105688,2026-07-27 10:34:00,2026-07-27 10:41:30,Midtown MARTA,Georgia State University,member,7.5,10,0
R105731,2026-07-28 19:32:00,2026-07-28 19:42:55,Ponce City Market,Georgia State University,member,10.916666666666666,19,1
R104276,2026-07-14 07:59:00,2026-07-14 08:33:04,Atlantic Station,Grant Park,casual,34.06666666666667,7,1
R100801,2026-06-08 19:19:00,2026-06-08 19:25:32,Midtown MARTA,Ponce City Market,member,6.533333333333333,19,0
R102244,2026-06-23 14:00:00,2026-06-23 14:26:34,Piedmont Park,Midtown MARTA,casual,26.566666666666666,14,1
R104716,2026-07-18 10:27:00,2026-07-18 10:37:00,Piedmont Park,Grant Park,casual,10.0,10,5
R100590,2026-06-06 09:43:00,2026-06-06 10:03:28,Atlantic Station,Midtown MARTA,casual,20.466666666666665,9,5
R105090,2026-07-21 17:15:00,2026-07-21 17:59:00,Atlantic Station,Georgia State University,casual,44.0,17,1
R102178,2026-06-22 08:06:00,2026-06-22 08:21:27,Georgia State University,Ponce City Market,member,15.45,8,0
R104951,2026-07-20 16:35:00,2026-07-20 16:46:00,Midtown MARTA,Krog Street Market,member,11.0,16,0
R101651,2026-06-17 17:16:00,2026-06-17 17:23:38,Midtown MARTA,Ponce City Market,member,7.633333333333334,17,2
R105299,2026-07-23 10:12:00,2026-07-23 10:20:01,Ponce City Market,Atlantic Station,member,8.016666666666667,10,3
R103079,2026-07-01 06:01:00,2026-07-01 06:33:51,Atlantic Station,Ponce City Market,casual,32.85,6,2
R104994,2026-07-20 13:39:00,2026-07-20 13:49:14,Midtown MARTA,Georgia State University,member,10.233333333333333,13,0
R105786,2026-07-28 06:57:00,2026-07-28 07:15:00,Ponce City Market,Midtown MARTA,casual,18.0,6,1
R103572,2026-07-07 18:15:00,2026-07-07 18:16:23,Ponce City Market,Centennial Olympic Park,member,1.3833333333333333,18,1
R101230,2026-06-12 19:29:00,2026-06-12 19:50:02,Midtown MARTA,Centennial Olympic Park,unknown,21.033333333333335,19,4
R102306,2026-06-23 14:39:00,2026-06-23 14:56:33,Ponce City Market,Midtown MARTA,member,17.55,14,1
R102557,2026-06-25 09:41:00,2026-06-25 10:03:36,Midtown MARTA,Centennial Olympic Park,member,22.6,9,3
R101049,2026-06-11 19:49:00,2026-06-11 20:11:00,Midtown MARTA,Georgia State University,member,22.0,19,3
R103221,2026-07-03 07:19:00,2026-07-03 07:27:05,Piedmont Park,Ponce City Market,member,8.083333333333334,7,4
R100771,2026-06-08 19:39:00,2026-06-08 19:48:00,Centennial Olympic Park,Georgia State University,member,9.0,19,0
R100853,2026-06-09 08:36:00,2026-06-09 08:45:30,Ponce City Market,Georgia State University,member,9.5,8,1
R103014,2026-06-30 05:34:00,2026-06-30 05:44:00,Midtown MARTA,Unknown,member,10.0,5,1
R103909,2026-07-10 07:48:00,2026-07-10 08:07:49,Georgia State University,Atlantic Station,casual,19.816666666666666,7,4
R100619,2026-06-07 11:25:00,2026-06-07 11:46:44,Georgia State University,Midtown MARTA,member,21.733333333333334,11,6
R102945,2026-06-29 19:53:00,2026-06-29 19:59:29,Georgia State University,Midtown MARTA,member,6.483333333333333,19,0
R101615,2026-06-17 19:53:00,2026-06-17 19:59:11,Midtown MARTA,Centennial Olympic Park,member,6.183333333333334,19,2
R104044,2026-07-11 16:21:00,2026-07-11 16:30:19,Atlantic Station,Midtown MARTA,member,9.316666666666666,16,5
R104068,2026-07-11 04:19:00,2026-07-11 04:52:00,Piedmont Park,Unknown,casual,33.0,4,5
R103132,2026-07-02 16:47:00,2026-07-02 17:21:03,Centennial Olympic Park,Georgia State University,casual,34.05,16,3
R102781,2026-06-28 07:30:00,2026-06-28 07:36:00,Midtown MARTA,Atlantic Station,member,6.0,7,6
R101525,2026-06-15 11:16:00,2026-06-15 11:31:50,Ponce City Market,Centennial Olympic Park,member,15.833333333333334,11,0
R102714,2026-06-27 17:45:00,2026-06-27 17:59:50,Midtown MARTA,Georgia State University,casual,14.833333333333334,17,5
R102482,2026-06-25 08:26:00,2026-06-25 08:44:31,Georgia State University,Centennial Olympic Park,casual,18.516666666666666,8,3
R100049,2026-06-01 10:08:00,2026-06-01 10:23:00,Grant Park,Piedmont Park,member,15.0,10,0
R101412,2026-06-14 16:41:00,2026-06-14 17:06:22,Ponce City Market,Atlantic Station,casual,25.366666666666667,16,6
R100454,2026-06-05 16:30:00,2026-06-05 16:40:43,Ponce City Market,Atlantic Station,member,10.716666666666667,16,4
R105149,2026-07-21 20:42:00,2026-07-21 20:55:31,Centennial Olympic Park,Krog Street Market,member,13.516666666666667,20,1
R104650,2026-07-17 07:08:00,2026-07-17 07:27:00,Ponce City Market,Georgia State University,casual,19.0,7,4
R105832,2026-07-29 17:30:00,2026-07-29 17:32:00,Ponce City Market,West End,casual,2.0,17,2
R102823,2026-06-28 09:45:00,2026-06-28 09:57:00,Ponce City Market,Atlantic Station,casual,12.0,9,6
R103304,2026-07-04 15:00:00,2026-07-04 15:06:50,Midtown MARTA,Georgia State University,member,6.833333333333333,15,5
R102108,2026-06-21 12:23:00,2026-06-21 12:29:52,Midtown MARTA,Ponce City Market,member,6.866666666666666,12,6
R101445,2026-06-15 21:07:00,2026-06-15 21:19:22,Piedmont Park,Georgia State University,member,12.366666666666667,21,0
R103872,2026-07-09 09:36:00,2026-07-09 09:41:36,Georgia State University,Ponce City Market,member,5.6,9,3
R105064,2026-07-21 15:53:00,2026-07-21 16:02:07,Atlantic Station,Centennial Olympic Park,member,9.116666666666667,15,1
R102368,2026-06-24 14:48:00,2026-06-24 14:54:34,Ponce City Market,Georgia State University,member,6.566666666666666,14,2
R103329,2026-07-04 13:17:00,2026-07-04 13:36:52,Midtown MARTA,Atlantic Station,casual,19.866666666666667,13,5
R104128,2026-07-12 22:57:00,2026-07-12 23:08:00,Centennial Olympic Park,Ponce City Market,member,11.0,22,6
R104799,2026-07-18 07:57:00,2026-07-18 08:17:35,Piedmont Park,Midtown MARTA,member,20.583333333333332,7,5
R105683,2026-07-27 10:43:00,2026-07-27 10:56:15,Georgia State University,Atlantic Station,member,13.25,10,0
R105705,2026-07-27 07:58:00,2026-07-27 08:11:46,Centennial Olympic Park,Atlantic Station,member,13.766666666666667,7,0
R104159,2026-07-12 15:22:00,2026-07-12 15:51:43,Grant Park,Ponce City Market,casual,29.716666666666665,15,6
R102561,2026-06-25 16:51:00,2026-06-25 17:22:54,Centennial Olympic Park,Grant Park,casual,31.9,16,3
R103080,2026-07-01 07:25:00,2026-07-01 07:26:00,Atlantic Station,Georgia State University,casual,1.0,7,2
R103570,2026-07-07 16:12:00,2026-07-07 16:18:30,Atlantic Station,Unknown,member,6.5,16,1
R102474,2026-06-25 19:03:00,2026-06-25 19:37:04,Georgia State University,Ponce City Market,casual,34.06666666666667,19,3
R101458,2026-06-15 13:35:00,2026-06-15 13:51:00,Krog Street Market,Ponce City Market,member,16.0,13,0
R103274,2026-07-03 07:42:00,2026-07-03 07:50:35,Atlantic Station,Ponce City Market,member,8.583333333333334,7,4
R100703,2026-06-07 16:03:00,2026-06-07 16:22:04,Georgia State University,Ponce City Market,member,19.066666666666666,16,6
R100444,2026-06-05 22:39:00,2026-06-05 22:47:48,Centennial Olympic Park,Georgia State University,member,8.8,22,4
R100563,2026-06-06 00:52:00,2026-06-06 01:14:30,Centennial Olympic Park,Midtown MARTA,casual,22.5,0,5
R100004,2026-06-01 15:11:00,2026-06-01 15:29:00,Georgia State University,Midtown MARTA,member,18.0,15,0
R104400,2026-07-15 10:15:00,2026-07-15 10:28:00,Atlantic Station,Centennial Olympic Park,member,13.0,10,2
R100282,2026-06-03 05:32:00,2026-06-03 05:46:00,Centennial Olympic Park,Krog Street Market,member,14.0,5,2
R103676,2026-07-08 12:45:00,2026-07-08 12:56:28,Centennial Olympic Park,Midtown MARTA,member,11.466666666666667,12,2
R102427,2026-06-24 17:23:00,2026-06-24 17:33:00,Midtown MARTA,Georgia State University,member,10.0,17,2
R105169,2026-07-22 18:52:00,2026-07-22 18:59:04,Midtown MARTA,Atlantic Station,member,7.066666666666666,18,2
R102698,2026-06-27 09:25:00,2026-06-27 09:38:58,Georgia State University,Ponce City Market,member,13.966666666666667,9,5
R104219,2026-07-13 07:45:00,2026-07-13 08:21:11,Piedmont Park,Centennial Olympic Park,casual,36.18333333333333,7,0
R100735,2026-06-08 11:19:00,2026-06-08 12:01:00,Ponce City Market,Centennial Olympic Park,casual,42.0,11,0
R103910,2026-07-10 18:09:00,2026-07-10 18:22:12,Ponce City Market,Midtown MARTA,member,13.2,18,4
R100358,2026-06-04 14:15:00,2026-06-04 14:24:12,Ponce City Market,Atlantic Station,member,9.2,14,3
R103506,2026-07-06 11:44:00,2026-07-06 11:56:16,Ponce City Market,Atlantic Station,casual,12.266666666666667,11,0
R105713,2026-07-27 20:28:00,2026-07-27 21:04:00,Ponce City Market,Midtown MARTA,casual,36.0,20,0
R102409,2026-06-24 08:54:00,2026-06-24 08:57:55,Atlantic Station,Midtown MARTA,member,3.9166666666666665,8,2
R102377,2026-06-24 18:53:00,2026-06-24 19:07:00,Georgia State University,Little Five Points,member,14.0,18,2
R102736,2026-06-28 21:01:00,2026-06-28 21:06:39,Midtown MARTA,Georgia State University,member,5.65,21,6
R103472,2026-07-06 11:09:00,2026-07-06 11:26:00,Atlantic Station,Ponce City Market,member,17.0,11,0
R105210,2026-07-22 08:52:00,2026-07-22 09:04:31,Little Five Points,Ponce City Market,member,12.516666666666667,8,2
R101918,2026-06-19 06:48:00,2026-06-19 07:02:52,Piedmont Park,Midtown MARTA,member,14.866666666666667,6,4
R100303,2026-06-03 19:16:00,2026-06-03 19:30:00,Little Five Points,Atlantic Station,member,14.0,19,2
R105838,2026-07-29 14:43:00,2026-07-29 14:58:40,Centennial Olympic Park,Krog Street Market,member,15.666666666666666,14,2
R105994,2026-07-30 19:25:00,2026-07-30 19:41:34,Georgia State University,Midtown MARTA,member,16.566666666666666,19,3
R102768,2026-06-28 11:29:00,2026-06-28 11:48:00,Ponce City Market,Midtown MARTA,casual,19.0,11,6
R104757,2026-07-18 14:30:00,2026-07-18 14:37:19,West End,Midtown MARTA,member,7.316666666666666,14,5
R100852,2026-06-09 14:40:00,2026-06-09 14:57:29,Piedmont Park,Midtown MARTA,member,17.483333333333334,14,1
R100746,2026-06-08 06:32:00,2026-06-08 06:43:49,Georgia State University,Centennial Olympic Park,member,11.816666666666666,6,0
R104804,2026-07-19 14:57:00,2026-07-19 15:38:35,Ponce City Market,Midtown MARTA,casual,41.583333333333336,14,6
R102367,2026-06-24 07:10:00,2026-06-24 07:26:22,Georgia State University,Centennial Olympic Park,member,16.366666666666667,7,2
R101121,2026-06-11 09:37:00,2026-06-11 09:47:00,Georgia State University,Centennial Olympic Park,member,10.0,9,3
R104030,2026-07-11 16:11:00,2026-07-11 16:23:03,Midtown MARTA,Georgia State University,member,12.05,16,5
R102613,2026-06-26 12:15:00,2026-06-26 12:22:00,Ponce City Market,Georgia State University,member,7.0,12,4
R104105,2026-07-12 14:36:00,2026-07-12 14:43:00,Atlantic Station,Ponce City Market,member,7.0,14,6
R104157,2026-07-12 19:45:00,2026-07-12 19:55:17,Midtown MARTA,Krog Street Market,member,10.283333333333333,19,6
R100788,2026-06-08 07:56:00,2026-06-08 08:07:59,Piedmont Park,Midtown MARTA,member,11.983333333333333,7,0
R104486,2026-07-16 17:45:00,2026-07-16 17:49:38,Centennial Olympic Park,Ponce City Market,casual,4.633333333333334,17,3
R100112,2026-06-01 13:49:00,2026-06-01 14:01:37,Centennial Olympic Park,Midtown MARTA,member,12.616666666666667,13,0
R102725,2026-06-27 12:15:00,2026-06-27 12:44:29,Atlantic Station,Centennial Olympic Park,casual,29.483333333333334,12,5
R100170,2026-06-02 14:57:00,2026-06-02 15:05:25,Midtown MARTA,Ponce City Market,member,8.416666666666666,14,1
R102073,2026-06-21 11:20:00,2026-06-21 11:29:42,Midtown MARTA,Ponce City Market,member,9.7,11,6
R100175,2026-06-02 18:26:00,2026-06-02 18:42:05,Ponce City Market,Krog Street Market,casual,16.083333333333332,18,1
R102660,2026-06-27 17:35:00,2026-06-27 17:43:19,Georgia State University,Centennial Olympic Park,member,8.316666666666666,17,5
R101592,2026-06-16 15:47:00,2026-06-16 15:59:12,Georgia State University,Atlantic Station,member,12.2,15,1
R104617,2026-07-17 19:35:00,2026-07-17 19:46:50,Midtown MARTA,Georgia State University,member,11.833333333333334,19,4
R102055,2026-06-21 12:06:00,2026-06-21 12:23:00,Georgia State University,Ponce City Market,casual,17.0,12,6
R105104,2026-07-21 22:15:00,2026-07-21 22:25:09,Midtown MARTA,Piedmont Park,member,10.15,22,1
R101510,2026-06-15 17:35:00,2026-06-15 17:49:35,Atlantic Station,Midtown MARTA,member,14.583333333333334,17,0
R101305,2026-06-13 01:40:00,2026-06-13 02:12:28,Ponce City Market,Centennial Olympic Park,casual,32.46666666666667,1,5
R102706,2026-06-27 09:46:00,2026-06-27 10:12:00,Ponce City Market,Midtown MARTA,casual,26.0,9,5
R100364,2026-06-04 10:26:00,2026-06-04 10:41:48,Atlantic Station,Ponce City Market,member,15.8,10,3
R105173,2026-07-22 09:17:00,2026-07-22 09:35:59,Ponce City Market,Midtown MARTA,casual,18.983333333333334,9,2
R103378,2026-07-04 12:37:00,2026-07-04 12:45:24,Centennial Olympic Park,Ponce City Market,member,8.4,12,5
R102167,2026-06-22 18:48:00,2026-06-22 18:58:14,Midtown MARTA,Atlantic Station,member,10.233333333333333,18,0
R102708,2026-06-27 18:20:00,2026-06-27 18:33:01,Centennial Olympic Park,Midtown MARTA,member,13.016666666666667,18,5
R102844,2026-06-28 07:16:00,2026-06-28 07:45:49,Atlantic Station,Midtown MARTA,casual,29.816666666666666,7,6
R101017,2026-06-11 16:53:00,2026-06-11 17:01:00,Piedmont Park,Centennial Olympic Park,member,8.0,16,3
R105814,2026-07-29 08:20:00,2026-07-29 08:31:45,Midtown MARTA,Atlantic Station,member,11.75,8,2
R104402,2026-07-15 19:51:00,2026-07-15 19:59:17,Georgia State University,Piedmont Park,member,8.283333333333333,19,2
R104662,2026-07-17 18:50:00,2026-07-17 18:59:42,Midtown MARTA,Centennial Olympic Park,member,9.7,18,4
R103438,2026-07-05 16:18:00,2026-07-05 16:54:19,Ponce City Market,Unknown,casual,36.31666666666667,16,6
R103766,2026-07-08 05:57:00,2026-07-08 06:30:43,Atlantic Station,Unknown,casual,33.71666666666667,5,2
R102793,2026-06-28 08:31:00,2026-06-28 08:44:09,Ponce City Market,Midtown MARTA,member,13.15,8,6
R101738,2026-06-18 08:56:00,2026-06-18 09:03:38,Centennial Olympic Park,Krog Street Market,member,7.633333333333334,8,3
R104295,2026-07-14 07:21:00,2026-07-14 07:33:08,West End,Ponce City Market,member,12.133333333333333,7,1
R105853,2026-07-29 06:29:00,2026-07-29 07:00:07,Piedmont Park,Midtown MARTA,casual,31.116666666666667,6,2
R104802,2026-07-19 16:28:00,2026-07-19 16:36:09,Midtown MARTA,Unknown,member,8.15,16,6
R100575,2026-06-06 15:42:00,2026-06-06 15:44:48,Georgia State University,Midtown MARTA,member,2.8,15,5
R102677,2026-06-27 11:23:00,2026-06-27 11:26:17,West End,Midtown MARTA,casual,3.283333333333333,11,5
R102094,2026-06-21 14:45:00,2026-06-21 15:16:41,Georgia State University,Midtown MARTA,casual,31.683333333333334,14,6
R105607,2026-07-27 16:54:00,2026-07-27 17:06:51,Ponce City Market,West End,member,12.85,16,0
R104851,2026-07-19 19:17:00,2026-07-19 19:30:00,Atlantic Station,Georgia State University,casual,13.0,19,6
R101957,2026-06-20 13:43:00,2026-06-20 13:55:47,Atlantic Station,Ponce City Market,member,12.783333333333333,13,5
R105531,2026-07-26 16:10:00,2026-07-26 16:14:29,Ponce City Market,Midtown MARTA,member,4.483333333333333,16,6
R100789,2026-06-08 08:26:00,2026-06-08 08:32:49,Little Five Points,Grant Park,member,6.816666666666666,8,0
R105415,2026-07-25 16:46:00,2026-07-25 17:21:28,Ponce City Market,Centennial Olympic Park,casual,35.46666666666667,16,5
R102631,2026-06-26 13:59:00,2026-06-26 14:09:18,Midtown MARTA,Piedmont Park,casual,10.3,13,4
R100828,2026-06-09 12:52:00,2026-06-09 12:57:40,Krog Street Market,Ponce City Market,member,5.666666666666667,12,1
R103245,2026-07-03 17:23:00,2026-07-03 17:35:14,Atlantic Station,Georgia State University,member,12.233333333333333,17,4
R100883,2026-06-09 16:43:00,2026-06-09 16:56:46,Georgia State University,Centennial Olympic Park,casual,13.766666666666667,16,1
R105062,2026-07-21 09:44:00,2026-07-21 09:59:23,Piedmont Park,Atlantic Station,member,15.383333333333333,9,1
R105013,2026-07-20 11:58:00,2026-07-20 12:06:56,Piedmont Park,Midtown MARTA,member,8.933333333333334,11,0
R105350,2026-07-24 19:35:00,2026-07-24 19:45:08,Centennial Olympic Park,Georgia State University,member,10.133333333333333,19,4
R102629,2026-06-26 19:30:00,2026-06-26 19:39:00,Ponce City Market,Georgia State University,member,9.0,19,4
R101424,2026-06-15 08:42:00,2026-06-15 09:12:52,Ponce City Market,Midtown MARTA,casual,30.866666666666667,8,0
R101142,2026-06-12 18:21:00,2026-06-12 18:33:31,Krog Street Market,Ponce City Market,member,12.516666666666667,18,4
R105006,2026-07-20 08:26:00,2026-07-20 08:41:51,Midtown MARTA,Atlantic Station,casual,15.85,8,0
R103820,2026-07-09 12:13:00,2026-07-09 12:22:58,Midtown MARTA,Georgia State University,member,9.966666666666667,12,3
R101333,2026-06-13 09:53:00,2026-06-13 10:23:00,West End,Ponce City Market,casual,30.0,9,5
R104017,2026-07-11 08:20:00,2026-07-11 08:44:25,Atlantic Station,Ponce City Market,casual,24.416666666666668,8,5
R100599,2026-06-07 11:22:00,2026-06-07 11:32:34,West End,Grant Park,member,10.566666666666666,11,6
R101051,2026-06-11 09:28:00,2026-06-11 09:58:21,Georgia State University,Ponce City Market,casual,30.35,9,3
R104242,2026-07-13 06:28:00,2026-07-13 06:38:00,Krog Street Market,Midtown MARTA,member,10.0,6,0
R103286,2026-07-04 12:33:00,2026-07-04 12:53:26,Midtown MARTA,Ponce City Market,member,20.433333333333334,12,5
R104784,2026-07-18 08:11:00,2026-07-18 08:24:11,Midtown MARTA,West End,member,13.183333333333334,8,5
R103367,2026-07-04 13:21:00,2026-07-04 13:48:00,Ponce City Market,Midtown MARTA,casual,27.0,13,5
R103284,2026-07-04 18:01:00,2026-07-04 18:15:47,Midtown MARTA,Georgia State University,unknown,14.783333333333333,18,5
R103278,2026-07-03 16:51:00,2026-07-03 17:05:33,Little Five Points,Midtown MARTA,member,14.55,16,4
R104012,2026-07-10 09:40:00,2026-07-10 09:42:45,Midtown MARTA,Georgia State University,member,2.75,9,4
R104758,2026-07-18 17:25:00,2026-07-18 17:46:14,Ponce City Market,Midtown MARTA,casual,21.233333333333334,17,5
R104912,2026-07-19 11:15:00,2026-07-19 11:46:09,Georgia State University,Midtown MARTA,casual,31.15,11,6
R104721,2026-07-18 09:23:00,2026-07-18 10:01:12,Centennial Olympic Park,Ponce City Market,casual,38.2,9,5
R102509,2026-06-25 09:09:00,2026-06-25 09:24:00,Midtown MARTA,Georgia State University,member,15.0,9,3
R102126,2026-06-22 14:28:00,2026-06-22 14:38:00,Midtown MARTA,Georgia State University,casual,10.0,14,0
R100394,2026-06-04 17:49:00,2026-06-04 18:04:00,Midtown MARTA,Ponce City Market,unknown,15.0,17,3
R103150,2026-07-02 13:40:00,2026-07-02 13:52:10,Piedmont Park,Ponce City Market,member,12.166666666666666,13,3
R104473,2026-07-16 07:38:00,2026-07-16 07:45:52,Midtown MARTA,Centennial Olympic Park,member,7.866666666666666,7,3
R102581,2026-06-26 21:53:00,2026-06-26 21:59:31,Georgia State University,Ponce City Market,member,6.516666666666667,21,4
R104079,2026-07-11 11:55:00,2026-07-11 12:11:40,Midtown MARTA,Atlantic Station,casual,16.666666666666668,11,5
R104391,2026-07-15 04:22:00,2026-07-15 04:37:01,Midtown MARTA,Ponce City Market,member,15.016666666666667,4,2
R102283,2026-06-23 16:21:00,2026-06-23 16:47:59,Ponce City Market,Atlantic Station,casual,26.983333333333334,16,1
R101563,2026-06-16 20:36:00,2026-06-16 20:48:59,Midtown MARTA,Georgia State University,member,12.983333333333333,20,1
R102565,2026-06-25 14:18:00,2026-06-25 14:29:00,Ponce City Market,Centennial Olympic Park,casual,11.0,14,3
R102259,2026-06-23 08:10:00,2026-06-23 08:19:00,Midtown MARTA,Atlantic Station,member,9.0,8,1
R102538,2026-06-25 19:07:00,2026-06-25 19:13:31,Krog Street Market,Georgia State University,member,6.516666666666667,19,3
R100483,2026-06-05 17:29:00,2026-06-05 17:43:00,Centennial Olympic Park,Atlantic Station,member,14.0,17,4
R105798,2026-07-28 10:04:00,2026-07-28 10:11:00,Georgia State University,Little Five Points,member,7.0,10,1
R101488,2026-06-15 11:25:00,2026-06-15 11:43:10,Midtown MARTA,Atlantic Station,unknown,18.166666666666668,11,0
R103106,2026-07-02 09:41:00,2026-07-02 09:50:00,Ponce City Market,Georgia State University,member,9.0,9,3
R103198,2026-07-02 17:10:00,2026-07-02 17:16:20,Midtown MARTA,Georgia State University,member,6.333333333333333,17,3
R100625,2026-06-07 12:10:00,2026-06-07 12:23:00,Midtown MARTA,Ponce City Market,member,13.0,12,6
R102568,2026-06-25 17:52:00,2026-06-25 17:54:35,Georgia State University,Centennial Olympic Park,member,2.5833333333333335,17,3
R101306,2026-06-13 03:07:00,2026-06-13 03:19:04,Midtown MARTA,Georgia State University,casual,12.066666666666666,3,5
R100036,2026-06-01 18:41:00,2026-06-01 18:52:42,Centennial Olympic Park,Ponce City Market,member,11.7,18,0
R105986,2026-07-30 11:01:00,2026-07-30 11:35:56,Krog Street Market,Centennial Olympic Park,casual,34.93333333333333,11,3
R105436,2026-07-25 09:19:00,2026-07-25 09:25:00,Atlantic Station,Centennial Olympic Park,member,6.0,9,5
R103647,2026-07-07 09:43:00,2026-07-07 09:52:30,Atlantic Station,Piedmont Park,member,9.5,9,1
R101289,2026-06-13 17:32:00,2026-06-13 17:41:03,Georgia State University,Krog Street Market,member,9.05,17,5
R103809,2026-07-09 18:52:00,2026-07-09 19:03:02,Atlantic Station,Ponce City Market,member,11.033333333333333,18,3
R100391,2026-06-04 08:09:00,2026-06-04 08:44:02,Georgia State University,Piedmont Park,casual,35.03333333333333,8,3
R103479,2026-07-06 09:24:00,2026-07-06 09:58:00,Piedmont Park,Midtown MARTA,casual,34.0,9,0
R101395,2026-06-14 14:42:00,2026-06-14 14:51:52,Ponce City Market,Midtown MARTA,member,9.866666666666667,14,6
R102647,2026-06-26 16:24:00,2026-06-26 16:46:45,Midtown MARTA,Centennial Olympic Park,casual,22.75,16,4
R104467,2026-07-16 06:04:00,2026-07-16 06:05:00,Ponce City Market,Grant Park,casual,1.0,6,3
R103435,2026-07-05 17:02:00,2026-07-05 17:19:03,Midtown MARTA,Piedmont Park,member,17.05,17,6
R101964,2026-06-20 12:51:00,2026-06-20 12:53:00,Centennial Olympic Park,Georgia State University,casual,2.0,12,5
R104096,2026-07-12 10:31:00,2026-07-12 10:42:52,Piedmont Park,Midtown MARTA,member,11.866666666666667,10,6
R104603,2026-07-17 05:00:00,2026-07-17 05:11:06,Midtown MARTA,Georgia State University,member,11.1,5,4
R103547,2026-07-06 17:18:00,2026-07-06 17:34:26,Centennial Olympic Park,Ponce City Market,unknown,16.433333333333334,17,0
R101006,2026-06-10 05:15:00,2026-06-10 05:24:59,Grant Park,Midtown MARTA,member,9.983333333333333,5,2
R101583,2026-06-16 21:35:00,2026-06-16 22:00:30,Centennial Olympic Park,Ponce City Market,casual,25.5,21,1
R102691,2026-06-27 13:28:00,2026-06-27 13:38:00,Ponce City Market,Little Five Points,member,10.0,13,5
R100045,2026-06-01 13:12:00,2026-06-01 13:20:19,Centennial Olympic Park,Ponce City Market,member,8.316666666666666,13,0
R104771,2026-07-18 14:41:00,2026-07-18 14:49:01,Ponce City Market,Midtown MARTA,casual,8.016666666666667,14,5
R101432,2026-06-15 19:00:00,2026-06-15 19:13:00,Midtown MARTA,Krog Street Market,member,13.0,19,0
R100168,2026-06-02 16:04:00,2026-06-02 16:13:54,Georgia State University,Ponce City Market,casual,9.9,16,1
R102336,2026-06-24 05:57:00,2026-06-24 06:06:00,Krog Street Market,Midtown MARTA,member,9.0,5,2
R105362,2026-07-24 16:43:00,2026-07-24 16:54:00,Ponce City Market,Midtown MARTA,member,11.0,16,4
R100268,2026-06-03 12:36:00,2026-06-03 12:49:51,Ponce City Market,Midtown MARTA,member,13.85,12,2
R103594,2026-07-07 15:41:00,2026-07-07 15:57:56,Ponce City Market,Atlantic Station,member,16.933333333333334,15,1
R105153,2026-07-22 09:11:00,2026-07-22 09:25:20,Ponce City Market,Georgia State University,member,14.333333333333334,9,2
R105548,2026-07-26 07:01:00,2026-07-26 07:10:04,Ponce City Market,Piedmont Park,casual,9.066666666666666,7,6
R105330,2026-07-24 10:27:00,2026-07-24 10:45:58,Midtown MARTA,Georgia State University,casual,18.966666666666665,10,4
R103791,2026-07-09 14:53:00,2026-07-09 15:03:31,Midtown MARTA,Georgia State University,casual,10.516666666666667,14,3
R105569,2026-07-26 09:59:00,2026-07-26 10:31:43,Centennial Olympic Park,Midtown MARTA,casual,32.71666666666667,9,6
R105671,2026-07-27 19:21:00,2026-07-27 19:56:00,Ponce City Market,Georgia State University,unknown,35.0,19,0
R105951,2026-07-30 16:39:00,2026-07-30 16:51:50,Ponce City Market,Georgia State University,member,12.833333333333334,16,3
R105206,2026-07-22 08:55:00,2026-07-22 09:10:31,Midtown MARTA,Piedmont Park,member,15.516666666666667,8,2
R105248,2026-07-23 10:00:00,2026-07-23 10:10:53,Piedmont Park,Ponce City Market,member,10.883333333333333,10,3
R104411,2026-07-15 01:02:00,2026-07-15 01:31:00,Ponce City Market,Midtown MARTA,casual,29.0,1,2
R104359,2026-07-14 08:08:00,2026-07-14 08:22:53,Georgia State University,Ponce City Market,member,14.883333333333333,8,1
R104886,2026-07-19 15:52:00,2026-07-19 16:09:06,Atlantic Station,Unknown,casual,17.1,15,6
R100360,2026-06-04 16:20:00,2026-06-04 16:33:54,Little Five Points,Ponce City Market,member,13.9,16,3
R100013,2026-06-01 09:34:00,2026-06-01 09:46:00,Georgia State University,Ponce City Market,member,12.0,9,0
R100685,2026-06-07 00:13:00,2026-06-07 00:24:04,Georgia State University,Centennial Olympic Park,member,11.066666666666666,0,6
R102373,2026-06-24 22:10:00,2026-06-24 22:16:00,Midtown MARTA,Georgia State University,member,6.0,22,2
R103729,2026-07-08 10:38:00,2026-07-08 10:43:00,Midtown MARTA,Georgia State University,member,5.0,10,2
R101377,2026-06-14 11:18:00,2026-06-14 12:05:42,Centennial Olympic Park,Georgia State University,casual,47.7,11,6
R101685,2026-06-17 16:56:00,2026-06-17 17:07:14,Georgia State University,Piedmont Park,member,11.233333333333333,16,2
R103929,2026-07-10 15:55:00,2026-07-10 16:23:01,Midtown MARTA,Centennial Olympic Park,casual,28.016666666666666,15,4
R105435,2026-07-25 10:39:00,2026-07-25 11:00:00,Krog Street Market,Georgia State University,casual,21.0,10,5
R104084,2026-07-11 19:09:00,2026-07-11 19:22:44,Midtown MARTA,Georgia State University,member,13.733333333333333,19,5
R104579,2026-07-17 20:12:00,2026-07-17 20:19:29,Midtown MARTA,Little Five Points,member,7.483333333333333,20,4
R102102,2026-06-21 08:49:00,2026-06-21 09:11:26,Ponce City Market,Centennial Olympic Park,casual,22.433333333333334,8,6
R101636,2026-06-17 08:19:00,2026-06-17 08:33:23,Georgia State University,Krog Street Market,member,14.383333333333333,8,2
R101869,2026-06-19 16:23:00,2026-06-19 16:26:22,Atlantic Station,Midtown MARTA,member,3.3666666666666667,16,4
R105364,2026-07-24 18:46:00,2026-07-24 19:00:51,Piedmont Park,Georgia State University,casual,14.85,18,4
R105427,2026-07-25 09:24:00,2026-07-25 09:55:55,Midtown MARTA,Georgia State University,casual,31.916666666666668,9,5
R100219,2026-06-03 09:14:00,2026-06-03 09:24:05,Midtown MARTA,Georgia State University,casual,10.083333333333334,9,2
R102925,2026-06-29 09:23:00,2026-06-29 09:35:00,Krog Street Market,Ponce City Market,member,12.0,9,0
R104584,2026-07-17 16:27:00,2026-07-17 16:40:00,Georgia State University,Atlantic Station,member,13.0,16,4
R104337,2026-07-14 16:38:00,2026-07-14 16:44:34,Midtown MARTA,Little Five Points,member,6.566666666666666,16,1
R101604,2026-06-16 12:59:00,2026-06-16 13:00:00,Centennial Olympic Park,Georgia State University,casual,1.0,12,1
R105465,2026-07-25 18:47:00,2026-07-25 19:19:06,Atlantic Station,Georgia State University,casual,32.1,18,5
R105551,2026-07-26 09:24:00,2026-07-26 09:26:00,Georgia State University,Midtown MARTA,member,2.0,9,6
R105583,2026-07-26 12:46:00,2026-07-26 12:55:33,Midtown MARTA,West End,member,9.55,12,6
R101943,2026-06-20 07:52:00,2026-06-20 07:59:00,Midtown MARTA,Ponce City Market,member,7.0,7,5
R104108,2026-07-12 13:25:00,2026-07-12 13:32:30,Georgia State University,Centennial Olympic Park,member,7.5,13,6
R102388,2026-06-24 07:34:00,2026-06-24 07:40:07,Krog Street Market,Georgia State University,member,6.116666666666666,7,2
R100396,2026-06-04 09:09:00,2026-06-04 09:21:05,Midtown MARTA,Ponce City Market,member,12.083333333333334,9,3
R102147,2026-06-22 05:00:00,2026-06-22 05:06:51,Centennial Olympic Park,Georgia State University,member,6.85,5,0
R104213,2026-07-13 18:06:00,2026-07-13 18:13:48,Midtown MARTA,Ponce City Market,member,7.8,18,0
R105014,2026-07-20 06:04:00,2026-07-20 06:19:00,Ponce City Market,Georgia State University,member,15.0,6,0
R100725,2026-06-08 06:35:00,2026-06-08 06:38:14,Centennial Olympic Park,Piedmont Park,member,3.2333333333333334,6,0
R103097,2026-07-01 15:32:00,2026-07-01 15:37:37,Ponce City Market,Grant Park,member,5.616666666666666,15,2
R101771,2026-06-18 17:51:00,2026-06-18 17:56:40,Atlantic Station,Midtown MARTA,casual,5.666666666666667,17,3
R101490,2026-06-15 09:29:00,2026-06-15 10:02:52,Georgia State University,Krog Street Market,unknown,33.86666666666667,9,0
R102043,2026-06-21 02:07:00,2026-06-21 02:35:07,Midtown MARTA,Atlantic Station,casual,28.116666666666667,2,6
R105366,2026-07-24 14:49:00,2026-07-24 15:00:00,Centennial Olympic Park,Georgia State University,member,11.0,14,4
R102500,2026-06-25 18:41:00,2026-06-25 18:49:25,Midtown MARTA,Georgia State University,member,8.416666666666666,18,3
R104417,2026-07-15 17:26:00,2026-07-15 17:39:00,Georgia State University,Ponce City Market,member,13.0,17,2
R101151,2026-06-12 16:42:00,2026-06-12 16:57:00,Ponce City Market,Centennial Olympic Park,member,15.0,16,4
R102369,2026-06-24 06:41:00,2026-06-24 06:50:00,Midtown MARTA,Georgia State University,member,9.0,6,2
R103476,2026-07-06 16:50:00,2026-07-06 16:57:39,Midtown MARTA,Centennial Olympic Park,member,7.65,16,0
R100611,2026-06-07 13:19:00,2026-06-07 13:26:22,Midtown MARTA,Centennial Olympic Park,member,7.366666666666666,13,6
R100372,2026-06-04 07:18:00,2026-06-04 07:29:14,Little Five Points,Midtown MARTA,member,11.233333333333333,7,3
R104099,2026-07-12 10:08:00,2026-07-12 10:31:00,Centennial Olympic Park,Ponce City Market,casual,23.0,10,6
R103180,2026-07-02 05:26:00,2026-07-02 05:41:00,Georgia State University,Centennial Olympic Park,member,15.0,5,3
R103685,2026-07-08 11:10:00,2026-07-08 11:13:01,Grant Park,Ponce City Market,member,3.0166666666666666,11,2
R102824,2026-06-28 14:14:00,2026-06-28 14:32:07,Georgia State University,Krog Street Market,casual,18.116666666666667,14,6
R104227,2026-07-13 19:47:00,2026-07-13 19:58:01,Ponce City Market,Piedmont Park,member,11.016666666666667,19,0
R101406,2026-06-14 11:13:00,2026-06-14 11:34:27,Midtown MARTA,Atlantic Station,casual,21.45,11,6
R104493,2026-07-16 06:42:00,2026-07-16 06:59:16,Centennial Olympic Park,Ponce City Market,member,17.266666666666666,6,3
R102536,2026-06-25 18:06:00,2026-06-25 18:13:00,Piedmont Park,Atlantic Station,member,7.0,18,3
R104111,2026-07-12 11:59:00,2026-07-12 12:11:00,Midtown MARTA,Ponce City Market,member,12.0,11,6
R101741,2026-06-18 19:25:00,2026-06-18 19:31:54,Centennial Olympic Park,Ponce City Market,member,6.9,19,3
R100420,2026-06-04 08:53:00,2026-06-04 09:03:19,Midtown MARTA,Krog Street Market,member,10.316666666666666,8,3
R100338,2026-06-04 20:56:00,2026-06-04 21:11:38,Ponce City Market,Centennial Olympic Park,member,15.633333333333333,20,3
R102639,2026-06-26 12:53:00,2026-06-26 13:00:30,Midtown MARTA,Atlantic Station,member,7.5,12,4
R105395,2026-07-24 16:10:00,2026-07-24 16:20:11,Ponce City Market,Atlantic Station,member,10.183333333333334,16,4
R101785,2026-06-18 15:50:00,2026-06-18 16:01:00,Georgia State University,Midtown MARTA,member,11.0,15,3
R105912,2026-07-30 11:39:00,2026-07-30 12:07:49,Ponce City Market,Georgia State University,casual,28.816666666666666,11,3
R100684,2026-06-07 13:33:00,2026-06-07 13:49:05,Atlantic Station,Centennial Olympic Park,casual,16.083333333333332,13,6
R103514,2026-07-06 07:48:00,2026-07-06 07:58:29,Piedmont Park,Georgia State University,member,10.483333333333333,7,0
R105488,2026-07-26 07:52:00,2026-07-26 08:08:17,Midtown MARTA,Atlantic Station,casual,16.283333333333335,7,6
R104102,2026-07-12 14:09:00,2026-07-12 14:44:00,Midtown MARTA,Georgia State University,casual,35.0,14,6
R100702,2026-06-07 11:39:00,2026-06-07 12:24:27,Krog Street Market,Georgia State University,casual,45.45,11,6
R102796,2026-06-28 15:25:00,2026-06-28 15:40:46,Midtown MARTA,Ponce City Market,member,15.766666666666667,15,6
R104298,2026-07-14 12:01:00,2026-07-14 12:09:00,West End,Krog Street Market,member,8.0,12,1
R104009,2026-07-10 12:05:00,2026-07-10 12:16:23,Atlantic Station,Ponce City Market,unknown,11.383333333333333,12,4
R104973,2026-07-20 16:22:00,2026-07-20 16:35:00,Ponce City Market,Krog Street Market,member,13.0,16,0
R100646,2026-06-07 16:20:00,2026-06-07 16:55:22,Centennial Olympic Park,Piedmont Park,casual,35.36666666666667,16,6
R102477,2026-06-25 10:00:00,2026-06-25 10:16:36,Ponce City Market,Georgia State University,casual,16.6,10,3
R102190,2026-06-22 06:52:00,2026-06-22 06:55:26,Ponce City Market,Atlantic Station,member,3.433333333333333,6,0
R100290,2026-06-03 16:34:00,2026-06-03 16:47:43,Georgia State University,Grant Park,casual,13.716666666666667,16,2
R103739,2026-07-08 14:12:00,2026-07-08 14:22:00,Centennial Olympic Park,Ponce City Market,member,10.0,14,2
R100025,2026-06-01 15:11:00,2026-06-01 15:23:07,Piedmont Park,Grant Park,member,12.116666666666667,15,0
R102843,2026-06-28 11:57:00,2026-06-28 12:07:01,Ponce City Market,Midtown MARTA,member,10.016666666666667,11,6
R102687,2026-06-27 08:56:00,2026-06-27 09:13:31,Georgia State University,Midtown MARTA,member,17.516666666666666,8,5
R102680,2026-06-27 18:07:00,2026-06-27 18:36:00,Centennial Olympic Park,Midtown MARTA,casual,29.0,18,5
R100367,2026-06-04 18:54:00,2026-06-04 19:21:52,Piedmont Park,Centennial Olympic Park,casual,27.866666666666667,18,3
R100711,2026-06-08 21:21:00,2026-06-08 21:47:19,Midtown MARTA,Unknown,casual,26.316666666666666,21,0
R103142,2026-07-02 18:48:00,2026-07-02 18:56:00,Atlantic Station,Centennial Olympic Park,member,8.0,18,3
R101837,2026-06-19 11:09:00,2026-06-19 11:42:54,Midtown MARTA,Unknown,casual,33.9,11,4
R105687,2026-07-27 09:15:00,2026-07-27 09:29:34,Ponce City Market,Piedmont Park,member,14.566666666666666,9,0
R100150,2026-06-02 16:39:00,2026-06-02 16:52:25,Piedmont Park,Centennial Olympic Park,member,13.416666666666666,16,1
R101730,2026-06-18 19:32:00,2026-06-18 19:44:21,Centennial Olympic Park,Unknown,member,12.35,19,3
R104185,2026-07-13 05:50:00,2026-07-13 06:03:27,Georgia State University,Ponce City Market,member,13.45,5,0
R105438,2026-07-25 15:10:00,2026-07-25 15:37:23,Krog Street Market,Centennial Olympic Park,casual,27.383333333333333,15,5
R105996,2026-07-30 09:17:00,2026-07-30 09:29:00,Ponce City Market,Little Five Points,member,12.0,9,3
R100594,2026-06-07 14:18:00,2026-06-07 14:28:00,Atlantic Station,Krog Street Market,casual,10.0,14,6
R101861,2026-06-19 10:52:00,2026-06-19 11:01:28,Ponce City Market,Centennial Olympic Park,member,9.466666666666667,10,4
R105234,2026-07-22 15:53:00,2026-07-22 15:54:00,Midtown MARTA,Little Five Points,casual,1.0,15,2
R104371,2026-07-15 19:12:00,2026-07-15 19:23:48,Ponce City Market,Georgia State University,member,11.8,19,2
R104760,2026-07-18 16:07:00,2026-07-18 16:22:04,Midtown MARTA,Atlantic Station,member,15.066666666666666,16,5
R101472,2026-06-15 19:55:00,2026-06-15 20:00:49,Midtown MARTA,Ponce City Market,member,5.816666666666666,19,0
R101193,2026-06-12 20:53:00,2026-06-12 21:02:00,Georgia State University,Midtown MARTA,member,9.0,20,4
R105475,2026-07-25 09:17:00,2026-07-25 09:33:36,West End,Grant Park,casual,16.6,9,5
R105379,2026-07-24 08:02:00,2026-07-24 08:17:00,Georgia State University,Centennial Olympic Park,member,15.0,8,4
R104248,2026-07-13 18:37:00,2026-07-13 18:52:00,Midtown MARTA,Ponce City Market,member,15.0,18,0
R103171,2026-07-02 13:40:00,2026-07-02 14:03:34,West End,Ponce City Market,casual,23.566666666666666,13,3
R101429,2026-06-15 16:22:00,2026-06-15 16:37:00,Atlantic Station,Georgia State University,member,15.0,16,0
R103208,2026-07-02 09:13:00,2026-07-02 09:16:52,Ponce City Market,Georgia State University,casual,3.8666666666666667,9,3
R101323,2026-06-13 09:52:00,2026-06-13 10:26:16,Midtown MARTA,Atlantic Station,casual,34.266666666666666,9,5
R105883,2026-07-29 17:59:00,2026-07-29 18:14:16,Atlantic Station,Centennial Olympic Park,member,15.266666666666667,17,2
R105141,2026-07-21 09:18:00,2026-07-21 09:23:48,Georgia State University,Midtown MARTA,member,5.8,9,1
R100986,2026-06-10 17:17:00,2026-06-10 17:48:35,Georgia State University,Grant Park,casual,31.583333333333332,17,2
R103486,2026-07-06 06:41:00,2026-07-06 06:55:49,Centennial Olympic Park,Midtown MARTA,member,14.816666666666666,6,0
R100484,2026-06-05 09:09:00,2026-06-05 09:20:51,Midtown MARTA,Ponce City Market,member,11.85,9,4
R101238,2026-06-12 09:44:00,2026-06-12 09:50:41,Ponce City Market,Georgia State University,member,6.683333333333334,9,4
R101469,2026-06-15 18:00:00,2026-06-15 18:08:41,Georgia State University,Grant Park,member,8.683333333333334,18,0
R103764,2026-07-08 11:30:00,2026-07-08 11:43:00,Ponce City Market,Midtown MARTA,member,13.0,11,2
R100328,2026-06-04 17:42:00,2026-06-04 17:54:10,Midtown MARTA,Centennial Olympic Park,member,12.166666666666666,17,3
R102379,2026-06-24 17:18:00,2026-06-24 17:31:14,Midtown MARTA,Ponce City Market,casual,13.233333333333333,17,2
R102405,2026-06-24 18:45:00,2026-06-24 19:01:19,Georgia State University,Centennial Olympic Park,member,16.316666666666666,18,2
R105160,2026-07-22 09:27:00,2026-07-22 09:42:05,Centennial Olympic Park,Piedmont Park,member,15.083333333333334,9,2
R101312,2026-06-13 07:39:00,2026-06-13 07:55:33,Ponce City Market,Midtown MARTA,member,16.55,7,5
R102346,2026-06-24 07:01:00,2026-06-24 07:15:07,Georgia State University,Ponce City Market,member,14.116666666666667,7,2
R104015,2026-07-11 16:47:00,2026-07-11 17:03:09,Ponce City Market,Georgia State University,casual,16.15,16,5
R100129,2026-06-02 07:21:00,2026-06-02 07:33:00,Georgia State University,Midtown MARTA,casual,12.0,7,1
R100356,2026-06-04 20:29:00,2026-06-04 20:36:00,Atlantic Station,Midtown MARTA,member,7.0,20,3
R103578,2026-07-07 18:30:00,2026-07-07 18:50:18,Midtown MARTA,Georgia State University,casual,20.3,18,1
R103805,2026-07-09 17:24:00,2026-07-09 17:44:00,Midtown MARTA,Centennial Olympic Park,casual,20.0,17,3
R104181,2026-07-13 10:55:00,2026-07-13 11:23:00,Midtown MARTA,Centennial Olympic Park,casual,28.0,10,0
R101353,2026-06-14 16:17:00,2026-06-14 16:28:00,Midtown MARTA,Atlantic Station,member,11.0,16,6
R104421,2026-07-15 11:07:00,2026-07-15 11:16:49,Midtown MARTA,Ponce City Market,member,9.816666666666666,11,2
R100956,2026-06-10 15:19:00,2026-06-10 15:46:00,Ponce City Market,Atlantic Station,casual,27.0,15,2
R104121,2026-07-12 16:27:00,2026-07-12 16:53:25,West End,Georgia State University,casual,26.416666666666668,16,6
R100910,2026-06-10 18:00:00,2026-06-10 18:15:53,Krog Street Market,Ponce City Market,member,15.883333333333333,18,2
R104061,2026-07-11 11:59:00,2026-07-11 12:02:00,Ponce City Market,Midtown MARTA,casual,3.0,11,5
R104316,2026-07-14 09:44:00,2026-07-14 09:55:56,Midtown MARTA,Ponce City Market,member,11.933333333333334,9,1
R102265,2026-06-23 16:05:00,2026-06-23 16:12:17,Ponce City Market,Centennial Olympic Park,member,7.283333333333333,16,1
R103902,2026-07-10 07:51:00,2026-07-10 07:59:08,Ponce City Market,Centennial Olympic Park,casual,8.133333333333333,7,4
R101873,2026-06-19 07:01:00,2026-06-19 07:27:36,Krog Street Market,West End,casual,26.6,7,4
R103915,2026-07-10 18:16:00,2026-07-10 18:29:20,Grant Park,Midtown MARTA,member,13.333333333333334,18,4
R105993,2026-07-30 15:52:00,2026-07-30 16:00:45,Georgia State University,Midtown MARTA,member,8.75,15,3
R104197,2026-07-13 21:59:00,2026-07-13 22:04:54,Georgia State University,Midtown MARTA,member,5.9,21,0
R103112,2026-07-02 07:24:00,2026-07-02 07:34:00,Atlantic Station,Midtown MARTA,member,10.0,7,3
R105720,2026-07-27 13:38:00,2026-07-27 13:39:00,Centennial Olympic Park,Georgia State University,member,1.0,13,0
R101517,2026-06-15 17:37:00,2026-06-15 17:49:51,Piedmont Park,Centennial Olympic Park,casual,12.85,17,0
R104778,2026-07-18 09:16:00,2026-07-18 09:25:28,Ponce City Market,Little Five Points,member,9.466666666666667,9,5
R105927,2026-07-30 08:14:00,2026-07-30 08:23:26,Ponce City Market,Little Five Points,member,9.433333333333334,8,3
R104475,2026-07-16 08:49:00,2026-07-16 09:20:00,Midtown MARTA,Little Five Points,casual,31.0,8,3
R101602,2026-06-16 07:52:00,2026-06-16 08:09:00,Centennial Olympic Park,Piedmont Park,member,17.0,7,1
R104004,2026-07-10 08:28:00,2026-07-10 09:05:53,Piedmont Park,Centennial Olympic Park,casual,37.88333333333333,8,4
R102700,2026-06-27 18:55:00,2026-06-27 18:58:21,Ponce City Market,Georgia State University,member,3.35,18,5
R103986,2026-07-10 07:05:00,2026-07-10 07:12:20,West End,Atlantic Station,member,7.333333333333333,7,4
R100894,2026-06-09 09:22:00,2026-06-09 10:00:00,Midtown MARTA,Atlantic Station,casual,38.0,9,1
R103160,2026-07-02 18:22:00,2026-07-02 18:23:00,Ponce City Market,Midtown MARTA,casual,1.0,18,3
R104092,2026-07-12 10:22:00,2026-07-12 10:28:00,Midtown MARTA,Georgia State University,member,6.0,10,6
R100205,2026-06-02 16:15:00,2026-06-02 16:22:55,Centennial Olympic Park,Ponce City Market,member,7.916666666666667,16,1
R103091,2026-07-01 15:09:00,2026-07-01 15:13:00,Centennial Olympic Park,Atlantic Station,member,4.0,15,2
R101036,2026-06-11 18:09:00,2026-06-11 18:16:16,Midtown MARTA,Centennial Olympic Park,member,7.266666666666667,18,3
R103751,2026-07-08 15:48:00,2026-07-08 15:58:06,Little Five Points,Centennial Olympic Park,member,10.1,15,2
R102231,2026-06-22 08:46:00,2026-06-22 08:53:40,Midtown MARTA,Piedmont Park,member,7.666666666666667,8,0
R100128,2026-06-02 07:19:00,2026-06-02 07:41:00,West End,Centennial Olympic Park,casual,22.0,7,1
R102284,2026-06-23 14:09:00,2026-06-23 14:28:33,Georgia State University,Ponce City Market,casual,19.55,14,1
R100196,2026-06-02 22:38:00,2026-06-02 22:48:34,West End,Atlantic Station,member,10.566666666666666,22,1
R101240,2026-06-12 08:07:00,2026-06-12 08:10:55,Krog Street Market,West End,member,3.9166666666666665,8,4
R100054,2026-06-01 13:49:00,2026-06-01 14:02:00,Little Five Points,Centennial Olympic Park,casual,13.0,13,0
R100198,2026-06-02 10:39:00,2026-06-02 10:55:00,Georgia State University,Grant Park,member,16.0,10,1
R102206,2026-06-22 17:07:00,2026-06-22 17:16:29,Midtown MARTA,Ponce City Market,member,9.483333333333333,17,0
R101259,2026-06-13 15:26:00,2026-06-13 15:41:00,Ponce City Market,Midtown MARTA,casual,15.0,15,5
R102423,2026-06-24 18:15:00,2026-06-24 18:30:00,West End,Ponce City Market,member,15.0,18,2
R101988,2026-06-20 02:41:00,2026-06-20 02:56:00,Little Five Points,Ponce City Market,member,15.0,2,5
R105094,2026-07-21 08:30:00,2026-07-21 08:51:00,Midtown MARTA,Piedmont Park,casual,21.0,8,1
R100959,2026-06-10 19:42:00,2026-06-10 19:56:19,Georgia State University,Midtown MARTA,member,14.316666666666666,19,2
R101048,2026-06-11 15:29:00,2026-06-11 15:39:13,Georgia State University,Unknown,member,10.216666666666667,15,3
R103249,2026-07-03 04:24:00,2026-07-03 04:29:00,Midtown MARTA,Ponce City Market,member,5.0,4,4
R105025,2026-07-20 16:39:00,2026-07-20 16:50:09,Ponce City Market,Midtown MARTA,member,11.15,16,0
R100931,2026-06-10 08:13:00,2026-06-10 08:20:51,Ponce City Market,Georgia State University,member,7.85,8,2
R103598,2026-07-07 16:51:00,2026-07-07 17:03:04,Georgia State University,Krog Street Market,member,12.066666666666666,16,1
R102694,2026-06-27 17:53:00,2026-06-27 18:30:00,Midtown MARTA,Ponce City Market,casual,37.0,17,5
R100769,2026-06-08 13:19:00,2026-06-08 13:33:32,Ponce City Market,Georgia State University,member,14.533333333333333,13,0
R103103,2026-07-02 18:31:00,2026-07-02 18:36:37,Ponce City Market,West End,member,5.616666666666666,18,3
R104743,2026-07-18 21:32:00,2026-07-18 21:59:00,Ponce City Market,Grant Park,casual,27.0,21,5
R105345,2026-07-24 10:44:00,2026-07-24 10:51:00,Georgia State University,Ponce City Market,member,7.0,10,4
R104665,2026-07-17 17:43:00,2026-07-17 17:54:56,Piedmont Park,Atlantic Station,member,11.933333333333334,17,4
R100876,2026-06-09 19:08:00,2026-06-09 19:20:19,Centennial Olympic Park,Atlantic Station,member,12.316666666666666,19,1
R100637,2026-06-07 12:32:00,2026-06-07 12:41:00,Atlantic Station,Georgia State University,member,9.0,12,6
R104037,2026-07-11 14:09:00,2026-07-11 14:39:14,Ponce City Market,Georgia State University,casual,30.233333333333334,14,5
R100473,2026-06-05 09:27:00,2026-06-05 09:36:00,Atlantic Station,West End,member,9.0,9,4
R105337,2026-07-24 09:01:00,2026-07-24 09:09:00,Midtown MARTA,Ponce City Market,member,8.0,9,4
R105588,2026-07-26 06:19:00,2026-07-26 06:44:51,Centennial Olympic Park,Midtown MARTA,casual,25.85,6,6
R101159,2026-06-12 15:24:00,2026-06-12 15:39:33,Centennial Olympic Park,Georgia State University,member,15.55,15,4
R104896,2026-07-19 21:37:00,2026-07-19 21:49:36,Georgia State University,Ponce City Market,casual,12.6,21,6
R101936,2026-06-20 11:48:00,2026-06-20 12:00:00,West End,Centennial Olympic Park,casual,12.0,11,5
R104563,2026-07-16 08:12:00,2026-07-16 08:17:00,Centennial Olympic Park,Ponce City Market,member,5.0,8,3
R104573,2026-07-16 19:14:00,2026-07-16 19:16:18,Ponce City Market,Midtown MARTA,casual,2.3,19,3
R101514,2026-06-15 07:27:00,2026-06-15 07:37:06,Midtown MARTA,Centennial Olympic Park,member,10.1,7,0
R103665,2026-07-08 01:22:00,2026-07-08 01:33:36,Atlantic Station,Midtown MARTA,member,11.6,1,2
R104952,2026-07-20 09:43:00,2026-07-20 09:53:52,Midtown MARTA,Georgia State University,member,10.866666666666667,9,0
R103848,2026-07-09 07:36:00,2026-07-09 08:02:59,Ponce City Market,Unknown,casual,26.983333333333334,7,3
R100232,2026-06-03 08:20:00,2026-06-03 08:27:54,Ponce City Market,Midtown MARTA,member,7.9,8,2
R104188,2026-07-13 15:17:00,2026-07-13 15:25:00,Midtown MARTA,Georgia State University,member,8.0,15,0
R103406,2026-07-05 15:43:00,2026-07-05 15:47:44,Midtown MARTA,Atlantic Station,member,4.733333333333333,15,6
R103928,2026-07-10 20:16:00,2026-07-10 20:31:00,Little Five Points,Ponce City Market,member,15.0,20,4
R102002,2026-06-20 13:20:00,2026-06-20 13:35:24,Midtown MARTA,Ponce City Market,casual,15.4,13,5
R100450,2026-06-05 07:25:00,2026-06-05 07:43:00,Piedmont Park,Georgia State University,casual,18.0,7,4
R102207,2026-06-22 10:45:00,2026-06-22 10:46:15,Ponce City Market,Atlantic Station,member,1.25,10,0
R104970,2026-07-20 01:34:00,2026-07-20 01:45:41,Midtown MARTA,Piedmont Park,member,11.683333333333334,1,0
R103861,2026-07-09 14:25:00,2026-07-09 14:37:13,Piedmont Park,Grant Park,member,12.216666666666667,14,3
R101783,2026-06-18 13:38:00,2026-06-18 13:52:00,Georgia State University,Atlantic Station,member,14.0,13,3
R100010,2026-06-01 09:47:00,2026-06-01 10:03:48,Ponce City Market,Centennial Olympic Park,member,16.8,9,0
R103759,2026-07-08 17:40:00,2026-07-08 17:47:22,Piedmont Park,Ponce City Market,member,7.366666666666666,17,2
R102954,2026-06-30 18:59:00,2026-06-30 19:03:00,Midtown MARTA,Georgia State University,member,4.0,18,1
R104225,2026-07-13 17:21:00,2026-07-13 17:31:00,Atlantic Station,Ponce City Market,member,10.0,17,0
R103952,2026-07-10 17:47:00,2026-07-10 18:01:52,Little Five Points,Midtown MARTA,member,14.866666666666667,17,4
R100374,2026-06-04 01:19:00,2026-06-04 01:31:33,Ponce City Market,Centennial Olympic Park,member,12.55,1,3
R105424,2026-07-25 07:23:00,2026-07-25 07:46:19,Krog Street Market,Ponce City Market,casual,23.316666666666666,7,5
R105521,2026-07-26 17:03:00,2026-07-26 17:34:00,Ponce City Market,Krog Street Market,casual,31.0,17,6
R105865,2026-07-29 21:00:00,2026-07-29 21:37:36,Grant Park,Georgia State University,casual,37.6,21,2
R101660,2026-06-17 10:39:00,2026-06-17 10:51:00,Little Five Points,Grant Park,member,12.0,10,2
R102208,2026-06-22 12:51:00,2026-06-22 13:00:00,Little Five Points,Georgia State University,member,9.0,12,0
R102643,2026-06-26 18:03:00,2026-06-26 18:12:48,Krog Street Market,Centennial Olympic Park,member,9.8,18,4
R104915,2026-07-19 22:08:00,2026-07-19 22:21:00,Centennial Olympic Park,Midtown MARTA,member,13.0,22,6
R104529,2026-07-16 06:00:00,2026-07-16 06:10:00,Georgia State University,West End,member,10.0,6,3
R100156,2026-06-02 11:52:00,2026-06-02 12:03:00,Midtown MARTA,Centennial Olympic Park,member,11.0,11,1
R105945,2026-07-30 08:32:00,2026-07-30 08:44:54,Centennial Olympic Park,Midtown MARTA,member,12.9,8,3
R105325,2026-07-24 07:51:00,2026-07-24 08:11:17,Centennial Olympic Park,Ponce City Market,casual,20.283333333333335,7,4
R104497,2026-07-16 17:48:00,2026-07-16 17:57:17,Centennial Olympic Park,Piedmont Park,member,9.283333333333333,17,3
R101363,2026-06-14 08:41:00,2026-06-14 09:08:31,Ponce City Market,Krog Street Market,casual,27.516666666666666,8,6
R104220,2026-07-13 17:04:00,2026-07-13 17:15:44,Ponce City Market,Midtown MARTA,member,11.733333333333333,17,0
R105187,2026-07-22 12:59:00,2026-07-22 13:09:55,Little Five Points,Midtown MARTA,member,10.916666666666666,12,2
R103804,2026-07-09 15:56:00,2026-07-09 16:10:08,Georgia State University,Ponce City Market,member,14.133333333333333,15,3
R100044,2026-06-01 11:52:00,2026-06-01 12:11:58,Georgia State University,Midtown MARTA,member,19.966666666666665,11,0
R100653,2026-06-07 06:34:00,2026-06-07 06:41:00,Ponce City Market,Atlantic Station,member,7.0,6,6
R101169,2026-06-12 12:22:00,2026-06-12 12:29:25,Little Five Points,Georgia State University,member,7.416666666666667,12,4
R100267,2026-06-03 15:58:00,2026-06-03 16:04:00,Midtown MARTA,Ponce City Market,member,6.0,15,2
R102089,2026-06-21 11:38:00,2026-06-21 11:52:00,Piedmont Park,Ponce City Market,casual,14.0,11,6
R100782,2026-06-08 22:16:00,2026-06-08 22:46:14,Midtown MARTA,Ponce City Market,casual,30.233333333333334,22,0
R101507,2026-06-15 16:46:00,2026-06-15 16:52:00,Midtown MARTA,Ponce City Market,member,6.0,16,0
R104553,2026-07-16 19:06:00,2026-07-16 19:19:55,Midtown MARTA,Centennial Olympic Park,member,13.916666666666666,19,3
R105767,2026-07-28 16:52:00,2026-07-28 17:19:59,Georgia State University,Ponce City Market,casual,27.983333333333334,16,1
R102455,2026-06-25 19:41:00,2026-06-25 20:12:23,Ponce City Market,Midtown MARTA,casual,31.383333333333333,19,3
R104291,2026-07-14 06:15:00,2026-07-14 06:24:08,Midtown MARTA,Ponce City Market,member,9.133333333333333,6,1
R101046,2026-06-11 21:49:00,2026-06-11 21:58:06,Georgia State University,Atlantic Station,member,9.1,21,3
R101385,2026-06-14 11:59:00,2026-06-14 12:13:19,Ponce City Market,Midtown MARTA,member,14.316666666666666,11,6
R104744,2026-07-18 14:58:00,2026-07-18 15:05:28,Ponce City Market,Atlantic Station,member,7.466666666666667,14,5
R104413,2026-07-15 02:23:00,2026-07-15 02:27:16,Ponce City Market,Georgia State University,member,4.266666666666667,2,2
R100908,2026-06-10 18:04:00,2026-06-10 18:08:34,Atlantic Station,Ponce City Market,casual,4.566666666666666,18,2
R101427,2026-06-15 04:45:00,2026-06-15 04:57:15,Centennial Olympic Park,West End,unknown,12.25,4,0
R105154,2026-07-22 22:53:00,2026-07-22 23:00:12,Midtown MARTA,Ponce City Market,member,7.2,22,2
R101991,2026-06-20 16:15:00,2026-06-20 16:27:00,Centennial Olympic Park,Ponce City Market,casual,12.0,16,5
R102927,2026-06-29 08:20:00,2026-06-29 08:35:50,Midtown MARTA,Ponce City Market,member,15.833333333333334,8,0
R102153,2026-06-22 08:54:00,2026-06-22 09:08:03,Georgia State University,Ponce City Market,member,14.05,8,0
R101181,2026-06-12 11:38:00,2026-06-12 12:07:15,Ponce City Market,Midtown MARTA,casual,29.25,11,4
R102522,2026-06-25 07:57:00,2026-06-25 08:10:34,Ponce City Market,Little Five Points,member,13.566666666666666,7,3
R103077,2026-07-01 12:42:00,2026-07-01 12:55:39,Ponce City Market,Georgia State University,member,13.65,12,2
R101905,2026-06-19 09:30:00,2026-06-19 09:39:20,Georgia State University,West End,member,9.333333333333334,9,4
R102250,2026-06-23 13:30:00,2026-06-23 13:43:00,Little Five Points,Georgia State University,casual,13.0,13,1
R101111,2026-06-11 08:01:00,2026-06-11 08:13:19,Midtown MARTA,Unknown,member,12.316666666666666,8,3
R105413,2026-07-25 07:10:00,2026-07-25 07:21:00,Grant Park,Centennial Olympic Park,member,11.0,7,5
R104839,2026-07-19 13:06:00,2026-07-19 13:27:00,Little Five Points,Krog Street Market,casual,21.0,13,6
R101435,2026-06-15 05:16:00,2026-06-15 05:29:06,Midtown MARTA,Centennial Olympic Park,member,13.1,5,0
R103802,2026-07-09 16:35:00,2026-07-09 16:43:00,Georgia State University,Ponce City Market,member,8.0,16,3
R102180,2026-06-22 08:33:00,2026-06-22 08:44:00,Ponce City Market,Midtown MARTA,member,11.0,8,0
R105788,2026-07-28 07:14:00,2026-07-28 07:30:00,Ponce City Market,Piedmont Park,member,16.0,7,1
R102392,2026-06-24 07:45:00,2026-06-24 07:46:27,Midtown MARTA,Ponce City Market,member,1.45,7,2
R102785,2026-06-28 15:04:00,2026-06-28 15:12:01,Ponce City Market,Centennial Olympic Park,casual,8.016666666666667,15,6
R100791,2026-06-08 20:39:00,2026-06-08 20:58:32,Atlantic Station,Ponce City Market,member,19.533333333333335,20,0
R104047,2026-07-11 07:02:00,2026-07-11 07:29:34,Midtown MARTA,Centennial Olympic Park,casual,27.566666666666666,7,5
R100516,2026-06-05 08:22:00,2026-06-05 08:28:05,Midtown MARTA,Ponce City Market,member,6.083333333333333,8,4
R100656,2026-06-07 02:48:00,2026-06-07 03:20:00,Midtown MARTA,Georgia State University,casual,32.0,2,6
R105196,2026-07-22 06:24:00,2026-07-22 06:41:05,Midtown MARTA,Little Five Points,member,17.083333333333332,6,2
R104321,2026-07-14 08:44:00,2026-07-14 08:54:00,Ponce City Market,Midtown MARTA,member,10.0,8,1
R102731,2026-06-27 14:26:00,2026-06-27 14:35:00,Midtown MARTA,Atlantic Station,member,9.0,14,5
R103507,2026-07-06 12:02:00,2026-07-06 12:15:00,Centennial Olympic Park,Ponce City Market,member,13.0,12,0
R103784,2026-07-09 19:33:00,2026-07-09 19:45:00,Atlantic Station,Midtown MARTA,member,12.0,19,3
R103048,2026-07-01 19:31:00,2026-07-01 19:42:18,Centennial Olympic Park,Little Five Points,member,11.3,19,2
R104269,2026-07-14 22:22:00,2026-07-14 22:37:00,Ponce City Market,Georgia State University,member,15.0,22,1
R103072,2026-07-01 06:58:00,2026-07-01 07:05:23,Georgia State University,Ponce City Market,member,7.383333333333334,6,2
R105102,2026-07-21 19:00:00,2026-07-21 19:14:49,Midtown MARTA,Piedmont Park,member,14.816666666666666,19,1
R100752,2026-06-08 21:15:00,2026-06-08 21:25:48,Midtown MARTA,Georgia State University,member,10.8,21,0
R100445,2026-06-05 15:37:00,2026-06-05 16:04:07,Piedmont Park,Little Five Points,casual,27.116666666666667,15,4
R101094,2026-06-11 08:09:00,2026-06-11 08:18:00,Grant Park,Midtown MARTA,member,9.0,8,3
R105658,2026-07-27 06:55:00,2026-07-27 07:12:00,Midtown MARTA,Georgia State University,casual,17.0,6,0
R103975,2026-07-10 20:38:00,2026-07-10 20:46:00,Midtown MARTA,Georgia State University,member,8.0,20,4
R100106,2026-06-01 11:21:00,2026-06-01 11:34:03,Ponce City Market,Midtown MARTA,member,13.05,11,0
R101185,2026-06-12 21:24:00,2026-06-12 21:44:33,Midtown MARTA,Ponce City Market,casual,20.55,21,4
R102449,2026-06-24 21:19:00,2026-06-24 21:27:00,Georgia State University,Centennial Olympic Park,member,8.0,21,2
R105279,2026-07-23 11:11:00,2026-07-23 11:17:30,Ponce City Market,Georgia State University,member,6.5,11,3
R103768,2026-07-08 17:30:00,2026-07-08 17:46:00,Midtown MARTA,Little Five Points,member,16.0,17,2
R102426,2026-06-24 06:36:00,2026-06-24 06:49:00,Midtown MARTA,Georgia State University,casual,13.0,6,2
R104653,2026-07-17 15:06:00,2026-07-17 15:20:21,Ponce City Market,Midtown MARTA,member,14.35,15,4
R105708,2026-07-27 16:21:00,2026-07-27 16:32:28,Midtown MARTA,Georgia State University,member,11.466666666666667,16,0
R105152,2026-07-22 07:43:00,2026-07-22 07:57:00,Georgia State University,Centennial Olympic Park,member,14.0,7,2
R101186,2026-06-12 05:39:00,2026-06-12 05:43:39,Atlantic Station,Midtown MARTA,member,4.65,5,4
R105267,2026-07-23 10:52:00,2026-07-23 11:00:17,Georgia State University,Atlantic Station,member,8.283333333333333,10,3
R103631,2026-07-07 09:21:00,2026-07-07 09:27:16,Midtown MARTA,Piedmont Park,casual,6.266666666666667,9,1
R104581,2026-07-17 06:03:00,2026-07-17 06:21:12,Piedmont Park,Krog Street Market,casual,18.2,6,4
R103124,2026-07-02 19:34:00,2026-07-02 19:51:44,Midtown MARTA,Centennial Olympic Park,member,17.733333333333334,19,3
R103259,2026-07-03 07:20:00,2026-07-03 07:51:40,Little Five Points,Centennial Olympic Park,casual,31.666666666666668,7,4
R105050,2026-07-21 14:37:00,2026-07-21 14:51:00,Ponce City Market,Atlantic Station,member,14.0,14,1
R102162,2026-06-22 08:13:00,2026-06-22 08:22:56,Little Five Points,West End,member,9.933333333333334,8,0
R100149,2026-06-02 03:10:00,2026-06-02 03:20:20,Grant Park,Piedmont Park,member,10.333333333333334,3,1
R105113,2026-07-21 18:36:00,2026-07-21 18:55:35,Georgia State University,Ponce City Market,member,19.583333333333332,18,1
R101342,2026-06-14 09:20:00,2026-06-14 09:56:00,Georgia State University,Midtown MARTA,casual,36.0,9,6
R104325,2026-07-14 09:04:00,2026-07-14 09:11:48,Centennial Olympic Park,Little Five Points,casual,7.8,9,1
R102741,2026-06-28 14:16:00,2026-06-28 14:28:45,Midtown MARTA,Centennial Olympic Park,member,12.75,14,6
R103424,2026-07-05 12:41:00,2026-07-05 13:00:21,Ponce City Market,Krog Street Market,casual,19.35,12,6
R102026,2026-06-21 09:39:00,2026-06-21 09:45:11,Ponce City Market,Midtown MARTA,member,6.183333333333334,9,6
R103906,2026-07-10 17:49:00,2026-07-10 17:52:11,Ponce City Market,Midtown MARTA,member,3.183333333333333,17,4
R105252,2026-07-23 18:03:00,2026-07-23 18:12:57,Midtown MARTA,Ponce City Market,member,9.95,18,3
R105965,2026-07-30 18:58:00,2026-07-30 19:09:20,Georgia State University,Midtown MARTA,member,11.333333333333334,18,3
R101423,2026-06-15 13:41:00,2026-06-15 14:12:00,Centennial Olympic Park,Midtown MARTA,casual,31.0,13,0
R104427,2026-07-15 11:00:00,2026-07-15 11:16:40,Centennial Olympic Park,Atlantic Station,member,16.666666666666668,11,2
R103477,2026-07-06 06:44:00,2026-07-06 06:58:13,Grant Park,West End,member,14.216666666666667,6,0
R102710,2026-06-27 10:35:00,2026-06-27 10:41:16,Centennial Olympic Park,Ponce City Market,member,6.266666666666667,10,5
R102321,2026-06-23 07:58:00,2026-06-23 08:08:00,Ponce City Market,Georgia State University,member,10.0,7,1
R102072,2026-06-21 09:43:00,2026-06-21 10:05:00,Atlantic Station,Georgia State University,casual,22.0,9,6
R102292,2026-06-23 01:02:00,2026-06-23 01:12:52,Piedmont Park,Ponce City Market,member,10.866666666666667,1,1
R104696,2026-07-18 13:10:00,2026-07-18 13:39:00,Ponce City Market,Centennial Olympic Park,casual,29.0,13,5
R104671,2026-07-17 07:40:00,2026-07-17 07:50:48,Krog Street Market,Midtown MARTA,member,10.8,7,4
R100056,2026-06-01 04:21:00,2026-06-01 04:25:00,Centennial Olympic Park,Georgia State University,member,4.0,4,0
R105292,2026-07-23 17:32:00,2026-07-23 17:48:10,Centennial Olympic Park,Piedmont Park,member,16.166666666666668,17,3
R101296,2026-06-13 19:21:00,2026-06-13 20:09:00,Atlantic Station,Centennial Olympic Park,casual,48.0,19,5
R101529,2026-06-16 15:27:00,2026-06-16 15:44:00,Ponce City Market,Midtown MARTA,casual,17.0,15,1
R104158,2026-07-12 14:13:00,2026-07-12 14:29:00,Ponce City Market,Centennial Olympic Park,member,16.0,14,6
R102931,2026-06-29 08:13:00,2026-06-29 08:24:00,Midtown MARTA,Piedmont Park,member,11.0,8,0
R100082,2026-06-01 09:38:00,2026-06-01 09:49:14,Little Five Points,Georgia State University,member,11.233333333333333,9,0
R101092,2026-06-11 15:24:00,2026-06-11 15:34:00,Atlantic Station,Georgia State University,member,10.0,15,3
R102491,2026-06-25 14:55:00,2026-06-25 15:04:00,Georgia State University,Ponce City Market,casual,9.0,14,3
R102133,2026-06-22 20:14:00,2026-06-22 20:27:00,Piedmont Park,Ponce City Market,member,13.0,20,0
R102436,2026-06-24 07:08:00,2026-06-24 07:21:48,Georgia State University,Midtown MARTA,member,13.8,7,2
R100577,2026-06-06 16:02:00,2026-06-06 16:17:34,Centennial Olympic Park,Georgia State University,member,15.566666666666666,16,5
R100921,2026-06-10 20:14:00,2026-06-10 20:24:25,Midtown MARTA,Piedmont Park,casual,10.416666666666666,20,2
R100107,2026-06-01 19:44:00,2026-06-01 19:59:10,Midtown MARTA,Ponce City Market,member,15.166666666666666,19,0
R104293,2026-07-14 19:23:00,2026-07-14 19:32:19,Centennial Olympic Park,Grant Park,member,9.316666666666666,19,1
R102461,2026-06-25 07:01:00,2026-06-25 07:20:02,Little Five Points,Ponce City Market,casual,19.033333333333335,7,3
R104963,2026-07-20 08:50:00,2026-07-20 09:08:01,Georgia State University,Midtown MARTA,casual,18.016666666666666,8,0
R101836,2026-06-19 14:09:00,2026-06-19 14:23:22,Midtown MARTA,Piedmont Park,member,14.366666666666667,14,4
R104063,2026-07-11 14:47:00,2026-07-11 15:18:27,Midtown MARTA,West End,casual,31.45,14,5
R101922,2026-06-19 10:12:00,2026-06-19 10:31:00,Centennial Olympic Park,Ponce City Market,member,19.0,10,4
R103239,2026-07-03 19:04:00,2026-07-03 19:16:48,Midtown MARTA,Ponce City Market,member,12.8,19,4
R102356,2026-06-24 18:59:00,2026-06-24 19:10:15,Midtown MARTA,Ponce City Market,member,11.25,18,2
R102573,2026-06-25 05:33:00,2026-06-25 05:41:47,Ponce City Market,Midtown MARTA,member,8.783333333333333,5,3
R103021,2026-07-01 16:41:00,2026-07-01 16:51:19,Midtown MARTA,Piedmont Park,member,10.316666666666666,16,2
R105195,2026-07-22 15:32:00,2026-07-22 15:39:28,Midtown MARTA,West End,member,7.466666666666667,15,2
R105485,2026-07-26 05:50:00,2026-07-26 06:03:01,Ponce City Market,Little Five Points,member,13.016666666666667,5,6
R100345,2026-06-04 08:25:00,2026-06-04 08:31:04,Atlantic Station,Unknown,member,6.066666666666666,8,3
R101803,2026-06-18 11:53:00,2026-06-18 12:25:45,Ponce City Market,Midtown MARTA,casual,32.75,11,3
R105276,2026-07-23 05:00:00,2026-07-23 05:11:14,Atlantic Station,Ponce City Market,member,11.233333333333333,5,3
R102131,2026-06-22 15:26:00,2026-06-22 15:36:44,Georgia State University,Centennial Olympic Park,member,10.733333333333333,15,0
R102034,2026-06-21 13:21:00,2026-06-21 13:28:00,Midtown MARTA,West End,member,7.0,13,6
R104989,2026-07-20 17:16:00,2026-07-20 17:27:26,Atlantic Station,Krog Street Market,member,11.433333333333334,17,0
R104964,2026-07-20 12:58:00,2026-07-20 13:10:00,Georgia State University,Midtown MARTA,member,12.0,12,0
R100941,2026-06-10 07:58:00,2026-06-10 08:12:26,Piedmont Park,Ponce City Market,casual,14.433333333333334,7,2
R100465,2026-06-05 14:12:00,2026-06-05 14:22:00,Ponce City Market,Piedmont Park,member,10.0,14,4
R101384,2026-06-14 07:45:00,2026-06-14 07:50:00,Midtown MARTA,Centennial Olympic Park,casual,5.0,7,6
R104545,2026-07-16 03:04:00,2026-07-16 03:24:00,Centennial Olympic Park,Ponce City Market,member,20.0,3,3
R102337,2026-06-24 23:29:00,2026-06-24 23:39:06,Midtown MARTA,Ponce City Market,member,10.1,23,2
R101206,2026-06-12 17:33:00,2026-06-12 17:43:26,Atlantic Station,Centennial Olympic Park,unknown,10.433333333333334,17,4
R101622,2026-06-17 01:19:00,2026-06-17 01:28:00,Georgia State University,Atlantic Station,member,9.0,1,2
R102052,2026-06-21 08:08:00,2026-06-21 08:22:34,Centennial Olympic Park,Midtown MARTA,member,14.566666666666666,8,6
R104279,2026-07-14 15:10:00,2026-07-14 15:18:57,Piedmont Park,Krog Street Market,member,8.95,15,1
R101710,2026-06-17 20:04:00,2026-06-17 20:08:00,Georgia State University,Ponce City Market,member,4.0,20,2
R101027,2026-06-11 19:14:00,2026-06-11 19:27:01,Georgia State University,Midtown MARTA,member,13.016666666666667,19,3
R100635,2026-06-07 02:51:00,2026-06-07 03:04:00,Ponce City Market,Midtown MARTA,member,13.0,2,6
R103415,2026-07-05 16:43:00,2026-07-05 16:57:00,Grant Park,Ponce City Market,member,14.0,16,6
R102863,2026-06-29 17:07:00,2026-06-29 17:23:36,Ponce City Market,Midtown MARTA,member,16.6,17,0
R100844,2026-06-09 11:33:00,2026-06-09 11:44:38,Krog Street Market,Ponce City Market,casual,11.633333333333333,11,1
R105089,2026-07-21 08:24:00,2026-07-21 08:35:27,Georgia State University,Krog Street Market,member,11.45,8,1
R101826,2026-06-19 11:35:00,2026-06-19 11:48:52,Ponce City Market,Georgia State University,member,13.866666666666667,11,4
R103166,2026-07-02 17:59:00,2026-07-02 18:07:00,Krog Street Market,Georgia State University,member,8.0,17,3
R101074,2026-06-11 08:27:00,2026-06-11 08:50:42,Midtown MARTA,Ponce City Market,casual,23.7,8,3
R104125,2026-07-12 09:39:00,2026-07-12 10:06:00,Georgia State University,Midtown MARTA,casual,27.0,9,6
R103100,2026-07-02 08:31:00,2026-07-02 08:36:40,Ponce City Market,Midtown MARTA,unknown,5.666666666666667,8,3
R103838,2026-07-09 06:13:00,2026-07-09 06:39:19,Midtown MARTA,Ponce City Market,casual,26.316666666666666,6,3
R104142,2026-07-12 12:04:00,2026-07-12 12:17:52,Little Five Points,Piedmont Park,member,13.866666666666667,12,6
R105120,2026-07-21 18:11:00,2026-07-21 18:20:56,Centennial Olympic Park,Piedmont Park,member,9.933333333333334,18,1
R105926,2026-07-30 00:07:00,2026-07-30 00:18:34,Midtown MARTA,Grant Park,member,11.566666666666666,0,3
R100353,2026-06-04 08:12:00,2026-06-04 08:16:45,Ponce City Market,Midtown MARTA,casual,4.75,8,3
R105739,2026-07-28 18:01:00,2026-07-28 18:13:10,Midtown MARTA,Piedmont Park,member,12.166666666666666,18,1
R103289,2026-07-04 14:46:00,2026-07-04 15:18:48,Georgia State University,Ponce City Market,casual,32.8,14,5
R105030,2026-07-20 21:45:00,2026-07-20 21:46:45,Ponce City Market,Piedmont Park,member,1.75,21,0
R103262,2026-07-03 21:29:00,2026-07-03 21:35:22,Ponce City Market,Georgia State University,member,6.366666666666666,21,4
R105753,2026-07-28 00:36:00,2026-07-28 00:55:11,Centennial Olympic Park,Midtown MARTA,casual,19.183333333333334,0,1
R103756,2026-07-08 09:44:00,2026-07-08 10:04:40,Midtown MARTA,Atlantic Station,casual,20.666666666666668,9,2
R102467,2026-06-25 11:15:00,2026-06-25 11:27:02,Midtown MARTA,Centennial Olympic Park,casual,12.033333333333333,11,3
R100605,2026-06-07 10:18:00,2026-06-07 10:37:00,Midtown MARTA,Centennial Olympic Park,casual,19.0,10,6
R103125,2026-07-02 07:54:00,2026-07-02 08:08:09,Centennial Olympic Park,Midtown MARTA,member,14.15,7,3
R102903,2026-06-29 17:36:00,2026-06-29 17:49:12,Georgia State University,Midtown MARTA,casual,13.2,17,0
R102441,2026-06-24 12:42:00,2026-06-24 12:56:49,Piedmont Park,Midtown MARTA,member,14.816666666666666,12,2
R101759,2026-06-18 06:42:00,2026-06-18 06:51:06,Georgia State University,Ponce City Market,member,9.1,6,3
R102529,2026-06-25 13:46:00,2026-06-25 13:48:24,Georgia State University,Ponce City Market,member,2.4,13,3
R105318,2026-07-24 09:25:00,2026-07-24 09:36:22,Midtown MARTA,Centennial Olympic Park,member,11.366666666666667,9,4
R102353,2026-06-24 00:38:00,2026-06-24 01:11:40,Ponce City Market,Krog Street Market,casual,33.666666666666664,0,2
R104992,2026-07-20 17:11:00,2026-07-20 17:28:55,Ponce City Market,Georgia State University,casual,17.916666666666668,17,0
R101696,2026-06-17 04:30:00,2026-06-17 04:41:12,West End,Midtown MARTA,member,11.2,4,2
R104055,2026-07-11 11:49:00,2026-07-11 12:04:19,Grant Park,Georgia State University,member,15.316666666666666,11,5
R105631,2026-07-27 09:47:00,2026-07-27 09:53:11,Midtown MARTA,Georgia State University,member,6.183333333333334,9,0
R101119,2026-06-11 16:09:00,2026-06-11 16:20:11,Midtown MARTA,Georgia State University,member,11.183333333333334,16,3
R104164,2026-07-12 10:01:00,2026-07-12 10:23:35,Grant Park,Georgia State University,casual,22.583333333333332,10,6
R102325,2026-06-24 06:46:00,2026-06-24 06:55:33,Piedmont Park,Midtown MARTA,member,9.55,6,2
R104879,2026-07-19 12:36:00,2026-07-19 12:49:43,Midtown MARTA,Georgia State University,member,13.716666666666667,12,6
R101846,2026-06-19 11:19:00,2026-06-19 11:39:35,Midtown MARTA,Centennial Olympic Park,casual,20.583333333333332,11,4
R102396,2026-06-24 04:48:00,2026-06-24 04:53:00,Atlantic Station,Ponce City Market,member,5.0,4,2
R102303,2026-06-23 11:03:00,2026-06-23 11:28:00,Piedmont Park,Midtown MARTA,casual,25.0,11,1
R105348,2026-07-24 09:35:00,2026-07-24 09:42:00,Midtown MARTA,Krog Street Market,member,7.0,9,4
R102060,2026-06-21 09:40:00,2026-06-21 10:03:05,Georgia State University,Ponce City Market,casual,23.083333333333332,9,6
R101079,2026-06-11 16:50:00,2026-06-11 16:56:20,Midtown MARTA,Centennial Olympic Park,member,6.333333333333333,16,3
R100022,2026-06-01 13:19:00,2026-06-01 13:27:30,Atlantic Station,Centennial Olympic Park,member,8.5,13,0
R101473,2026-06-15 08:50:00,2026-06-15 08:59:18,Atlantic Station,Georgia State University,member,9.3,8,0
R103324,2026-07-04 18:55:00,2026-07-04 19:23:00,Ponce City Market,Centennial Olympic Park,casual,28.0,18,5
R100096,2026-06-01 13:05:00,2026-06-01 13:09:00,Midtown MARTA,Georgia State University,member,4.0,13,0
R100181,2026-06-02 06:02:00,2026-06-02 06:14:26,Georgia State University,West End,member,12.433333333333334,6,1
R103619,2026-07-07 15:10:00,2026-07-07 15:21:24,Ponce City Market,Georgia State University,member,11.4,15,1
R105677,2026-07-27 07:28:00,2026-07-27 07:54:33,Ponce City Market,Piedmont Park,casual,26.55,7,0
R104311,2026-07-14 14:29:00,2026-07-14 14:40:17,Little Five Points,Midtown MARTA,member,11.283333333333333,14,1
R102139,2026-06-22 17:41:00,2026-06-22 17:55:00,Georgia State University,Midtown MARTA,member,14.0,17,0
R100781,2026-06-08 18:51:00,2026-06-08 19:03:00,Georgia State University,Atlantic Station,member,12.0,18,0
R100246,2026-06-03 12:34:00,2026-06-03 12:39:16,Midtown MARTA,Ponce City Market,member,5.266666666666667,12,2
R101410,2026-06-14 17:38:00,2026-06-14 17:42:05,Georgia State University,Little Five Points,member,4.083333333333333,17,6
R101177,2026-06-12 19:16:00,2026-06-12 19:32:00,Ponce City Market,Midtown MARTA,member,16.0,19,4
R105515,2026-07-26 15:44:00,2026-07-26 16:02:01,Atlantic Station,Midtown MARTA,member,18.016666666666666,15,6
R100751,2026-06-08 16:41:00,2026-06-08 17:21:19,Ponce City Market,Piedmont Park,casual,40.31666666666667,16,0
R104476,2026-07-16 21:52:00,2026-07-16 22:00:41,Piedmont Park,Unknown,member,8.683333333333334,21,3
R105859,2026-07-29 18:21:00,2026-07-29 18:33:27,Ponce City Market,Grant Park,member,12.45,18,2
R100059,2026-06-01 09:04:00,2026-06-01 09:16:00,Ponce City Market,Midtown MARTA,member,12.0,9,0
R102218,2026-06-22 19:22:00,2026-06-22 19:29:00,Midtown MARTA,Centennial Olympic Park,member,7.0,19,0
R104389,2026-07-15 21:26:00,2026-07-15 21:40:00,Piedmont Park,Midtown MARTA,casual,14.0,21,2
R104714,2026-07-18 11:08:00,2026-07-18 11:30:11,Midtown MARTA,Georgia State University,casual,22.183333333333334,11,5
R102953,2026-06-30 18:35:00,2026-06-30 18:51:00,Little Five Points,Piedmont Park,member,16.0,18,1
R101219,2026-06-12 18:10:00,2026-06-12 18:23:27,Ponce City Market,Georgia State University,member,13.45,18,4
R105261,2026-07-23 06:38:00,2026-07-23 06:54:26,Ponce City Market,Midtown MARTA,member,16.433333333333334,6,3
R100379,2026-06-04 17:39:00,2026-06-04 17:53:42,Atlantic Station,Ponce City Market,casual,14.7,17,3
R103192,2026-07-02 08:26:00,2026-07-02 08:33:17,Ponce City Market,Atlantic Station,member,7.283333333333333,8,3
R100447,2026-06-05 08:11:00,2026-06-05 08:15:00,Piedmont Park,Centennial Olympic Park,member,4.0,8,4
R103105,2026-07-02 16:39:00,2026-07-02 16:50:09,Atlantic Station,Krog Street Market,member,11.15,16,3
R104737,2026-07-18 17:46:00,2026-07-18 17:55:32,Midtown MARTA,Centennial Olympic Park,member,9.533333333333333,17,5
R102728,2026-06-27 15:25:00,2026-06-27 15:30:52,Little Five Points,Krog Street Market,casual,5.866666666666666,15,5
R101465,2026-06-15 09:18:00,2026-06-15 09:28:55,Centennial Olympic Park,Midtown MARTA,member,10.916666666666666,9,0
R100701,2026-06-07 08:45:00,2026-06-07 08:56:00,Ponce City Market,Grant Park,member,11.0,8,6
R104947,2026-07-20 02:13:00,2026-07-20 02:27:00,Ponce City Market,Krog Street Market,member,14.0,2,0
R105621,2026-07-27 07:03:00,2026-07-27 07:14:30,Ponce City Market,Midtown MARTA,member,11.5,7,0
R104490,2026-07-16 10:01:00,2026-07-16 10:10:00,Midtown MARTA,Little Five Points,member,9.0,10,3
R101486,2026-06-15 13:49:00,2026-06-15 13:57:56,Ponce City Market,Midtown MARTA,member,8.933333333333334,13,0
R103206,2026-07-02 09:51:00,2026-07-02 09:56:57,Centennial Olympic Park,Midtown MARTA,member,5.95,9,3
R100475,2026-06-05 14:29:00,2026-06-05 14:44:00,Centennial Olympic Park,Krog Street Market,member,15.0,14,4
R104504,2026-07-16 09:51:00,2026-07-16 10:09:00,Ponce City Market,Midtown MARTA,member,18.0,9,3
R104904,2026-07-19 04:04:00,2026-07-19 04:22:12,Ponce City Market,Centennial Olympic Park,member,18.2,4,6
R105171,2026-07-22 07:34:00,2026-07-22 07:46:00,Krog Street Market,Ponce City Market,member,12.0,7,2
R101580,2026-06-16 18:58:00,2026-06-16 19:30:00,Georgia State University,Ponce City Market,casual,32.0,18,1
R101505,2026-06-15 02:21:00,2026-06-15 02:30:23,Georgia State University,Midtown MARTA,member,9.383333333333333,2,0
R101718,2026-06-17 15:16:00,2026-06-17 15:30:45,Midtown MARTA,Atlantic Station,member,14.75,15,2
R104950,2026-07-20 11:59:00,2026-07-20 12:11:14,Midtown MARTA,Ponce City Market,member,12.233333333333333,11,0
R104370,2026-07-15 20:41:00,2026-07-15 20:47:13,Ponce City Market,Midtown MARTA,member,6.216666666666667,20,2
R102220,2026-06-22 12:38:00,2026-06-22 12:50:56,Georgia State University,Midtown MARTA,casual,12.933333333333334,12,0
R105976,2026-07-30 14:06:00,2026-07-30 14:42:58,Ponce City Market,Midtown MARTA,casual,36.96666666666667,14,3
R102079,2026-06-21 11:08:00,2026-06-21 11:15:58,Midtown MARTA,Atlantic Station,member,7.966666666666667,11,6
R101156,2026-06-12 08:37:00,2026-06-12 08:50:12,Grant Park,Ponce City Market,casual,13.2,8,4
R104487,2026-07-16 17:22:00,2026-07-16 17:41:02,Ponce City Market,Midtown MARTA,member,19.033333333333335,17,3
R102672,2026-06-27 16:28:00,2026-06-27 16:40:00,Georgia State University,Midtown MARTA,member,12.0,16,5
R100167,2026-06-02 10:55:00,2026-06-02 11:08:11,West End,Ponce City Market,member,13.183333333333334,10,1
R102510,2026-06-25 06:50:00,2026-06-25 07:06:02,Piedmont Park,Midtown MARTA,member,16.033333333333335,6,3
R102746,2026-06-28 13:30:00,2026-06-28 14:03:25,Georgia State University,Ponce City Market,casual,33.416666666666664,13,6
R105862,2026-07-29 07:36:00,2026-07-29 07:42:00,Georgia State University,Ponce City Market,member,6.0,7,2
R102506,2026-06-25 16:22:00,2026-06-25 16:38:02,Midtown MARTA,Georgia State University,member,16.033333333333335,16,3
R103604,2026-07-07 11:21:00,2026-07-07 11:32:02,Ponce City Market,Krog Street Market,member,11.033333333333333,11,1
R105766,2026-07-28 20:25:00,2026-07-28 20:58:00,Georgia State University,Midtown MARTA,casual,33.0,20,1
R104046,2026-07-11 14:36:00,2026-07-11 15:00:07,Georgia State University,Ponce City Market,casual,24.116666666666667,14,5
R104074,2026-07-11 20:04:00,2026-07-11 20:11:02,Ponce City Market,Atlantic Station,member,7.033333333333333,20,5
R100586,2026-06-06 11:11:00,2026-06-06 11:56:54,Ponce City Market,Georgia State University,casual,45.9,11,5
R104935,2026-07-20 12:02:00,2026-07-20 12:18:00,Midtown MARTA,Little Five Points,member,16.0,12,0
R101463,2026-06-15 06:49:00,2026-06-15 07:01:00,Midtown MARTA,Ponce City Market,casual,12.0,6,0
R105775,2026-07-28 18:10:00,2026-07-28 18:22:23,Midtown MARTA,West End,member,12.383333333333333,18,1
R102993,2026-06-30 19:37:00,2026-06-30 19:51:48,Krog Street Market,Ponce City Market,member,14.8,19,1
R102332,2026-06-24 13:21:00,2026-06-24 13:38:25,Georgia State University,Ponce City Market,member,17.416666666666668,13,2
R102597,2026-06-26 04:30:00,2026-06-26 04:38:00,Midtown MARTA,Ponce City Market,member,8.0,4,4
R100080,2026-06-01 09:38:00,2026-06-01 10:02:24,Georgia State University,Midtown MARTA,casual,24.4,9,0
R105497,2026-07-26 23:44:00,2026-07-27 00:12:54,Little Five Points,Georgia State University,casual,28.9,23,6
R105477,2026-07-25 13:47:00,2026-07-25 13:58:34,Midtown MARTA,Ponce City Market,member,11.566666666666666,13,5
R105329,2026-07-24 06:36:00,2026-07-24 06:40:59,Georgia State University,Midtown MARTA,member,4.983333333333333,6,4
R100955,2026-06-10 20:13:00,2026-06-10 20:19:33,Georgia State University,Centennial Olympic Park,member,6.55,20,2
R105948,2026-07-30 08:56:00,2026-07-30 09:07:00,Georgia State University,Piedmont Park,member,11.0,8,3
R102071,2026-06-21 15:29:00,2026-06-21 15:59:00,Atlantic Station,Midtown MARTA,casual,30.0,15,6
R105526,2026-07-26 08:26:00,2026-07-26 08:40:49,Piedmont Park,Ponce City Market,casual,14.816666666666666,8,6
R102564,2026-06-25 06:41:00,2026-06-25 07:07:50,Georgia State University,Piedmont Park,casual,26.833333333333332,6,3
R104659,2026-07-17 16:45:00,2026-07-17 17:01:04,Midtown MARTA,Ponce City Market,member,16.066666666666666,16,4
R104341,2026-07-14 07:47:00,2026-07-14 08:00:00,Atlantic Station,Georgia State University,member,13.0,7,1
R103999,2026-07-10 10:51:00,2026-07-10 10:59:23,Midtown MARTA,Unknown,member,8.383333333333333,10,4
R105626,2026-07-27 08:24:00,2026-07-27 08:33:00,Atlantic Station,Ponce City Market,member,9.0,8,0
R104441,2026-07-15 18:15:00,2026-07-15 18:28:00,Georgia State University,Midtown MARTA,member,13.0,18,2
R105535,2026-07-26 16:25:00,2026-07-26 16:42:53,Midtown MARTA,Ponce City Market,casual,17.883333333333333,16,6
R102394,2026-06-24 08:46:00,2026-06-24 08:56:37,Midtown MARTA,Ponce City Market,member,10.616666666666667,8,2
R105693,2026-07-27 09:31:00,2026-07-27 09:46:21,Krog Street Market,Georgia State University,member,15.35,9,0
R101852,2026-06-19 10:39:00,2026-06-19 10:54:51,Midtown MARTA,Centennial Olympic Park,member,15.85,10,4
R100864,2026-06-09 17:15:00,2026-06-09 17:24:18,Atlantic Station,Midtown MARTA,member,9.3,17,1
R105230,2026-07-22 09:40:00,2026-07-22 09:47:02,Ponce City Market,Centennial Olympic Park,member,7.033333333333333,9,2
R101929,2026-06-19 20:29:00,2026-06-19 20:35:48,Centennial Olympic Park,Georgia State University,member,6.8,20,4
R105116,2026-07-21 08:02:00,2026-07-21 08:16:00,Ponce City Market,Georgia State University,member,14.0,8,1
R103357,2026-07-04 13:12:00,2026-07-04 13:13:00,Midtown MARTA,Atlantic Station,casual,1.0,13,5
R101202,2026-06-12 08:53:00,2026-06-12 09:02:35,Centennial Olympic Park,Midtown MARTA,member,9.583333333333334,8,4
R105423,2026-07-25 12:13:00,2026-07-25 12:35:09,Georgia State University,Grant Park,casual,22.15,12,5
R103169,2026-07-02 18:39:00,2026-07-02 18:54:31,Georgia State University,Piedmont Park,casual,15.516666666666667,18,3
R102806,2026-06-28 20:47:00,2026-06-28 21:04:37,Ponce City Market,Midtown MARTA,member,17.616666666666667,20,6
R102606,2026-06-26 10:56:00,2026-06-26 11:21:00,Ponce City Market,Atlantic Station,casual,25.0,10,4
R104679,2026-07-17 05:54:00,2026-07-17 06:08:00,Centennial Olympic Park,Atlantic Station,member,14.0,5,4
R102370,2026-06-24 03:40:00,2026-06-24 03:48:56,Piedmont Park,Krog Street Market,member,8.933333333333334,3,2
R101016,2026-06-11 22:40:00,2026-06-11 22:51:00,Midtown MARTA,Ponce City Market,member,11.0,22,3
R105961,2026-07-30 19:40:00,2026-07-30 19:58:37,Little Five Points,Ponce City Market,member,18.616666666666667,19,3
R105600,2026-07-26 17:36:00,2026-07-26 17:54:37,Midtown MARTA,Ponce City Market,casual,18.616666666666667,17,6
R101215,2026-06-12 08:30:00,2026-06-12 08:37:42,Georgia State University,Piedmont Park,member,7.7,8,4
R104945,2026-07-20 16:18:00,2026-07-20 16:46:09,Centennial Olympic Park,Ponce City Market,casual,28.15,16,0
R101350,2026-06-14 15:42:00,2026-06-14 15:48:55,Ponce City Market,West End,member,6.916666666666667,15,6
R101285,2026-06-13 10:01:00,2026-06-13 10:18:00,Midtown MARTA,Atlantic Station,member,17.0,10,5
R103583,2026-07-07 17:11:00,2026-07-07 17:26:20,Centennial Olympic Park,Georgia State University,member,15.333333333333334,17,1
R101495,2026-06-15 22:08:00,2026-06-15 22:18:59,Georgia State University,Midtown MARTA,casual,10.983333333333333,22,0
R103896,2026-07-10 06:50:00,2026-07-10 06:57:00,Midtown MARTA,Centennial Olympic Park,member,7.0,6,4
R102865,2026-06-29 10:23:00,2026-06-29 10:36:00,Centennial Olympic Park,Midtown MARTA,casual,13.0,10,0
R105896,2026-07-29 21:04:00,2026-07-29 21:22:00,Centennial Olympic Park,Ponce City Market,member,18.0,21,2
R105702,2026-07-27 09:58:00,2026-07-27 10:07:33,Midtown MARTA,Little Five Points,casual,9.55,9,0
R102542,2026-06-25 19:25:00,2026-06-25 19:52:24,Ponce City Market,Centennial Olympic Park,casual,27.4,19,3
R100055,2026-06-01 13:56:00,2026-06-01 14:08:52,Centennial Olympic Park,Ponce City Market,member,12.866666666666667,13,0
R101136,2026-06-12 07:32:00,2026-06-12 07:45:50,Georgia State University,Little Five Points,member,13.833333333333334,7,4
R101441,2026-06-15 05:17:00,2026-06-15 05:31:46,Ponce City Market,West End,member,14.766666666666667,5,0
R104644,2026-07-17 16:00:00,2026-07-17 16:07:00,Midtown MARTA,Piedmont Park,member,7.0,16,4
R101523,2026-06-15 17:25:00,2026-06-15 17:38:31,Centennial Olympic Park,Atlantic Station,member,13.516666666666667,17,0
R102249,2026-06-23 07:07:00,2026-06-23 07:37:00,Midtown MARTA,Ponce City Market,casual,30.0,7,1
R102232,2026-06-22 21:04:00,2026-06-22 21:09:44,Centennial Olympic Park,Atlantic Station,member,5.733333333333333,21,0
R100505,2026-06-05 17:47:00,2026-06-05 17:57:41,West End,Georgia State University,member,10.683333333333334,17,4
R103154,2026-07-02 10:48:00,2026-07-02 11:02:15,Georgia State University,Ponce City Market,member,14.25,10,3
R101364,2026-06-14 09:36:00,2026-06-14 10:01:48,Georgia State University,Midtown MARTA,casual,25.8,9,6
R100888,2026-06-09 19:50:00,2026-06-09 20:28:00,Midtown MARTA,Ponce City Market,casual,38.0,19,1
R102666,2026-06-27 14:56:00,2026-06-27 15:04:26,Midtown MARTA,Atlantic Station,casual,8.433333333333334,14,5
R100441,2026-06-05 16:06:00,2026-06-05 16:14:58,Ponce City Market,Piedmont Park,member,8.966666666666667,16,4
R105472,2026-07-25 14:55:00,2026-07-25 15:12:33,Georgia State University,West End,unknown,17.55,14,5
R103961,2026-07-10 19:16:00,2026-07-10 19:29:11,Ponce City Market,Midtown MARTA,member,13.183333333333334,19,4
R104854,2026-07-19 08:46:00,2026-07-19 08:57:00,Ponce City Market,Georgia State University,member,11.0,8,6
R103459,2026-07-05 10:30:00,2026-07-05 10:44:50,Midtown MARTA,Ponce City Market,casual,14.833333333333334,10,6
R104428,2026-07-15 17:47:00,2026-07-15 17:55:00,Ponce City Market,Centennial Olympic Park,member,8.0,17,2
R102456,2026-06-25 15:17:00,2026-06-25 15:21:00,Midtown MARTA,Krog Street Market,member,4.0,15,3
R104051,2026-07-11 16:08:00,2026-07-11 16:22:36,Piedmont Park,Krog Street Market,casual,14.6,16,5
R105828,2026-07-29 22:23:00,2026-07-29 22:32:52,Midtown MARTA,Ponce City Market,member,9.866666666666667,22,2
R103002,2026-06-30 09:14:00,2026-06-30 09:27:20,Atlantic Station,Georgia State University,member,13.333333333333334,9,1
R102237,2026-06-22 17:28:00,2026-06-22 17:34:53,Ponce City Market,West End,member,6.883333333333334,17,0
R100859,2026-06-09 15:34:00,2026-06-09 15:38:00,Midtown MARTA,Ponce City Market,member,4.0,15,1
R102511,2026-06-25 07:47:00,2026-06-25 08:01:48,Krog Street Market,Centennial Olympic Park,member,14.8,7,3
R100235,2026-06-03 15:39:00,2026-06-03 15:46:56,Midtown MARTA,Piedmont Park,member,7.933333333333334,15,2
R103946,2026-07-10 07:20:00,2026-07-10 07:34:00,Midtown MARTA,Ponce City Market,member,14.0,7,4
R104746,2026-07-18 09:40:00,2026-07-18 10:04:07,Georgia State University,Midtown MARTA,casual,24.116666666666667,9,5
R100376,2026-06-04 18:19:00,2026-06-04 18:30:06,Centennial Olympic Park,Piedmont Park,member,11.1,18,3
R103051,2026-07-01 07:29:00,2026-07-01 07:36:09,Georgia State University,West End,member,7.15,7,2
R104598,2026-07-17 07:21:00,2026-07-17 07:47:00,Georgia State University,Ponce City Market,casual,26.0,7,4
R103812,2026-07-09 18:03:00,2026-07-09 18:21:00,Ponce City Market,Piedmont Park,casual,18.0,18,3
R103082,2026-07-01 07:47:00,2026-07-01 07:59:31,Piedmont Park,Midtown MARTA,member,12.516666666666667,7,2
R105780,2026-07-28 18:27:00,2026-07-28 18:51:00,Georgia State University,Grant Park,casual,24.0,18,1
R105771,2026-07-28 16:15:00,2026-07-28 16:41:00,Krog Street Market,Little Five Points,casual,26.0,16,1
R103955,2026-07-10 07:03:00,2026-07-10 07:28:29,Midtown MARTA,Ponce City Market,casual,25.483333333333334,7,4
R103101,2026-07-02 17:40:00,2026-07-02 17:54:00,Grant Park,Midtown MARTA,member,14.0,17,3
R102665,2026-06-27 07:31:00,2026-06-27 07:41:00,Ponce City Market,Georgia State University,member,10.0,7,5
R103145,2026-07-02 11:17:00,2026-07-02 11:30:00,Little Five Points,Midtown MARTA,member,13.0,11,3
R100133,2026-06-02 16:00:00,2026-06-02 16:13:42,Ponce City Market,Midtown MARTA,member,13.7,16,1
R100772,2026-06-08 19:30:00,2026-06-08 19:49:00,Atlantic Station,Georgia State University,casual,19.0,19,0
R104959,2026-07-20 18:39:00,2026-07-20 18:46:27,Georgia State University,Centennial Olympic Park,member,7.45,18,0
R100862,2026-06-09 08:32:00,2026-06-09 08:42:39,Grant Park,Georgia State University,member,10.65,8,1
R101325,2026-06-13 11:14:00,2026-06-13 11:26:57,Georgia State University,Midtown MARTA,member,12.95,11,5
R101135,2026-06-12 09:28:00,2026-06-12 09:36:00,Midtown MARTA,Georgia State University,member,8.0,9,4
R104086,2026-07-11 15:07:00,2026-07-11 15:18:09,Ponce City Market,Atlantic Station,member,11.15,15,5
R105575,2026-07-26 14:25:00,2026-07-26 14:36:36,Centennial Olympic Park,Ponce City Market,casual,11.6,14,6
R103115,2026-07-02 05:32:00,2026-07-02 05:56:15,Centennial Olympic Park,Midtown MARTA,casual,24.25,5,3
R104667,2026-07-17 07:49:00,2026-07-17 08:01:00,Ponce City Market,Krog Street Market,member,12.0,7,4
R105305,2026-07-23 09:46:00,2026-07-23 10:08:03,Georgia State University,Ponce City Market,casual,22.05,9,3
R105157,2026-07-22 20:42:00,2026-07-22 20:57:11,Ponce City Market,Georgia State University,casual,15.183333333333334,20,2
R104177,2026-07-13 15:54:00,2026-07-13 16:12:38,Centennial Olympic Park,Georgia State University,casual,18.633333333333333,15,0
R105099,2026-07-21 08:26:00,2026-07-21 08:38:00,Atlantic Station,Centennial Olympic Park,member,12.0,8,1
R100411,2026-06-04 05:55:00,2026-06-04 06:04:00,Midtown MARTA,Ponce City Market,member,9.0,5,3
R105849,2026-07-29 11:55:00,2026-07-29 11:59:00,Centennial Olympic Park,Krog Street Market,member,4.0,11,2
R103395,2026-07-05 13:18:00,2026-07-05 13:50:07,Piedmont Park,Georgia State University,casual,32.11666666666667,13,6
R102359,2026-06-24 11:58:00,2026-06-24 11:59:22,Midtown MARTA,Ponce City Market,casual,1.3666666666666667,11,2
R100677,2026-06-07 20:55:00,2026-06-07 21:23:03,Ponce City Market,Krog Street Market,casual,28.05,20,6
R100537,2026-06-06 04:10:00,2026-06-06 04:34:08,West End,Midtown MARTA,casual,24.133333333333333,4,5
R105209,2026-07-22 05:27:00,2026-07-22 05:57:44,Georgia State University,Midtown MARTA,casual,30.733333333333334,5,2
R103223,2026-07-03 12:06:00,2026-07-03 12:22:00,Atlantic Station,Georgia State University,member,16.0,12,4
R100992,2026-06-10 07:23:00,2026-06-10 07:35:09,Midtown MARTA,Piedmont Park,member,12.15,7,2
R102546,2026-06-25 17:07:00,2026-06-25 17:13:00,Midtown MARTA,Ponce City Market,member,6.0,17,3
R103964,2026-07-10 16:31:00,2026-07-10 16:43:00,Ponce City Market,Centennial Olympic Park,member,12.0,16,4
R104444,2026-07-15 16:04:00,2026-07-15 16:25:26,Little Five Points,Piedmont Park,member,21.433333333333334,16,2
R101103,2026-06-11 20:06:00,2026-06-11 20:14:29,Centennial Olympic Park,Midtown MARTA,member,8.483333333333333,20,3
R101260,2026-06-13 22:40:00,2026-06-13 22:54:00,Centennial Olympic Park,Midtown MARTA,casual,14.0,22,5
R102913,2026-06-29 00:05:00,2026-06-29 00:14:00,Midtown MARTA,Ponce City Market,member,9.0,0,0
R105031,2026-07-21 12:49:00,2026-07-21 13:00:00,Piedmont Park,Atlantic Station,member,11.0,12,1
R104755,2026-07-18 10:08:00,2026-07-18 10:27:50,Piedmont Park,Midtown MARTA,casual,19.833333333333332,10,5
R102109,2026-06-21 15:41:00,2026-06-21 16:10:30,Centennial Olympic Park,Midtown MARTA,casual,29.5,15,6
R102644,2026-06-26 17:52:00,2026-06-26 18:30:00,Krog Street Market,Georgia State University,casual,38.0,17,4
R103167,2026-07-02 17:02:00,2026-07-02 17:16:03,Krog Street Market,Ponce City Market,member,14.05,17,3
R100768,2026-06-08 08:45:00,2026-06-08 09:33:46,Centennial Olympic Park,Atlantic Station,casual,48.766666666666666,8,0
R101920,2026-06-19 17:22:00,2026-06-19 17:35:00,Midtown MARTA,Krog Street Market,member,13.0,17,4
R105888,2026-07-29 19:35:00,2026-07-29 19:48:00,Atlantic Station,Centennial Olympic Park,member,13.0,19,2
R103801,2026-07-09 15:37:00,2026-07-09 15:49:40,Piedmont Park,Georgia State University,member,12.666666666666666,15,3
R105983,2026-07-30 21:37:00,2026-07-30 21:41:55,Georgia State University,Grant Park,member,4.916666666666667,21,3
R100634,2026-06-07 14:45:00,2026-06-07 14:55:50,Ponce City Market,Georgia State University,member,10.833333333333334,14,6
R102403,2026-06-24 13:30:00,2026-06-24 13:36:37,Midtown MARTA,Piedmont Park,member,6.616666666666666,13,2
R102944,2026-06-29 18:35:00,2026-06-29 18:45:00,Piedmont Park,Midtown MARTA,member,10.0,18,0
R105970,2026-07-30 16:47:00,2026-07-30 16:57:34,Midtown MARTA,Atlantic Station,member,10.566666666666666,16,3
R104094,2026-07-12 13:23:00,2026-07-12 13:57:00,Midtown MARTA,Centennial Olympic Park,casual,34.0,13,6
R105651,2026-07-27 08:39:00,2026-07-27 08:48:11,Midtown MARTA,Georgia State University,member,9.183333333333334,8,0
R102918,2026-06-29 17:15:00,2026-06-29 17:40:00,Little Five Points,Midtown MARTA,casual,25.0,17,0
R104377,2026-07-15 15:59:00,2026-07-15 16:13:56,Midtown MARTA,Atlantic Station,member,14.933333333333334,15,2
R104675,2026-07-17 12:34:00,2026-07-17 13:13:30,Piedmont Park,Krog Street Market,casual,39.5,12,4
R105175,2026-07-22 10:42:00,2026-07-22 10:59:18,Atlantic Station,Ponce City Market,member,17.3,10,2
R103052,2026-07-01 15:06:00,2026-07-01 15:36:36,Ponce City Market,Midtown MARTA,casual,30.6,15,2
R103533,2026-07-06 19:48:00,2026-07-06 20:18:18,Centennial Olympic Park,Midtown MARTA,casual,30.3,19,0
R101196,2026-06-12 08:16:00,2026-06-12 08:22:23,Midtown MARTA,Centennial Olympic Park,member,6.383333333333334,8,4
R102304,2026-06-23 13:21:00,2026-06-23 13:33:00,Midtown MARTA,Ponce City Market,member,12.0,13,1
R102669,2026-06-27 15:37:00,2026-06-27 15:53:00,Midtown MARTA,Georgia State University,casual,16.0,15,5
R104564,2026-07-16 13:37:00,2026-07-16 13:43:00,Midtown MARTA,Centennial Olympic Park,member,6.0,13,3
R105743,2026-07-28 22:45:00,2026-07-28 22:52:42,Midtown MARTA,Atlantic Station,member,7.7,22,1
R103626,2026-07-07 08:11:00,2026-07-07 08:16:18,Midtown MARTA,Ponce City Market,member,5.3,8,1
R102966,2026-06-30 15:54:00,2026-06-30 16:03:00,West End,Grant Park,casual,9.0,15,1
R100695,2026-06-07 17:27:00,2026-06-07 17:40:32,Krog Street Market,Georgia State University,member,13.533333333333333,17,6
R103429,2026-07-05 10:38:00,2026-07-05 11:14:07,Midtown MARTA,Centennial Olympic Park,casual,36.11666666666667,10,6
R101981,2026-06-20 13:07:00,2026-06-20 13:22:26,Ponce City Market,Midtown MARTA,casual,15.433333333333334,13,5
R101817,2026-06-19 17:31:00,2026-06-19 17:38:48,Midtown MARTA,Centennial Olympic Park,member,7.8,17,4
R101416,2026-06-15 09:03:00,2026-06-15 09:21:43,Ponce City Market,Midtown MARTA,member,18.716666666666665,9,0
R101599,2026-06-16 12:54:00,2026-06-16 13:01:28,Georgia State University,Midtown MARTA,member,7.466666666666667,12,1
R105602,2026-07-26 03:19:00,2026-07-26 03:56:00,Georgia State University,Centennial Olympic Park,casual,37.0,3,6
R103345,2026-07-04 06:46:00,2026-07-04 07:21:34,Midtown MARTA,Grant Park,casual,35.56666666666667,6,5
R100269,2026-06-03 14:43:00,2026-06-03 14:52:00,Ponce City Market,Piedmont Park,member,9.0,14,2
R103663,2026-07-08 14:25:00,2026-07-08 14:51:50,Midtown MARTA,Centennial Olympic Park,casual,26.833333333333332,14,2
R100309,2026-06-03 18:03:00,2026-06-03 18:15:28,Midtown MARTA,Centennial Olympic Park,member,12.466666666666667,18,2
R103917,2026-07-10 11:10:00,2026-07-10 11:23:04,Midtown MARTA,Georgia State University,member,13.066666666666666,11,4
R100008,2026-06-01 20:16:00,2026-06-01 20:17:00,Midtown MARTA,Centennial Olympic Park,member,1.0,20,0
R100928,2026-06-10 08:19:00,2026-06-10 08:26:28,Ponce City Market,Midtown MARTA,member,7.466666666666667,8,2
R100898,2026-06-09 18:50:00,2026-06-09 18:56:57,Midtown MARTA,Georgia State University,member,6.95,18,1
R102997,2026-06-30 12:01:00,2026-06-30 12:26:00,Midtown MARTA,Ponce City Market,casual,25.0,12,1
R105785,2026-07-28 12:11:00,2026-07-28 12:28:00,Georgia State University,Midtown MARTA,member,17.0,12,1
R103686,2026-07-08 11:01:00,2026-07-08 11:07:47,Centennial Olympic Park,Midtown MARTA,member,6.783333333333333,11,2
R105351,2026-07-24 09:56:00,2026-07-24 10:15:07,Georgia State University,Grant Park,member,19.116666666666667,9,4
R101582,2026-06-16 18:02:00,2026-06-16 18:14:00,Centennial Olympic Park,Midtown MARTA,member,12.0,18,1
R105288,2026-07-23 17:27:00,2026-07-23 17:33:00,Georgia State University,Midtown MARTA,member,6.0,17,3
R102410,2026-06-24 16:09:00,2026-06-24 16:13:41,Ponce City Market,Centennial Olympic Park,member,4.683333333333334,16,2
R100047,2026-06-01 07:50:00,2026-06-01 08:00:49,Atlantic Station,Ponce City Market,member,10.816666666666666,7,0
R104454,2026-07-15 19:35:00,2026-07-15 19:54:21,Georgia State University,Unknown,member,19.35,19,2
R100301,2026-06-03 08:52:00,2026-06-03 09:06:17,Midtown MARTA,Unknown,member,14.283333333333333,8,2
R101392,2026-06-14 12:40:00,2026-06-14 12:51:45,Ponce City Market,Georgia State University,member,11.75,12,6
R104554,2026-07-16 17:13:00,2026-07-16 17:41:36,Ponce City Market,Midtown MARTA,casual,28.6,17,3
R103617,2026-07-07 15:40:00,2026-07-07 15:47:00,Georgia State University,Midtown MARTA,unknown,7.0,15,1
R101419,2026-06-15 07:23:00,2026-06-15 07:54:04,Krog Street Market,Ponce City Market,casual,31.066666666666666,7,0
R104395,2026-07-15 00:08:00,2026-07-15 00:36:00,Centennial Olympic Park,Georgia State University,casual,28.0,0,2
R104087,2026-07-11 18:51:00,2026-07-11 19:04:22,Midtown MARTA,Centennial Olympic Park,member,13.366666666666667,18,5
R101989,2026-06-20 15:55:00,2026-06-20 16:02:47,Midtown MARTA,Georgia State University,member,7.783333333333333,15,5
R103892,2026-07-09 05:45:00,2026-07-09 06:07:14,Midtown MARTA,Ponce City Market,member,22.233333333333334,5,3
R103252,2026-07-03 17:13:00,2026-07-03 17:28:50,Centennial Olympic Park,Georgia State University,member,15.833333333333334,17,4
R104577,2026-07-17 06:16:00,2026-07-17 06:29:35,Centennial Olympic Park,Ponce City Market,member,13.583333333333334,6,4
R101021,2026-06-11 19:33:00,2026-06-11 19:40:21,Ponce City Market,Midtown MARTA,member,7.35,19,3
R104609,2026-07-17 00:35:00,2026-07-17 00:39:00,Midtown MARTA,Ponce City Market,member,4.0,0,4
R102907,2026-06-29 11:26:00,2026-06-29 11:39:00,Ponce City Market,Midtown MARTA,casual,13.0,11,0
R103538,2026-07-06 14:09:00,2026-07-06 14:16:54,Midtown MARTA,Ponce City Market,member,7.9,14,0
R103327,2026-07-04 18:29:00,2026-07-04 18:47:00,Ponce City Market,Midtown MARTA,casual,18.0,18,5
R101477,2026-06-15 07:57:00,2026-06-15 08:26:00,Georgia State University,Ponce City Market,casual,29.0,7,0
R104811,2026-07-19 08:05:00,2026-07-19 08:17:31,Midtown MARTA,Ponce City Market,member,12.516666666666667,8,6
R100331,2026-06-04 08:00:00,2026-06-04 08:10:14,Midtown MARTA,Piedmont Park,member,10.233333333333333,8,3
R102866,2026-06-29 06:17:00,2026-06-29 06:39:00,Ponce City Market,Krog Street Market,member,22.0,6,0
R105043,2026-07-21 11:35:00,2026-07-21 11:50:23,Ponce City Market,Midtown MARTA,member,15.383333333333333,11,1
R102090,2026-06-21 17:36:00,2026-06-21 17:44:10,Ponce City Market,Georgia State University,casual,8.166666666666666,17,6
R104657,2026-07-17 11:21:00,2026-07-17 11:34:51,Centennial Olympic Park,Georgia State University,member,13.85,11,4
R100101,2026-06-01 16:07:00,2026-06-01 16:18:34,Ponce City Market,Georgia State University,casual,11.566666666666666,16,0
R101091,2026-06-11 18:39:00,2026-06-11 18:42:00,Midtown MARTA,Krog Street Market,member,3.0,18,3
R105115,2026-07-21 22:16:00,2026-07-21 22:45:00,Georgia State University,Midtown MARTA,casual,29.0,22,1
R102833,2026-06-28 14:38:00,2026-06-28 14:45:44,Georgia State University,Krog Street Market,casual,7.733333333333333,14,6
R104616,2026-07-17 07:17:00,2026-07-17 07:36:59,Krog Street Market,Midtown MARTA,member,19.983333333333334,7,4
R101579,2026-06-16 18:12:00,2026-06-16 18:19:00,Midtown MARTA,West End,casual,7.0,18,1
R105382,2026-07-24 15:22:00,2026-07-24 15:35:23,Centennial Olympic Park,Piedmont Park,member,13.383333333333333,15,4
R102271,2026-06-23 01:28:00,2026-06-23 01:43:51,Midtown MARTA,Ponce City Market,member,15.85,1,1
R103869,2026-07-09 07:07:00,2026-07-09 07:21:54,Centennial Olympic Park,Georgia State University,member,14.9,7,3
R104620,2026-07-17 15:23:00,2026-07-17 15:33:32,Ponce City Market,Piedmont Park,member,10.533333333333333,15,4
R103943,2026-07-10 17:22:00,2026-07-10 17:55:42,Centennial Olympic Park,Ponce City Market,casual,33.7,17,4
R102874,2026-06-29 17:37:00,2026-06-29 18:07:55,Centennial Olympic Park,Georgia State University,casual,30.916666666666668,17,0
R100199,2026-06-02 16:28:00,2026-06-02 16:59:58,Atlantic Station,Piedmont Park,casual,31.966666666666665,16,1
R104700,2026-07-18 15:21:00,2026-07-18 16:07:04,Midtown MARTA,Georgia State University,casual,46.06666666666667,15,5
R100131,2026-06-02 21:13:00,2026-06-02 21:26:22,Midtown MARTA,Centennial Olympic Park,member,13.366666666666667,21,1
R105555,2026-07-26 12:24:00,2026-07-26 12:37:03,Ponce City Market,Midtown MARTA,member,13.05,12,6
R105967,2026-07-30 07:22:00,2026-07-30 07:36:53,Georgia State University,Ponce City Market,member,14.883333333333333,7,3
R105143,2026-07-21 16:26:00,2026-07-21 16:34:45,Georgia State University,Ponce City Market,member,8.75,16,1
R100439,2026-06-05 17:28:00,2026-06-05 17:37:00,Ponce City Market,Georgia State University,member,9.0,17,4
R105581,2026-07-26 16:47:00,2026-07-26 17:03:52,Midtown MARTA,Ponce City Market,casual,16.866666666666667,16,6
R103407,2026-07-05 00:58:00,2026-07-05 01:15:30,Midtown MARTA,Ponce City Market,casual,17.5,0,6
R101032,2026-06-11 17:06:00,2026-06-11 17:16:00,Ponce City Market,Little Five Points,member,10.0,17,3
R101737,2026-06-18 11:00:00,2026-06-18 11:16:53,Ponce City Market,Midtown MARTA,member,16.883333333333333,11,3
R104245,2026-07-13 00:30:00,2026-07-13 00:47:48,Midtown MARTA,Ponce City Market,member,17.8,0,0
R104537,2026-07-16 09:40:00,2026-07-16 09:42:00,Atlantic Station,Georgia State University,unknown,2.0,9,3
R102628,2026-06-26 18:07:00,2026-06-26 18:42:30,West End,Centennial Olympic Park,casual,35.5,18,4
R100357,2026-06-04 17:45:00,2026-06-04 18:00:45,Midtown MARTA,Ponce City Market,member,15.75,17,3
R104785,2026-07-18 16:30:00,2026-07-18 16:43:20,Georgia State University,Ponce City Market,member,13.333333333333334,16,5
R101130,2026-06-12 20:55:00,2026-06-12 21:06:51,Ponce City Market,Midtown MARTA,member,11.85,20,4
R101234,2026-06-12 02:51:00,2026-06-12 03:08:00,Georgia State University,Midtown MARTA,member,17.0,2,4
R102031,2026-06-21 07:05:00,2026-06-21 07:24:01,Atlantic Station,Ponce City Market,casual,19.016666666666666,7,6
R104823,2026-07-19 15:02:00,2026-07-19 15:06:00,Midtown MARTA,Ponce City Market,member,4.0,15,6
R104528,2026-07-16 05:53:00,2026-07-16 06:05:00,West End,Centennial Olympic Park,member,12.0,5,3
R100740,2026-06-08 07:02:00,2026-06-08 07:11:00,Centennial Olympic Park,Ponce City Market,casual,9.0,7,0
R101492,2026-06-15 16:30:00,2026-06-15 16:52:19,Ponce City Market,Georgia State University,casual,22.316666666666666,16,0
R103085,2026-07-01 10:25:00,2026-07-01 11:00:20,Ponce City Market,Midtown MARTA,casual,35.333333333333336,10,2
R101018,2026-06-11 13:51:00,2026-06-11 13:55:00,Georgia State University,Ponce City Market,member,4.0,13,3
R103782,2026-07-09 16:29:00,2026-07-09 16:59:44,Georgia State University,Ponce City Market,casual,30.733333333333334,16,3
R100050,2026-06-01 16:09:00,2026-06-01 16:14:26,Centennial Olympic Park,Georgia State University,member,5.433333333333334,16,0
R102860,2026-06-29 11:54:00,2026-06-29 12:12:00,Ponce City Market,Atlantic Station,casual,18.0,11,0
R101678,2026-06-17 04:41:00,2026-06-17 04:52:04,Midtown MARTA,West End,member,11.066666666666666,4,2
R102192,2026-06-22 09:21:00,2026-06-22 09:33:50,Piedmont Park,Atlantic Station,member,12.833333333333334,9,0
R102042,2026-06-21 17:37:00,2026-06-21 17:58:00,Atlantic Station,Piedmont Park,casual,21.0,17,6
R104906,2026-07-19 01:52:00,2026-07-19 01:56:31,Georgia State University,Midtown MARTA,member,4.516666666666667,1,6
R100871,2026-06-09 10:58:00,2026-06-09 11:05:58,Piedmont Park,Centennial Olympic Park,member,7.966666666666667,10,1
R102811,2026-06-28 17:36:00,2026-06-28 18:08:24,Atlantic Station,Midtown MARTA,casual,32.4,17,6
R104287,2026-07-14 09:38:00,2026-07-14 10:05:23,Ponce City Market,Krog Street Market,casual,27.383333333333333,9,1
R100997,2026-06-10 07:37:00,2026-06-10 07:53:01,Midtown MARTA,Krog Street Market,member,16.016666666666666,7,2
R104095,2026-07-12 12:34:00,2026-07-12 12:49:59,Centennial Olympic Park,Georgia State University,member,15.983333333333333,12,6
R100098,2026-06-01 10:48:00,2026-06-01 11:02:58,Krog Street Market,Centennial Olympic Park,member,14.966666666666667,10,0
R104853,2026-07-19 14:59:00,2026-07-19 15:12:00,Midtown MARTA,Centennial Olympic Park,member,13.0,14,6
R100272,2026-06-03 13:51:00,2026-06-03 14:13:00,Atlantic Station,Piedmont Park,casual,22.0,13,2
R102657,2026-06-26 10:09:00,2026-06-26 10:41:24,Ponce City Market,Midtown MARTA,casual,32.4,10,4
R104590,2026-07-17 08:56:00,2026-07-17 09:04:09,Georgia State University,Ponce City Market,member,8.15,8,4
R100652,2026-06-07 09:23:00,2026-06-07 09:45:00,Piedmont Park,Ponce City Market,casual,22.0,9,6
R100932,2026-06-10 07:36:00,2026-06-10 07:44:08,Georgia State University,Midtown MARTA,member,8.133333333333333,7,2
R104202,2026-07-13 07:40:00,2026-07-13 07:50:11,Ponce City Market,Georgia State University,member,10.183333333333334,7,0
R102185,2026-06-22 19:13:00,2026-06-22 19:25:00,Ponce City Market,Midtown MARTA,member,12.0,19,0
R104403,2026-07-15 12:05:00,2026-07-15 12:15:29,Midtown MARTA,Centennial Olympic Park,member,10.483333333333333,12,2
R100375,2026-06-04 11:01:00,2026-06-04 11:14:00,Krog Street Market,Unknown,member,13.0,11,3
R104077,2026-07-11 12:15:00,2026-07-11 12:35:38,Piedmont Park,Georgia State University,member,20.633333333333333,12,5
R100354,2026-06-04 08:43:00,2026-06-04 08:51:18,Midtown MARTA,Georgia State University,member,8.3,8,3
R104730,2026-07-18 06:39:00,2026-07-18 07:17:57,Georgia State University,Atlantic Station,casual,38.95,6,5
R104426,2026-07-15 06:31:00,2026-07-15 07:11:17,Centennial Olympic Park,Piedmont Park,casual,40.28333333333333,6,2
R104339,2026-07-14 18:24:00,2026-07-14 18:38:00,Ponce City Market,Midtown MARTA,member,14.0,18,1
R101335,2026-06-14 06:44:00,2026-06-14 06:58:14,Centennial Olympic Park,Ponce City Market,member,14.233333333333333,6,6
R100793,2026-06-08 14:53:00,2026-06-08 15:27:00,Krog Street Market,Atlantic Station,casual,34.0,14,0
R103889,2026-07-09 11:13:00,2026-07-09 11:18:00,Centennial Olympic Park,Piedmont Park,member,5.0,11,3
R105200,2026-07-22 06:49:00,2026-07-22 06:57:00,Little Five Points,Centennial Olympic Park,member,8.0,6,2
R105768,2026-07-28 21:26:00,2026-07-28 21:35:53,Little Five Points,Krog Street Market,member,9.883333333333333,21,1
R100580,2026-06-06 02:17:00,2026-06-06 02:24:25,Ponce City Market,Midtown MARTA,member,7.416666666666667,2,5
R101225,2026-06-12 07:54:00,2026-06-12 08:05:00,Midtown MARTA,Atlantic Station,member,11.0,7,4
R104232,2026-07-13 08:44:00,2026-07-13 08:57:07,Georgia State University,Ponce City Market,member,13.116666666666667,8,0
R103399,2026-07-05 03:00:00,2026-07-05 03:03:06,Midtown MARTA,Georgia State University,member,3.1,3,6
R102440,2026-06-24 05:56:00,2026-06-24 06:44:00,Georgia State University,Ponce City Market,casual,48.0,5,2
R101442,2026-06-15 08:41:00,2026-06-15 08:47:56,Ponce City Market,Grant Park,member,6.933333333333334,8,0
R102470,2026-06-25 08:06:00,2026-06-25 08:25:36,Ponce City Market,Centennial Olympic Park,casual,19.6,8,3
R104614,2026-07-17 18:32:00,2026-07-17 18:40:13,Midtown MARTA,Grant Park,member,8.216666666666667,18,4
R100134,2026-06-02 18:50:00,2026-06-02 19:17:27,Ponce City Market,Georgia State University,casual,27.45,18,1
R102861,2026-06-29 16:01:00,2026-06-29 16:13:00,Midtown MARTA,Georgia State University,member,12.0,16,0
R100436,2026-06-05 18:32:00,2026-06-05 18:54:00,Georgia State University,West End,unknown,22.0,18,4
R105236,2026-07-22 19:46:00,2026-07-22 19:54:12,Midtown MARTA,Little Five Points,member,8.2,19,2
R105826,2026-07-29 18:42:00,2026-07-29 18:52:43,Midtown MARTA,Piedmont Park,member,10.716666666666667,18,2
R101702,2026-06-17 14:51:00,2026-06-17 14:55:00,Midtown MARTA,Atlantic Station,member,4.0,14,2
R103473,2026-07-06 09:51:00,2026-07-06 10:07:04,Ponce City Market,Midtown MARTA,member,16.066666666666666,9,0
R104022,2026-07-11 12:07:00,2026-07-11 12:17:00,Georgia State University,Centennial Olympic Park,member,10.0,12,5
R105784,2026-07-28 05:24:00,2026-07-28 05:33:57,Midtown MARTA,Krog Street Market,member,9.95,5,1
R101986,2026-06-20 20:27:00,2026-06-20 20:47:21,Midtown MARTA,Georgia State University,casual,20.35,20,5
R105653,2026-07-27 09:40:00,2026-07-27 09:45:04,Georgia State University,Midtown MARTA,member,5.066666666666666,9,0
R102730,2026-06-27 14:52:00,2026-06-27 15:01:58,Midtown MARTA,Centennial Olympic Park,member,9.966666666666667,14,5
R105182,2026-07-22 06:57:00,2026-07-22 07:13:34,Atlantic Station,Georgia State University,member,16.566666666666666,6,2
R102876,2026-06-29 14:31:00,2026-06-29 15:05:00,Midtown MARTA,Ponce City Market,casual,34.0,14,0
R100822,2026-06-09 10:31:00,2026-06-09 10:41:00,Ponce City Market,Centennial Olympic Park,member,10.0,10,1
R104997,2026-07-20 08:06:00,2026-07-20 08:16:37,Ponce City Market,Grant Park,member,10.616666666666667,8,0
R102790,2026-06-28 12:19:00,2026-06-28 12:31:51,Georgia State University,Ponce City Market,member,12.85,12,6
R102889,2026-06-29 15:16:00,2026-06-29 15:23:29,Midtown MARTA,Centennial Olympic Park,member,7.483333333333333,15,0
R104018,2026-07-11 12:44:00,2026-07-11 13:01:07,Krog Street Market,Atlantic Station,casual,17.116666666666667,12,5
R103247,2026-07-03 07:34:00,2026-07-03 07:46:24,Ponce City Market,Midtown MARTA,member,12.4,7,4
R102775,2026-06-28 17:33:00,2026-06-28 18:02:00,Georgia State University,Centennial Olympic Park,casual,29.0,17,6
R103633,2026-07-07 08:58:00,2026-07-07 09:01:00,Midtown MARTA,Ponce City Market,member,3.0,8,1
R100585,2026-06-06 15:57:00,2026-06-06 16:12:28,Ponce City Market,Georgia State University,member,15.466666666666667,15,5
R101112,2026-06-11 06:12:00,2026-06-11 06:24:53,Midtown MARTA,Georgia State University,member,12.883333333333333,6,3
R103432,2026-07-05 11:05:00,2026-07-05 11:38:00,Midtown MARTA,Ponce City Market,casual,33.0,11,6
R105816,2026-07-29 17:52:00,2026-07-29 17:56:00,Ponce City Market,Midtown MARTA,casual,4.0,17,2
R102241,2026-06-23 17:49:00,2026-06-23 18:03:00,Ponce City Market,Midtown MARTA,member,14.0,17,1
R100318,2026-06-04 14:10:00,2026-06-04 14:23:10,Georgia State University,Centennial Olympic Park,member,13.166666666666666,14,3
R101733,2026-06-18 18:35:00,2026-06-18 18:38:00,Centennial Olympic Park,Ponce City Market,member,3.0,18,3
R104192,2026-07-13 16:16:00,2026-07-13 16:17:00,Ponce City Market,Georgia State University,casual,1.0,16,0
R101496,2026-06-15 18:02:00,2026-06-15 18:14:29,Atlantic Station,Midtown MARTA,member,12.483333333333333,18,0
R103094,2026-07-01 15:18:00,2026-07-01 15:33:28,Georgia State University,Centennial Olympic Park,member,15.466666666666667,15,2
R100949,2026-06-10 13:04:00,2026-06-10 13:13:25,Georgia State University,Ponce City Market,member,9.416666666666666,13,2
R101273,2026-06-13 09:11:00,2026-06-13 09:40:30,Midtown MARTA,Georgia State University,casual,29.5,9,5
R100964,2026-06-10 10:13:00,2026-06-10 10:25:51,Midtown MARTA,Krog Street Market,member,12.85,10,2
R105208,2026-07-22 18:05:00,2026-07-22 18:16:15,Ponce City Market,Centennial Olympic Park,member,11.25,18,2
R104774,2026-07-18 12:01:00,2026-07-18 12:19:17,Centennial Olympic Park,Georgia State University,casual,18.283333333333335,12,5
R100937,2026-06-10 07:40:00,2026-06-10 07:51:25,Midtown MARTA,Centennial Olympic Park,member,11.416666666666666,7,2
R103428,2026-07-05 16:59:00,2026-07-05 17:21:16,Centennial Olympic Park,West End,casual,22.266666666666666,16,6
R100286,2026-06-03 19:18:00,2026-06-03 19:35:00,Atlantic Station,Midtown MARTA,member,17.0,19,2
R103184,2026-07-02 17:20:00,2026-07-02 17:25:00,Centennial Olympic Park,Krog Street Market,member,5.0,17,3
R102975,2026-06-30 07:38:00,2026-06-30 07:49:39,Georgia State University,Little Five Points,member,11.65,7,1
R101150,2026-06-12 17:07:00,2026-06-12 17:26:06,Midtown MARTA,Ponce City Market,member,19.1,17,4
R104999,2026-07-20 07:31:00,2026-07-20 07:39:22,Midtown MARTA,Ponce City Market,member,8.366666666666667,7,0
R101300,2026-06-13 09:47:00,2026-06-13 10:16:00,Georgia State University,Krog Street Market,casual,29.0,9,5
R104790,2026-07-18 07:39:00,2026-07-18 07:58:32,Centennial Olympic Park,Georgia State University,member,19.533333333333335,7,5
R103069,2026-07-01 13:48:00,2026-07-01 13:57:30,Ponce City Market,Midtown MARTA,member,9.5,13,2
R101927,2026-06-19 12:33:00,2026-06-19 12:51:00,Centennial Olympic Park,Ponce City Market,member,18.0,12,4
R100565,2026-06-06 10:32:00,2026-06-06 10:40:08,Georgia State University,Ponce City Market,member,8.133333333333333,10,5
R101627,2026-06-17 18:47:00,2026-06-17 19:21:09,Grant Park,Piedmont Park,casual,34.15,18,2
R102527,2026-06-25 02:49:00,2026-06-25 03:06:45,Midtown MARTA,Centennial Olympic Park,casual,17.75,2,3
R101697,2026-06-17 13:03:00,2026-06-17 13:09:00,Midtown MARTA,Grant Park,member,6.0,13,2
R103374,2026-07-04 15:26:00,2026-07-04 15:42:27,Ponce City Market,Georgia State University,casual,16.45,15,5
R100597,2026-06-07 13:29:00,2026-06-07 13:37:00,Ponce City Market,Centennial Olympic Park,member,8.0,13,6
R103520,2026-07-06 20:10:00,2026-07-06 20:19:00,Midtown MARTA,Centennial Olympic Park,member,9.0,20,0
R101270,2026-06-13 07:53:00,2026-06-13 07:59:08,Atlantic Station,Midtown MARTA,casual,6.133333333333334,7,5
R102469,2026-06-25 18:29:00,2026-06-25 18:44:38,Georgia State University,Ponce City Market,member,15.633333333333333,18,3
R100435,2026-06-05 18:37:00,2026-06-05 18:45:05,Krog Street Market,Midtown MARTA,member,8.083333333333334,18,4
R102287,2026-06-23 07:25:00,2026-06-23 08:10:07,Grant Park,Atlantic Station,casual,45.11666666666667,7,1
R101418,2026-06-15 20:41:00,2026-06-15 20:47:29,Midtown MARTA,Georgia State University,member,6.483333333333333,20,0
R100145,2026-06-02 07:29:00,2026-06-02 07:38:37,Georgia State University,Krog Street Market,member,9.616666666666667,7,1
R104244,2026-07-13 07:22:00,2026-07-13 07:33:00,Midtown MARTA,Ponce City Market,member,11.0,7,0
R105929,2026-07-30 20:57:00,2026-07-30 21:00:10,Midtown MARTA,Krog Street Market,member,3.1666666666666665,20,3
R102810,2026-06-28 11:58:00,2026-06-28 12:03:00,Midtown MARTA,Centennial Olympic Park,casual,5.0,11,6
R101140,2026-06-12 11:13:00,2026-06-12 11:25:08,Centennial Olympic Park,Piedmont Park,member,12.133333333333333,11,4
R103566,2026-07-07 07:48:00,2026-07-07 07:57:56,Georgia State University,Atlantic Station,member,9.933333333333334,7,1
R101446,2026-06-15 13:12:00,2026-06-15 13:13:35,Midtown MARTA,Centennial Olympic Park,member,1.5833333333333333,13,0
R102703,2026-06-27 17:33:00,2026-06-27 17:45:00,Georgia State University,Piedmont Park,member,12.0,17,5
R105875,2026-07-29 12:44:00,2026-07-29 12:56:34,Midtown MARTA,Atlantic Station,member,12.566666666666666,12,2
R100770,2026-06-08 16:50:00,2026-06-08 17:20:08,Georgia State University,Midtown MARTA,casual,30.133333333333333,16,0
R101160,2026-06-12 03:57:00,2026-06-12 04:04:17,Midtown MARTA,Ponce City Market,member,7.283333333333333,3,4
R104809,2026-07-19 05:43:00,2026-07-19 06:04:00,Ponce City Market,Krog Street Market,casual,21.0,5,6
R104150,2026-07-12 16:29:00,2026-07-12 16:46:14,Georgia State University,Piedmont Park,casual,17.233333333333334,16,6
R103645,2026-07-07 15:42:00,2026-07-07 16:01:11,Georgia State University,Grant Park,member,19.183333333333334,15,1
R103004,2026-06-30 08:25:00,2026-06-30 08:39:00,Georgia State University,Atlantic Station,casual,14.0,8,1
R102149,2026-06-22 20:24:00,2026-06-22 20:34:16,Centennial Olympic Park,Midtown MARTA,member,10.266666666666667,20,0
R100850,2026-06-09 07:43:00,2026-06-09 07:57:05,Ponce City Market,Centennial Olympic Park,casual,14.083333333333334,7,1
R102445,2026-06-24 08:06:00,2026-06-24 08:20:31,Midtown MARTA,Little Five Points,member,14.516666666666667,8,2
R103778,2026-07-09 16:12:00,2026-07-09 16:26:33,Piedmont Park,Krog Street Market,member,14.55,16,3
R101067,2026-06-11 19:27:00,2026-06-11 19:39:07,Georgia State University,Ponce City Market,member,12.116666666666667,19,3
R104982,2026-07-20 06:06:00,2026-07-20 06:17:34,Krog Street Market,Centennial Olympic Park,member,11.566666666666666,6,0
R105810,2026-07-29 05:53:00,2026-07-29 06:08:00,Atlantic Station,Midtown MARTA,member,15.0,5,2
R101367,2026-06-14 15:20:00,2026-06-14 15:31:55,Atlantic Station,Midtown MARTA,casual,11.916666666666666,15,6
R103702,2026-07-08 20:44:00,2026-07-08 20:49:02,Midtown MARTA,Ponce City Market,member,5.033333333333333,20,2
R105328,2026-07-24 07:59:00,2026-07-24 08:13:01,Piedmont Park,Georgia State University,member,14.016666666666667,7,4
R102452,2026-06-24 14:48:00,2026-06-24 15:15:49,Midtown MARTA,Centennial Olympic Park,casual,27.816666666666666,14,2
R104637,2026-07-17 17:31:00,2026-07-17 17:49:00,Ponce City Market,Midtown MARTA,casual,18.0,17,4
R105833,2026-07-29 19:36:00,2026-07-29 19:59:32,Little Five Points,Georgia State University,casual,23.533333333333335,19,2
R104750,2026-07-18 09:04:00,2026-07-18 09:39:00,Ponce City Market,Midtown MARTA,casual,35.0,9,5
R102857,2026-06-29 02:48:00,2026-06-29 03:00:17,Georgia State University,Ponce City Market,member,12.283333333333333,2,0
R100676,2026-06-07 09:46:00,2026-06-07 09:49:18,Piedmont Park,Krog Street Market,member,3.3,9,6
R103839,2026-07-09 07:38:00,2026-07-09 08:08:53,Piedmont Park,Georgia State University,casual,30.883333333333333,7,3
R105088,2026-07-21 14:59:00,2026-07-21 15:31:00,Midtown MARTA,Krog Street Market,casual,32.0,14,1
R104506,2026-07-16 16:47:00,2026-07-16 17:08:11,Centennial Olympic Park,Grant Park,casual,21.183333333333334,16,3
R100629,2026-06-07 14:23:00,2026-06-07 14:48:33,Midtown MARTA,Atlantic Station,casual,25.55,14,6
R101550,2026-06-16 12:14:00,2026-06-16 12:35:35,Krog Street Market,Midtown MARTA,casual,21.583333333333332,12,1
R103615,2026-07-07 19:19:00,2026-07-07 19:30:28,Centennial Olympic Park,Grant Park,member,11.466666666666667,19,1
R100228,2026-06-03 07:17:00,2026-06-03 07:25:21,Ponce City Market,Atlantic Station,member,8.35,7,2
R105404,2026-07-24 08:23:00,2026-07-24 08:45:32,Atlantic Station,Centennial Olympic Park,casual,22.533333333333335,8,4
R102264,2026-06-23 18:51:00,2026-06-23 19:04:37,Centennial Olympic Park,Piedmont Park,member,13.616666666666667,18,1
R104824,2026-07-19 10:43:00,2026-07-19 11:11:00,Midtown MARTA,Atlantic Station,casual,28.0,10,6
R101847,2026-06-19 19:39:00,2026-06-19 19:50:47,Piedmont Park,Atlantic Station,member,11.783333333333333,19,4
R103704,2026-07-08 17:41:00,2026-07-08 17:53:15,Atlantic Station,Midtown MARTA,member,12.25,17,2
R100284,2026-06-03 17:29:00,2026-06-03 17:44:00,Midtown MARTA,Georgia State University,member,15.0,17,2
R101026,2026-06-11 16:57:00,2026-06-11 17:10:26,Midtown MARTA,Ponce City Market,member,13.433333333333334,16,3
R103744,2026-07-08 08:08:00,2026-07-08 08:20:00,Georgia State University,Midtown MARTA,member,12.0,8,2
R101925,2026-06-19 18:45:00,2026-06-19 18:58:09,Centennial Olympic Park,Midtown MARTA,member,13.15,18,4
R102732,2026-06-28 14:29:00,2026-06-28 14:46:00,Piedmont Park,Centennial Olympic Park,casual,17.0,14,6
R104423,2026-07-15 14:11:00,2026-07-15 14:28:05,Ponce City Market,Midtown MARTA,member,17.083333333333332,14,2
R102193,2026-06-22 14:52:00,2026-06-22 15:06:00,Midtown MARTA,Georgia State University,member,14.0,14,0
R101890,2026-06-19 14:05:00,2026-06-19 14:07:32,Georgia State University,Midtown MARTA,member,2.533333333333333,14,4
R103921,2026-07-10 18:40:00,2026-07-10 19:06:00,Ponce City Market,Centennial Olympic Park,casual,26.0,18,4
R102932,2026-06-29 07:55:00,2026-06-29 08:03:00,Centennial Olympic Park,Krog Street Market,member,8.0,7,0
R100427,2026-06-05 10:17:00,2026-06-05 10:22:14,Midtown MARTA,Georgia State University,member,5.233333333333333,10,4
R103081,2026-07-01 04:28:00,2026-07-01 04:39:22,Midtown MARTA,Atlantic Station,member,11.366666666666667,4,2
R101358,2026-06-14 15:44:00,2026-06-14 16:01:23,Ponce City Market,Midtown MARTA,member,17.383333333333333,15,6
R100202,2026-06-02 08:10:00,2026-06-02 08:19:38,Midtown MARTA,Ponce City Market,casual,9.633333333333333,8,1
R101658,2026-06-17 07:19:00,2026-06-17 07:34:54,Ponce City Market,Centennial Olympic Park,member,15.9,7,2
R104363,2026-07-14 17:56:00,2026-07-14 18:10:04,Midtown MARTA,Ponce City Market,member,14.066666666666666,17,1
R104212,2026-07-13 08:38:00,2026-07-13 08:51:00,Georgia State University,Krog Street Market,member,13.0,8,0
R101921,2026-06-19 08:53:00,2026-06-19 09:00:28,Midtown MARTA,Piedmont Park,casual,7.466666666666667,8,4
R103036,2026-07-01 21:58:00,2026-07-01 22:22:04,Georgia State University,Midtown MARTA,casual,24.066666666666666,21,2
R105954,2026-07-30 18:51:00,2026-07-30 19:11:58,Midtown MARTA,Krog Street Market,casual,20.966666666666665,18,3
R102046,2026-06-21 09:41:00,2026-06-21 09:44:39,Grant Park,Piedmont Park,member,3.65,9,6
R100609,2026-06-07 11:35:00,2026-06-07 11:44:33,Atlantic Station,Ponce City Market,member,9.55,11,6
R102971,2026-06-30 07:45:00,2026-06-30 08:32:10,Georgia State University,Ponce City Market,casual,47.166666666666664,7,1
R103030,2026-07-01 05:49:00,2026-07-01 06:04:32,Ponce City Market,Midtown MARTA,member,15.533333333333333,5,2
R102763,2026-06-28 14:26:00,2026-06-28 14:37:07,Midtown MARTA,Little Five Points,member,11.116666666666667,14,6
R104098,2026-07-12 12:05:00,2026-07-12 12:33:00,Ponce City Market,Centennial Olympic Park,casual,28.0,12,6
R105381,2026-07-24 08:37:00,2026-07-24 08:49:00,Centennial Olympic Park,Ponce City Market,member,12.0,8,4
R105657,2026-07-27 17:54:00,2026-07-27 18:10:00,Georgia State University,Midtown MARTA,member,16.0,17,0
R100201,2026-06-02 08:13:00,2026-06-02 08:44:01,Midtown MARTA,Atlantic Station,casual,31.016666666666666,8,1
R103163,2026-07-02 11:01:00,2026-07-02 11:13:03,Midtown MARTA,Georgia State University,member,12.05,11,3
R102143,2026-06-22 16:20:00,2026-06-22 16:32:30,Midtown MARTA,Krog Street Market,member,12.5,16,0
R102464,2026-06-25 09:54:00,2026-06-25 10:01:36,Georgia State University,Ponce City Market,member,7.6,9,3
R102850,2026-06-28 11:06:00,2026-06-28 11:19:25,Ponce City Market,Georgia State University,member,13.416666666666666,11,6
R101464,2026-06-15 05:52:00,2026-06-15 06:08:37,Centennial Olympic Park,Ponce City Market,casual,16.616666666666667,5,0
R105302,2026-07-23 08:06:00,2026-07-23 08:16:00,Centennial Olympic Park,Midtown MARTA,member,10.0,8,3
R101533,2026-06-16 19:58:00,2026-06-16 20:06:00,Atlantic Station,Georgia State University,member,8.0,19,1
R104531,2026-07-16 07:01:00,2026-07-16 07:15:00,Piedmont Park,Georgia State University,member,14.0,7,3
R102397,2026-06-24 19:37:00,2026-06-24 19:50:00,Centennial Olympic Park,Midtown MARTA,member,13.0,19,2
R104237,2026-07-13 12:11:00,2026-07-13 12:41:15,Midtown MARTA,Centennial Olympic Park,casual,30.25,12,0
R101912,2026-06-19 16:19:00,2026-06-19 16:47:11,Midtown MARTA,Georgia State University,casual,28.183333333333334,16,4
R100623,2026-06-07 00:58:00,2026-06-07 01:08:00,Georgia State University,Midtown MARTA,member,10.0,0,6
R101744,2026-06-18 18:04:00,2026-06-18 18:14:36,Piedmont Park,Centennial Olympic Park,member,10.6,18,3
R104908,2026-07-19 14:31:00,2026-07-19 14:56:31,Georgia State University,Atlantic Station,casual,25.516666666666666,14,6
R100524,2026-06-06 17:05:00,2026-06-06 17:13:17,Piedmont Park,Ponce City Market,member,8.283333333333333,17,5
R102991,2026-06-30 15:10:00,2026-06-30 15:28:07,Midtown MARTA,Georgia State University,casual,18.116666666666667,15,1
R101088,2026-06-11 17:18:00,2026-06-11 17:20:25,Centennial Olympic Park,Midtown MARTA,member,2.4166666666666665,17,3
R101295,2026-06-13 10:03:00,2026-06-13 10:31:23,Centennial Olympic Park,Piedmont Park,casual,28.383333333333333,10,5
R101672,2026-06-17 08:22:00,2026-06-17 08:37:51,Atlantic Station,West End,member,15.85,8,2
R103214,2026-07-03 06:31:00,2026-07-03 06:41:28,Atlantic Station,Centennial Olympic Park,member,10.466666666666667,6,4
R101399,2026-06-14 10:43:00,2026-06-14 10:49:58,Georgia State University,Centennial Olympic Park,member,6.966666666666667,10,6
R101466,2026-06-15 21:34:00,2026-06-15 21:45:00,Centennial Olympic Park,Georgia State University,member,11.0,21,0
R105185,2026-07-22 17:24:00,2026-07-22 17:39:57,Centennial Olympic Park,Atlantic Station,member,15.95,17,2
R102205,2026-06-22 08:28:00,2026-06-22 08:41:00,Ponce City Market,Piedmont Park,member,13.0,8,0
R101848,2026-06-19 17:30:00,2026-06-19 17:38:00,Grant Park,Centennial Olympic Park,member,8.0,17,4
R105566,2026-07-26 17:31:00,2026-07-26 17:51:39,Georgia State University,Midtown MARTA,casual,20.65,17,6
R104723,2026-07-18 17:29:00,2026-07-18 17:48:39,Midtown MARTA,Grant Park,casual,19.65,17,5
R104348,2026-07-14 00:29:00,2026-07-14 00:42:24,Centennial Olympic Park,Georgia State University,member,13.4,0,1
R102486,2026-06-25 07:43:00,2026-06-25 07:49:55,Ponce City Market,Georgia State University,member,6.916666666666667,7,3
R105598,2026-07-26 23:45:00,2026-07-27 00:17:12,West End,Georgia State University,casual,32.2,23,6
R100482,2026-06-05 02:02:00,2026-06-05 02:07:00,Midtown MARTA,Ponce City Market,member,5.0,2,4
R103629,2026-07-07 16:53:00,2026-07-07 17:07:00,Midtown MARTA,Georgia State University,member,14.0,16,1
R104702,2026-07-18 20:08:00,2026-07-18 20:23:00,Ponce City Market,Midtown MARTA,member,15.0,20,5
R103669,2026-07-08 19:31:00,2026-07-08 19:42:07,Midtown MARTA,Krog Street Market,member,11.116666666666667,19,2
R103875,2026-07-09 08:22:00,2026-07-09 08:38:13,Midtown MARTA,Georgia State University,member,16.216666666666665,8,3
R100515,2026-06-05 22:37:00,2026-06-05 22:48:25,Ponce City Market,Midtown MARTA,member,11.416666666666666,22,4
R102504,2026-06-25 14:22:00,2026-06-25 14:35:00,Grant Park,Midtown MARTA,member,13.0,14,3
R105275,2026-07-23 19:46:00,2026-07-23 19:49:31,Ponce City Market,Centennial Olympic Park,member,3.5166666666666666,19,3
R102610,2026-06-26 12:05:00,2026-06-26 12:17:15,Georgia State University,Centennial Olympic Park,member,12.25,12,4
R105783,2026-07-28 15:07:00,2026-07-28 15:17:34,Centennial Olympic Park,Piedmont Park,member,10.566666666666666,15,1
R102315,2026-06-23 06:28:00,2026-06-23 06:43:01,Ponce City Market,Midtown MARTA,casual,15.016666666666667,6,1
R101621,2026-06-17 06:46:00,2026-06-17 06:48:48,Midtown MARTA,Georgia State University,member,2.8,6,2
R104715,2026-07-18 13:34:00,2026-07-18 13:43:39,Georgia State University,Midtown MARTA,member,9.65,13,5
R104446,2026-07-15 02:50:00,2026-07-15 03:03:52,Little Five Points,Ponce City Market,member,13.866666666666667,2,2
R100264,2026-06-03 08:21:00,2026-06-03 08:31:46,Midtown MARTA,Ponce City Market,member,10.766666666666667,8,2
R104151,2026-07-12 15:22:00,2026-07-12 15:24:23,Georgia State University,Little Five Points,casual,2.3833333333333333,15,6
R100700,2026-06-07 11:39:00,2026-06-07 11:42:51,Centennial Olympic Park,Midtown MARTA,casual,3.85,11,6
R104897,2026-07-19 08:27:00,2026-07-19 08:47:58,Ponce City Market,Midtown MARTA,casual,20.966666666666665,8,6
R103339,2026-07-04 11:25:00,2026-07-04 11:31:53,Piedmont Park,Centennial Olympic Park,casual,6.883333333333334,11,5
R103298,2026-07-04 11:40:00,2026-07-04 11:58:54,Midtown MARTA,Atlantic Station,casual,18.9,11,5
R103141,2026-07-02 13:50:00,2026-07-02 13:58:27,Midtown MARTA,Ponce City Market,member,8.45,13,3
R102658,2026-06-27 11:50:00,2026-06-27 12:06:09,Georgia State University,Atlantic Station,casual,16.15,11,5
R101630,2026-06-17 20:34:00,2026-06-17 20:47:16,Georgia State University,Piedmont Park,member,13.266666666666667,20,2
R103513,2026-07-06 21:25:00,2026-07-06 21:34:52,Centennial Olympic Park,Ponce City Market,member,9.866666666666667,21,0
R100122,2026-06-02 17:32:00,2026-06-02 17:40:56,Midtown MARTA,Centennial Olympic Park,casual,8.933333333333334,17,1
R104643,2026-07-17 12:00:00,2026-07-17 12:06:00,Midtown MARTA,Georgia State University,member,6.0,12,4
R100497,2026-06-05 14:25:00,2026-06-05 14:38:03,Grant Park,Centennial Olympic Park,member,13.05,14,4
R104438,2026-07-15 09:26:00,2026-07-15 09:34:13,Midtown MARTA,Piedmont Park,member,8.216666666666667,9,2
R103822,2026-07-09 05:07:00,2026-07-09 05:21:00,Georgia State University,Atlantic Station,member,14.0,5,3
R100558,2026-06-06 17:19:00,2026-06-06 17:57:07,Atlantic Station,Krog Street Market,casual,38.11666666666667,17,5
R103134,2026-07-02 08:57:00,2026-07-02 09:06:43,Ponce City Market,Georgia State University,member,9.716666666666667,8,3
R102195,2026-06-22 13:08:00,2026-06-22 13:21:18,Centennial Olympic Park,Midtown MARTA,unknown,13.3,13,0
R103204,2026-07-02 08:52:00,2026-07-02 09:07:00,Centennial Olympic Park,Georgia State University,member,15.0,8,3
R102965,2026-06-30 18:41:00,2026-06-30 19:04:55,Ponce City Market,Georgia State University,casual,23.916666666666668,18,1
R103390,2026-07-05 12:11:00,2026-07-05 12:36:17,Centennial Olympic Park,Atlantic Station,casual,25.283333333333335,12,6
R102875,2026-06-29 19:18:00,2026-06-29 19:25:00,Georgia State University,Grant Park,member,7.0,19,0
R101811,2026-06-19 07:27:00,2026-06-19 08:00:21,Midtown MARTA,Krog Street Market,casual,33.35,7,4
R102756,2026-06-28 13:27:00,2026-06-28 13:32:37,Atlantic Station,Ponce City Market,member,5.616666666666666,13,6
R105623,2026-07-27 06:11:00,2026-07-27 06:30:19,Georgia State University,Atlantic Station,casual,19.316666666666666,6,0
R103156,2026-07-02 16:53:00,2026-07-02 16:59:56,Atlantic Station,Ponce City Market,member,6.933333333333334,16,3
R102879,2026-06-29 11:21:00,2026-06-29 11:41:33,Georgia State University,Ponce City Market,casual,20.55,11,0
R104921,2026-07-20 19:32:00,2026-07-20 19:35:03,Midtown MARTA,Ponce City Market,casual,3.05,19,0
R100079,2026-06-01 08:44:00,2026-06-01 09:13:48,Ponce City Market,Piedmont Park,casual,29.8,8,0
R104485,2026-07-16 12:01:00,2026-07-16 12:06:54,Ponce City Market,Atlantic Station,member,5.9,12,3
R102499,2026-06-25 15:51:00,2026-06-25 15:58:00,Georgia State University,Ponce City Market,member,7.0,15,3
R103731,2026-07-08 00:27:00,2026-07-08 01:03:31,Midtown MARTA,Krog Street Market,casual,36.516666666666666,0,2
R101634,2026-06-17 06:19:00,2026-06-17 06:37:27,Atlantic Station,Midtown MARTA,casual,18.45,6,2
R104748,2026-07-18 14:29:00,2026-07-18 14:44:36,Georgia State University,Ponce City Market,member,15.6,14,5
R104591,2026-07-17 14:51:00,2026-07-17 15:09:30,Piedmont Park,Georgia State University,member,18.5,14,4
R103593,2026-07-07 06:12:00,2026-07-07 06:21:00,Georgia State University,Ponce City Market,member,9.0,6,1
R104684,2026-07-17 02:06:00,2026-07-17 02:16:34,Ponce City Market,Midtown MARTA,member,10.566666666666666,2,4
R100977,2026-06-10 08:31:00,2026-06-10 09:05:06,Atlantic Station,Georgia State University,casual,34.1,8,2
R101434,2026-06-15 20:53:00,2026-06-15 21:16:25,Ponce City Market,Midtown MARTA,casual,23.416666666666668,20,0
R103935,2026-07-10 05:01:00,2026-07-10 05:13:44,Georgia State University,Ponce City Market,member,12.733333333333333,5,4
R105391,2026-07-24 14:25:00,2026-07-24 14:39:39,Atlantic Station,Midtown MARTA,member,14.65,14,4
R105440,2026-07-25 13:04:00,2026-07-25 13:13:12,Centennial Olympic Park,Ponce City Market,member,9.2,13,5
R101864,2026-06-19 05:32:00,2026-06-19 05:42:43,Ponce City Market,Piedmont Park,member,10.716666666666667,5,4
R102243,2026-06-23 17:34:00,2026-06-23 17:42:07,Midtown MARTA,Ponce City Market,member,8.116666666666667,17,1
R103296,2026-07-04 08:44:00,2026-07-04 09:01:05,West End,Midtown MARTA,casual,17.083333333333332,8,5
R101855,2026-06-19 16:58:00,2026-06-19 17:08:05,Centennial Olympic Park,Midtown MARTA,member,10.083333333333334,16,4
R105188,2026-07-22 20:18:00,2026-07-22 20:27:36,Ponce City Market,Georgia State University,member,9.6,20,2
R101797,2026-06-18 16:30:00,2026-06-18 16:37:15,Krog Street Market,Georgia State University,member,7.25,16,3
R101174,2026-06-12 08:41:00,2026-06-12 08:43:04,Centennial Olympic Park,Midtown MARTA,member,2.066666666666667,8,4
R103781,2026-07-09 16:21:00,2026-07-09 16:33:20,Georgia State University,Atlantic Station,member,12.333333333333334,16,3
R100638,2026-06-07 17:52:00,2026-06-07 18:05:29,Ponce City Market,Midtown MARTA,member,13.483333333333333,17,6
R105439,2026-07-25 16:43:00,2026-07-25 17:01:59,Ponce City Market,Georgia State University,casual,18.983333333333334,16,5
R103155,2026-07-02 15:47:00,2026-07-02 15:56:08,Midtown MARTA,Ponce City Market,member,9.133333333333333,15,3
R103637,2026-07-07 14:47:00,2026-07-07 15:01:00,Piedmont Park,Ponce City Market,member,14.0,14,1
R105880,2026-07-29 17:46:00,2026-07-29 17:57:40,Midtown MARTA,Ponce City Market,unknown,11.666666666666666,17,2
R103712,2026-07-08 17:10:00,2026-07-08 17:31:01,Krog Street Market,Ponce City Market,member,21.016666666666666,17,2
R104474,2026-07-16 17:21:00,2026-07-16 17:33:00,Georgia State University,Midtown MARTA,casual,12.0,17,3
R102454,2026-06-24 17:19:00,2026-06-24 17:34:32,Georgia State University,Atlantic Station,member,15.533333333333333,17,2
R100074,2026-06-01 17:12:00,2026-06-01 17:24:24,Midtown MARTA,Little Five Points,member,12.4,17,0
R105002,2026-07-20 13:32:00,2026-07-20 13:49:12,Midtown MARTA,Atlantic Station,member,17.2,13,0
R105023,2026-07-20 11:27:00,2026-07-20 11:39:03,Little Five Points,Midtown MARTA,member,12.05,11,0
R100440,2026-06-05 03:54:00,2026-06-05 04:17:00,Ponce City Market,Atlantic Station,casual,23.0,3,4
R105041,2026-07-21 18:47:00,2026-07-21 19:01:00,Ponce City Market,Little Five Points,member,14.0,18,1
R102550,2026-06-25 16:28:00,2026-06-25 16:45:00,Midtown MARTA,Ponce City Market,member,17.0,16,3
R105632,2026-07-27 17:53:00,2026-07-27 18:02:00,Centennial Olympic Park,Atlantic Station,member,9.0,17,0
R101520,2026-06-15 18:34:00,2026-06-15 19:08:10,Georgia State University,Piedmont Park,casual,34.166666666666664,18,0
R101648,2026-06-17 06:08:00,2026-06-17 06:21:09,Piedmont Park,Georgia State University,member,13.15,6,2
R101726,2026-06-18 07:59:00,2026-06-18 08:26:48,Ponce City Market,Piedmont Park,casual,27.8,7,3
R103966,2026-07-10 17:46:00,2026-07-10 17:50:00,Piedmont Park,Midtown MARTA,casual,4.0,17,4
R105536,2026-07-26 10:09:00,2026-07-26 10:24:55,Atlantic Station,Ponce City Market,member,15.916666666666666,10,6
R103918,2026-07-10 18:10:00,2026-07-10 18:19:51,Ponce City Market,Atlantic Station,member,9.85,18,4
R102245,2026-06-23 16:46:00,2026-06-23 16:47:00,Midtown MARTA,Georgia State University,member,1.0,16,1
R105159,2026-07-22 16:10:00,2026-07-22 16:24:27,Centennial Olympic Park,Ponce City Market,member,14.45,16,2
R102273,2026-06-23 09:54:00,2026-06-23 10:12:47,Krog Street Market,Georgia State University,casual,18.783333333333335,9,1
R100979,2026-06-10 18:53:00,2026-06-10 19:31:00,Midtown MARTA,Georgia State University,casual,38.0,18,2
R105290,2026-07-23 09:54:00,2026-07-23 09:57:53,Ponce City Market,Grant Park,casual,3.8833333333333333,9,3
R101614,2026-06-17 05:53:00,2026-06-17 06:05:00,Midtown MARTA,Ponce City Market,member,12.0,5,2
R100755,2026-06-08 09:46:00,2026-06-08 09:59:08,Ponce City Market,Centennial Olympic Park,member,13.133333333333333,9,0
R101728,2026-06-18 09:29:00,2026-06-18 09:39:00,Atlantic Station,Centennial Olympic Park,member,10.0,9,3
R103509,2026-07-06 11:22:00,2026-07-06 11:50:00,Midtown MARTA,Centennial Olympic Park,unknown,28.0,11,0
R100017,2026-06-01 20:05:00,2026-06-01 20:37:00,Midtown MARTA,Georgia State University,casual,32.0,20,0
R100387,2026-06-04 11:57:00,2026-06-04 12:06:00,Georgia State University,Piedmont Park,member,9.0,11,3
R103600,2026-07-07 21:14:00,2026-07-07 21:25:00,Ponce City Market,Midtown MARTA,casual,11.0,21,1
R105839,2026-07-29 19:28:00,2026-07-29 19:31:53,Grant Park,Georgia State University,member,3.8833333333333333,19,2
R101954,2026-06-20 17:29:00,2026-06-20 18:00:47,Ponce City Market,Georgia State University,casual,31.783333333333335,17,5
R100271,2026-06-03 22:15:00,2026-06-03 22:26:35,Georgia State University,Midtown MARTA,member,11.583333333333334,22,2
R102202,2026-06-22 14:05:00,2026-06-22 14:11:00,Atlantic Station,Georgia State University,member,6.0,14,0
R104779,2026-07-18 10:34:00,2026-07-18 11:05:43,Midtown MARTA,Ponce City Market,casual,31.716666666666665,10,5
R100373,2026-06-04 17:21:00,2026-06-04 17:29:22,Centennial Olympic Park,Midtown MARTA,casual,8.366666666666667,17,3
R105699,2026-07-27 17:19:00,2026-07-27 17:21:29,Piedmont Park,Georgia State University,casual,2.4833333333333334,17,0
R102174,2026-06-22 08:19:00,2026-06-22 08:34:25,Midtown MARTA,Georgia State University,member,15.416666666666666,8,0
R105122,2026-07-21 20:53:00,2026-07-21 21:06:54,Midtown MARTA,Krog Street Market,member,13.9,20,1
R100517,2026-06-05 16:38:00,2026-06-05 16:54:51,Georgia State University,Midtown MARTA,member,16.85,16,4
R101170,2026-06-12 17:48:00,2026-06-12 17:57:00,Midtown MARTA,Ponce City Market,member,9.0,17,4
R102381,2026-06-24 16:35:00,2026-06-24 16:39:00,Ponce City Market,Atlantic Station,member,4.0,16,2
R100691,2026-06-07 13:48:00,2026-06-07 14:26:00,Georgia State University,Ponce City Market,casual,38.0,13,6
R101541,2026-06-16 16:28:00,2026-06-16 16:44:57,Ponce City Market,Grant Park,casual,16.95,16,1
R102752,2026-06-28 18:43:00,2026-06-28 18:50:54,Little Five Points,Georgia State University,member,7.9,18,6
R105563,2026-07-26 19:58:00,2026-07-26 20:10:33,Ponce City Market,Centennial Olympic Park,member,12.55,19,6
R101389,2026-06-14 11:03:00,2026-06-14 11:17:46,Ponce City Market,Midtown MARTA,member,14.766666666666667,11,6
R100222,2026-06-03 07:41:00,2026-06-03 07:47:27,Midtown MARTA,Georgia State University,member,6.45,7,2
R101396,2026-06-14 16:40:00,2026-06-14 16:48:55,Georgia State University,Atlantic Station,member,8.916666666666666,16,6
R102635,2026-06-26 06:53:00,2026-06-26 07:14:04,Piedmont Park,Georgia State University,casual,21.066666666666666,6,4
R105825,2026-07-29 06:05:00,2026-07-29 06:16:00,Piedmont Park,Midtown MARTA,member,11.0,6,2
R103451,2026-07-05 07:57:00,2026-07-05 08:18:00,Midtown MARTA,Ponce City Market,casual,21.0,7,6
R102262,2026-06-23 03:27:00,2026-06-23 03:31:00,West End,Midtown MARTA,member,4.0,3,1
R103926,2026-07-10 06:46:00,2026-07-10 07:11:00,Centennial Olympic Park,Krog Street Market,casual,25.0,6,4
R100434,2026-06-05 07:54:00,2026-06-05 08:00:36,Ponce City Market,Little Five Points,member,6.6,7,4
R105757,2026-07-28 08:47:00,2026-07-28 09:21:00,Midtown MARTA,Ponce City Market,casual,34.0,8,1
R101960,2026-06-20 19:55:00,2026-06-20 20:31:58,Ponce City Market,Midtown MARTA,casual,36.96666666666667,19,5
R101461,2026-06-15 07:34:00,2026-06-15 07:57:48,Ponce City Market,Atlantic Station,casual,23.8,7,0
R101849,2026-06-19 07:19:00,2026-06-19 07:45:00,Krog Street Market,Ponce City Market,casual,26.0,7,4
R105655,2026-07-27 16:54:00,2026-07-27 17:21:18,Ponce City Market,Midtown MARTA,casual,27.3,16,0
R102225,2026-06-22 15:02:00,2026-06-22 15:11:00,Ponce City Market,Krog Street Market,member,9.0,15,0
R104826,2026-07-19 06:13:00,2026-07-19 06:39:00,Midtown MARTA,Krog Street Market,casual,26.0,6,6
R102956,2026-06-30 07:49:00,2026-06-30 08:02:00,Midtown MARTA,Atlantic Station,member,13.0,7,1
R101203,2026-06-12 17:40:00,2026-06-12 17:55:07,Georgia State University,Atlantic Station,member,15.116666666666667,17,4
R101617,2026-06-17 19:48:00,2026-06-17 20:05:07,Midtown MARTA,Georgia State University,member,17.116666666666667,19,2
R104153,2026-07-12 13:32:00,2026-07-12 13:55:00,Georgia State University,Midtown MARTA,casual,23.0,13,6
R105955,2026-07-30 00:28:00,2026-07-30 00:46:00,Atlantic Station,Georgia State University,member,18.0,0,3
R103434,2026-07-05 18:15:00,2026-07-05 18:33:00,Ponce City Market,Atlantic Station,casual,18.0,18,6
R100940,2026-06-10 23:37:00,2026-06-10 23:48:40,Georgia State University,Midtown MARTA,member,11.666666666666666,23,2
R101247,2026-06-12 13:38:00,2026-06-12 13:57:02,Ponce City Market,Centennial Olympic Park,casual,19.033333333333335,13,4
R105111,2026-07-21 17:46:00,2026-07-21 17:52:00,Midtown MARTA,Centennial Olympic Park,member,6.0,17,1
R104731,2026-07-18 13:04:00,2026-07-18 13:36:43,Atlantic Station,Piedmont Park,casual,32.71666666666667,13,5
R100136,2026-06-02 17:52:00,2026-06-02 18:04:00,Ponce City Market,Grant Park,member,12.0,17,1
R100616,2026-06-07 08:29:00,2026-06-07 08:56:15,Midtown MARTA,Ponce City Market,casual,27.25,8,6
R105374,2026-07-24 12:16:00,2026-07-24 12:26:45,Ponce City Market,Midtown MARTA,member,10.75,12,4
R105858,2026-07-29 18:32:00,2026-07-29 18:44:45,Krog Street Market,Midtown MARTA,casual,12.75,18,2
R105242,2026-07-23 08:27:00,2026-07-23 08:32:05,Georgia State University,Ponce City Market,member,5.083333333333333,8,3
R101257,2026-06-13 14:11:00,2026-06-13 14:25:40,Little Five Points,Ponce City Market,casual,14.666666666666666,14,5
R105876,2026-07-29 08:11:00,2026-07-29 08:21:58,Midtown MARTA,Ponce City Market,member,10.966666666666667,8,2
R101635,2026-06-17 18:42:00,2026-06-17 18:55:35,Grant Park,Midtown MARTA,member,13.583333333333334,18,2
R101753,2026-06-18 16:03:00,2026-06-18 16:07:26,Georgia State University,Atlantic Station,member,4.433333333333334,16,3
R100259,2026-06-03 16:51:00,2026-06-03 16:54:31,Ponce City Market,Midtown MARTA,member,3.5166666666666666,16,2
R101297,2026-06-13 14:34:00,2026-06-13 14:43:07,Centennial Olympic Park,Unknown,member,9.116666666666667,14,5
R103788,2026-07-09 18:59:00,2026-07-09 19:05:00,Georgia State University,Atlantic Station,member,6.0,18,3
R101115,2026-06-11 10:48:00,2026-06-11 11:04:15,Centennial Olympic Park,West End,casual,16.25,10,3
R104812,2026-07-19 15:54:00,2026-07-19 16:09:59,Centennial Olympic Park,Midtown MARTA,member,15.983333333333333,15,6
R102772,2026-06-28 14:47:00,2026-06-28 14:54:10,Piedmont Park,Midtown MARTA,member,7.166666666666667,14,6
R100766,2026-06-08 16:02:00,2026-06-08 16:11:22,Midtown MARTA,Georgia State University,member,9.366666666666667,16,0
R100105,2026-06-01 07:49:00,2026-06-01 07:57:26,Ponce City Market,Midtown MARTA,member,8.433333333333334,7,0
R100154,2026-06-02 07:28:00,2026-06-02 07:32:57,Midtown MARTA,Georgia State University,member,4.95,7,1
R104174,2026-07-12 12:53:00,2026-07-12 12:57:00,Krog Street Market,Georgia State University,member,4.0,12,6
R102520,2026-06-25 07:55:00,2026-06-25 08:28:00,Georgia State University,Unknown,casual,33.0,7,3
R102069,2026-06-21 13:22:00,2026-06-21 13:40:28,Midtown MARTA,Atlantic Station,casual,18.466666666666665,13,6
R104069,2026-07-11 21:52:00,2026-07-11 22:09:00,Little Five Points,Midtown MARTA,member,17.0,21,5
R103597,2026-07-07 15:27:00,2026-07-07 15:56:53,Centennial Olympic Park,Unknown,casual,29.883333333333333,15,1
R104682,2026-07-17 11:35:00,2026-07-17 12:22:47,Midtown MARTA,Ponce City Market,casual,47.78333333333333,11,4
R102258,2026-06-23 08:59:00,2026-06-23 09:09:36,Atlantic Station,Midtown MARTA,member,10.6,8,1
R102059,2026-06-21 16:47:00,2026-06-21 16:56:00,Krog Street Market,Midtown MARTA,member,9.0,16,6
R104562,2026-07-16 01:57:00,2026-07-16 02:22:06,Georgia State University,Piedmont Park,casual,25.1,1,3
R105389,2026-07-24 09:50:00,2026-07-24 10:17:20,Atlantic Station,Midtown MARTA,casual,27.333333333333332,9,4
R103454,2026-07-05 09:45:00,2026-07-05 10:08:00,Piedmont Park,Midtown MARTA,casual,23.0,9,6
R105179,2026-07-22 08:34:00,2026-07-22 08:49:17,Midtown MARTA,Ponce City Market,member,15.283333333333333,8,2
R103099,2026-07-02 08:02:00,2026-07-02 08:15:12,Centennial Olympic Park,Ponce City Market,member,13.2,8,3
R104335,2026-07-14 17:04:00,2026-07-14 17:13:01,Ponce City Market,Georgia State University,member,9.016666666666667,17,1
R104275,2026-07-14 07:46:00,2026-07-14 08:08:00,Centennial Olympic Park,Midtown MARTA,casual,22.0,7,1
R105893,2026-07-29 17:27:00,2026-07-29 17:36:33,Ponce City Market,Centennial Olympic Park,member,9.55,17,2
R105134,2026-07-21 20:03:00,2026-07-21 20:12:44,Georgia State University,Midtown MARTA,member,9.733333333333333,20,1
R105714,2026-07-27 18:29:00,2026-07-27 18:34:00,Grant Park,Ponce City Market,member,5.0,18,0
R102029,2026-06-21 16:27:00,2026-06-21 16:48:08,Georgia State University,Piedmont Park,casual,21.133333333333333,16,6
R105001,2026-07-20 15:08:00,2026-07-20 15:21:44,Atlantic Station,Midtown MARTA,member,13.733333333333333,15,0
R102828,2026-06-28 14:48:00,2026-06-28 14:56:03,Georgia State University,Midtown MARTA,member,8.05,14,6
R105250,2026-07-23 09:51:00,2026-07-23 10:13:57,Georgia State University,Centennial Olympic Park,casual,22.95,9,3
R100867,2026-06-09 15:31:00,2026-06-09 15:38:00,Atlantic Station,Georgia State University,member,7.0,15,1
R102068,2026-06-21 07:29:00,2026-06-21 07:42:00,Midtown MARTA,Ponce City Market,casual,13.0,7,6
R105003,2026-07-20 18:27:00,2026-07-20 18:34:00,Piedmont Park,Krog Street Market,member,7.0,18,0
R101479,2026-06-15 07:36:00,2026-06-15 07:49:38,Ponce City Market,Krog Street Market,member,13.633333333333333,7,0
R104075,2026-07-11 12:34:00,2026-07-11 12:47:24,Midtown MARTA,Ponce City Market,casual,13.4,12,5
R103450,2026-07-05 15:09:00,2026-07-05 15:24:02,Piedmont Park,Centennial Olympic Park,member,15.033333333333333,15,6
R105509,2026-07-26 08:31:00,2026-07-26 09:04:00,Ponce City Market,Midtown MARTA,casual,33.0,8,6
R104631,2026-07-17 11:30:00,2026-07-17 11:44:02,Midtown MARTA,West End,member,14.033333333333333,11,4
R105947,2026-07-30 15:16:00,2026-07-30 15:23:24,Grant Park,Atlantic Station,member,7.4,15,3
R101545,2026-06-16 17:41:00,2026-06-16 17:52:37,Grant Park,Ponce City Market,member,11.616666666666667,17,1
R103543,2026-07-06 15:06:00,2026-07-06 15:16:48,Centennial Olympic Park,Ponce City Market,member,10.8,15,0
R104329,2026-07-14 20:19:00,2026-07-14 20:33:00,Ponce City Market,Georgia State University,member,14.0,20,1
R100330,2026-06-04 15:42:00,2026-06-04 15:50:23,Georgia State University,Ponce City Market,member,8.383333333333333,15,3
R102526,2026-06-25 08:29:00,2026-06-25 08:47:31,Midtown MARTA,Ponce City Market,member,18.516666666666666,8,3
R102074,2026-06-21 01:57:00,2026-06-21 02:08:59,Centennial Olympic Park,Midtown MARTA,member,11.983333333333333,1,6
R103216,2026-07-03 16:26:00,2026-07-03 16:27:00,Little Five Points,Midtown MARTA,casual,1.0,16,4
R102593,2026-06-26 16:25:00,2026-06-26 16:38:59,Ponce City Market,Midtown MARTA,member,13.983333333333333,16,4
R101293,2026-06-13 10:20:00,2026-06-13 10:39:28,Midtown MARTA,Centennial Olympic Park,casual,19.466666666666665,10,5
R101833,2026-06-19 10:45:00,2026-06-19 10:49:40,Midtown MARTA,Grant Park,casual,4.666666666666667,10,4
R102045,2026-06-21 09:07:00,2026-06-21 09:25:00,Ponce City Market,Midtown MARTA,casual,18.0,9,6
R102255,2026-06-23 07:05:00,2026-06-23 07:13:00,Midtown MARTA,Centennial Olympic Park,member,8.0,7,1
R102443,2026-06-24 06:37:00,2026-06-24 06:44:12,Krog Street Market,Ponce City Market,member,7.2,6,2
R105204,2026-07-22 12:38:00,2026-07-22 12:50:23,Centennial Olympic Park,Little Five Points,member,12.383333333333333,12,2
R101408,2026-06-14 00:31:00,2026-06-14 00:48:01,Piedmont Park,Ponce City Market,member,17.016666666666666,0,6
R102110,2026-06-21 07:13:00,2026-06-21 07:22:00,Midtown MARTA,Ponce City Market,casual,9.0,7,6
R102308,2026-06-23 10:22:00,2026-06-23 10:40:31,Midtown MARTA,Centennial Olympic Park,member,18.516666666666666,10,1
R101746,2026-06-18 18:45:00,2026-06-18 19:01:29,Midtown MARTA,Ponce City Market,member,16.483333333333334,18,3
R105577,2026-07-26 11:41:00,2026-07-26 12:02:48,Atlantic Station,Midtown MARTA,casual,21.8,11,6
R101701,2026-06-17 07:00:00,2026-06-17 07:11:00,Georgia State University,Ponce City Market,member,11.0,7,2
R102749,2026-06-28 12:49:00,2026-06-28 12:59:04,Ponce City Market,Centennial Olympic Park,member,10.066666666666666,12,6
R101087,2026-06-11 17:11:00,2026-06-11 17:13:00,Midtown MARTA,Georgia State University,member,2.0,17,3
R104905,2026-07-19 15:42:00,2026-07-19 15:53:06,Ponce City Market,Centennial Olympic Park,member,11.1,15,6
R105746,2026-07-28 01:55:00,2026-07-28 02:03:00,Ponce City Market,Atlantic Station,member,8.0,1,1
R103790,2026-07-09 18:22:00,2026-07-09 18:43:00,Little Five Points,Centennial Olympic Park,casual,21.0,18,3
R103592,2026-07-07 07:35:00,2026-07-07 07:39:20,Georgia State University,Midtown MARTA,member,4.333333333333333,7,1
R102608,2026-06-26 19:50:00,2026-06-26 20:01:00,Centennial Olympic Park,Krog Street Market,member,11.0,19,4
R104284,2026-07-14 17:35:00,2026-07-14 17:43:59,Midtown MARTA,Georgia State University,member,8.983333333333333,17,1
R101211,2026-06-12 12:37:00,2026-06-12 12:53:50,Centennial Olympic Park,Ponce City Market,member,16.833333333333332,12,4
R101767,2026-06-18 07:51:00,2026-06-18 07:59:00,Georgia State University,Midtown MARTA,member,8.0,7,3
R103035,2026-07-01 13:07:00,2026-07-01 13:11:41,Piedmont Park,Ponce City Market,member,4.683333333333334,13,2
R101239,2026-06-12 08:33:00,2026-06-12 08:48:30,Centennial Olympic Park,Midtown MARTA,member,15.5,8,4
R105349,2026-07-24 02:35:00,2026-07-24 02:46:00,Midtown MARTA,Krog Street Market,member,11.0,2,4
R103098,2026-07-01 16:00:00,2026-07-01 16:02:35,Midtown MARTA,Georgia State University,casual,2.5833333333333335,16,2
R102148,2026-06-22 14:59:00,2026-06-22 15:06:35,Ponce City Market,Atlantic Station,member,7.583333333333333,14,0
R104435,2026-07-15 17:34:00,2026-07-15 17:42:15,Centennial Olympic Park,Ponce City Market,member,8.25,17,2
R101328,2026-06-13 00:59:00,2026-06-13 01:04:49,Krog Street Market,Georgia State University,member,5.816666666666666,0,5
R102505,2026-06-25 21:58:00,2026-06-25 22:15:00,Georgia State University,Ponce City Market,member,17.0,21,3
R104861,2026-07-19 15:05:00,2026-07-19 15:29:34,Ponce City Market,West End,casual,24.566666666666666,15,6
R101123,2026-06-11 19:14:00,2026-06-11 19:22:00,Krog Street Market,Ponce City Market,member,8.0,19,3
R101611,2026-06-17 07:58:00,2026-06-17 08:10:55,Little Five Points,Piedmont Park,member,12.916666666666666,7,2
R104789,2026-07-18 11:59:00,2026-07-18 12:04:29,Ponce City Market,Krog Street Market,member,5.483333333333333,11,5
R104155,2026-07-12 10:11:00,2026-07-12 10:24:23,Ponce City Market,Georgia State University,member,13.383333333333333,10,6
R101475,2026-06-15 18:30:00,2026-06-15 18:45:00,Midtown MARTA,Georgia State University,casual,15.0,18,0
R102807,2026-06-28 12:40:00,2026-06-28 12:49:00,Midtown MARTA,Ponce City Market,casual,9.0,12,6
R100406,2026-06-04 16:53:00,2026-06-04 17:36:30,Georgia State University,Ponce City Market,casual,43.5,16,3
R100319,2026-06-04 07:31:00,2026-06-04 07:43:48,Centennial Olympic Park,Piedmont Park,member,12.8,7,3
R103235,2026-07-03 09:32:00,2026-07-03 09:45:00,Centennial Olympic Park,Midtown MARTA,member,13.0,9,4
R105300,2026-07-23 06:26:00,2026-07-23 06:39:11,Atlantic Station,Little Five Points,member,13.183333333333334,6,3
R105935,2026-07-30 08:17:00,2026-07-30 08:28:39,Midtown MARTA,Ponce City Market,member,11.65,8,3
R100688,2026-06-07 19:10:00,2026-06-07 19:24:12,Ponce City Market,Georgia State University,member,14.2,19,6
R102030,2026-06-21 12:39:00,2026-06-21 12:50:37,Midtown MARTA,Atlantic Station,member,11.616666666666667,12,6
R102894,2026-06-29 18:07:00,2026-06-29 18:14:18,Ponce City Market,Midtown MARTA,member,7.3,18,0
R104606,2026-07-17 15:05:00,2026-07-17 15:20:00,Georgia State University,Ponce City Market,member,15.0,15,4
R102495,2026-06-25 07:53:00,2026-06-25 08:06:09,Ponce City Market,Centennial Olympic Park,member,13.15,7,3
R103466,2026-07-06 07:30:00,2026-07-06 07:45:03,Centennial Olympic Park,Midtown MARTA,member,15.05,7,0
R104271,2026-07-14 08:12:00,2026-07-14 08:23:00,Midtown MARTA,Ponce City Market,member,11.0,8,1
R103382,2026-07-05 22:55:00,2026-07-05 23:10:08,Centennial Olympic Park,Midtown MARTA,member,15.133333333333333,22,6
R104494,2026-07-16 19:48:00,2026-07-16 20:11:00,Midtown MARTA,Ponce City Market,casual,23.0,19,3
R101749,2026-06-18 21:14:00,2026-06-18 21:28:34,Ponce City Market,Atlantic Station,unknown,14.566666666666666,21,3
R102084,2026-06-21 11:05:00,2026-06-21 11:27:00,Midtown MARTA,Piedmont Park,casual,22.0,11,6
R103783,2026-07-09 11:47:00,2026-07-09 11:59:32,Ponce City Market,Centennial Olympic Park,member,12.533333333333333,11,3
R102765,2026-06-28 22:52:00,2026-06-28 23:10:00,Krog Street Market,Midtown MARTA,casual,18.0,22,6
R101997,2026-06-20 07:17:00,2026-06-20 07:20:40,Atlantic Station,Unknown,member,3.6666666666666665,7,5
R100211,2026-06-03 18:10:00,2026-06-03 18:16:27,Krog Street Market,Midtown MARTA,member,6.45,18,2
R102501,2026-06-25 09:22:00,2026-06-25 09:36:00,Georgia State University,Atlantic Station,member,14.0,9,3
R105830,2026-07-29 15:24:00,2026-07-29 15:55:00,Centennial Olympic Park,Georgia State University,casual,31.0,15,2
R100929,2026-06-10 11:30:00,2026-06-10 11:37:00,Midtown MARTA,Ponce City Market,member,7.0,11,2
R101663,2026-06-17 13:38:00,2026-06-17 13:43:52,Grant Park,Midtown MARTA,member,5.866666666666666,13,2
R101336,2026-06-14 13:46:00,2026-06-14 14:28:59,Ponce City Market,Midtown MARTA,casual,42.983333333333334,13,6
R102087,2026-06-21 14:10:00,2026-06-21 14:16:36,Ponce City Market,Midtown MARTA,member,6.6,14,6
R101269,2026-06-13 13:08:00,2026-06-13 13:18:25,Midtown MARTA,Ponce City Market,member,10.416666666666666,13,5
R104369,2026-07-14 07:08:00,2026-07-14 07:17:41,Midtown MARTA,Ponce City Market,member,9.683333333333334,7,1
R104927,2026-07-20 21:35:00,2026-07-20 21:40:00,Centennial Olympic Park,Atlantic Station,casual,5.0,21,0
R102015,2026-06-21 17:39:00,2026-06-21 17:52:00,Ponce City Market,Centennial Olympic Park,member,13.0,17,6
R100573,2026-06-06 09:07:00,2026-06-06 09:41:10,Centennial Olympic Park,Ponce City Market,casual,34.166666666666664,9,5
R103000,2026-06-30 19:34:00,2026-06-30 19:45:00,Midtown MARTA,Ponce City Market,member,11.0,19,1
R101558,2026-06-16 09:58:00,2026-06-16 10:01:12,Midtown MARTA,Centennial Olympic Park,member,3.2,9,1
R103627,2026-07-07 08:29:00,2026-07-07 08:41:20,Ponce City Market,Krog Street Market,member,12.333333333333334,8,1
R104991,2026-07-20 05:38:00,2026-07-20 05:46:00,Georgia State University,Centennial Olympic Park,member,8.0,5,0
R103957,2026-07-10 07:35:00,2026-07-10 07:46:01,West End,Centennial Olympic Park,member,11.016666666666667,7,4
R104145,2026-07-12 15:50:00,2026-07-12 15:55:52,Midtown MARTA,Ponce City Market,member,5.866666666666666,15,6
R100984,2026-06-10 21:05:00,2026-06-10 21:19:58,Ponce City Market,Atlantic Station,member,14.966666666666667,21,2
R100426,2026-06-05 05:06:00,2026-06-05 05:32:00,Midtown MARTA,Ponce City Market,casual,26.0,5,4
R101947,2026-06-20 13:33:00,2026-06-20 14:01:14,Midtown MARTA,Ponce City Market,casual,28.233333333333334,13,5
R102023,2026-06-21 00:39:00,2026-06-21 00:46:00,Midtown MARTA,Georgia State University,member,7.0,0,6
R103144,2026-07-02 07:11:00,2026-07-02 07:19:16,Ponce City Market,Krog Street Market,member,8.266666666666667,7,3
R102802,2026-06-28 15:53:00,2026-06-28 16:03:27,Midtown MARTA,Centennial Olympic Park,member,10.45,15,6
R100204,2026-06-02 07:48:00,2026-06-02 08:02:44,Krog Street Market,Midtown MARTA,member,14.733333333333333,7,1
R103747,2026-07-08 22:50:00,2026-07-08 22:56:00,Georgia State University,Ponce City Market,member,6.0,22,2
R105808,2026-07-29 08:42:00,2026-07-29 08:55:00,Midtown MARTA,Georgia State University,member,13.0,8,2
R102967,2026-06-30 18:05:00,2026-06-30 18:18:48,Midtown MARTA,Ponce City Market,member,13.8,18,1
R102878,2026-06-29 17:43:00,2026-06-29 17:49:00,Centennial Olympic Park,Ponce City Market,member,6.0,17,0
R102582,2026-06-26 20:19:00,2026-06-26 20:29:00,Georgia State University,Midtown MARTA,member,10.0,20,4
R105052,2026-07-21 11:27:00,2026-07-21 11:38:14,West End,Georgia State University,member,11.233333333333333,11,1
R101667,2026-06-17 18:39:00,2026-06-17 18:53:24,Midtown MARTA,Grant Park,member,14.4,18,2
R102684,2026-06-27 14:33:00,2026-06-27 14:34:00,Georgia State University,Piedmont Park,member,1.0,14,5
R100555,2026-06-06 19:27:00,2026-06-06 19:31:31,Ponce City Market,Georgia State University,casual,4.516666666666667,19,5
R105026,2026-07-20 16:26:00,2026-07-20 16:44:30,Midtown MARTA,Georgia State University,casual,18.5,16,0
R101063,2026-06-11 08:56:00,2026-06-11 09:09:13,Midtown MARTA,Piedmont Park,member,13.216666666666667,8,3
R103292,2026-07-04 14:03:00,2026-07-04 14:14:32,Atlantic Station,Ponce City Market,member,11.533333333333333,14,5
R105734,2026-07-28 13:38:00,2026-07-28 14:09:00,Midtown MARTA,Centennial Olympic Park,casual,31.0,13,1
R103260,2026-07-03 08:34:00,2026-07-03 08:43:51,Ponce City Market,Little Five Points,member,9.85,8,4
R103297,2026-07-04 19:12:00,2026-07-04 19:21:31,Georgia State University,Midtown MARTA,member,9.516666666666667,19,5
R102921,2026-06-29 07:47:00,2026-06-29 07:56:08,Ponce City Market,Piedmont Park,member,9.133333333333333,7,0
R102917,2026-06-29 14:02:00,2026-06-29 14:18:11,Krog Street Market,Georgia State University,member,16.183333333333334,14,0
R103671,2026-07-08 18:33:00,2026-07-08 19:10:00,Ponce City Market,Centennial Olympic Park,casual,37.0,18,2
R105498,2026-07-26 10:15:00,2026-07-26 10:41:48,Centennial Olympic Park,Georgia State University,casual,26.8,10,6
R100234,2026-06-03 23:33:00,2026-06-03 23:47:00,Georgia State University,Centennial Olympic Park,member,14.0,23,2
R100388,2026-06-04 17:52:00,2026-06-04 18:02:00,Centennial Olympic Park,Midtown MARTA,member,10.0,17,3
R102909,2026-06-29 15:55:00,2026-06-29 16:12:00,Georgia State University,Ponce City Market,member,17.0,15,0
R100671,2026-06-07 15:19:00,2026-06-07 15:36:15,Atlantic Station,Centennial Olympic Park,member,17.25,15,6
R103092,2026-07-01 23:03:00,2026-07-01 23:20:26,Centennial Olympic Park,Ponce City Market,member,17.433333333333334,23,2
R102916,2026-06-29 18:13:00,2026-06-29 18:26:24,Midtown MARTA,Piedmont Park,member,13.4,18,0
R102056,2026-06-21 11:26:00,2026-06-21 11:33:50,Piedmont Park,Grant Park,member,7.833333333333333,11,6
R102702,2026-06-27 10:41:00,2026-06-27 10:51:46,Ponce City Market,Grant Park,member,10.766666666666667,10,5
R103624,2026-07-07 16:08:00,2026-07-07 16:20:00,Georgia State University,Centennial Olympic Park,member,12.0,16,1
R104783,2026-07-18 04:49:00,2026-07-18 05:24:14,Krog Street Market,Centennial Olympic Park,casual,35.233333333333334,4,5
R102294,2026-06-23 08:57:00,2026-06-23 09:04:11,Centennial Olympic Park,Midtown MARTA,member,7.183333333333334,8,1
R104640,2026-07-17 19:44:00,2026-07-17 19:52:48,Atlantic Station,Georgia State University,member,8.8,19,4
R100813,2026-06-09 06:08:00,2026-06-09 06:19:40,Krog Street Market,Grant Park,casual,11.666666666666666,6,1
R100007,2026-06-01 17:21:00,2026-06-01 17:25:30,Georgia State University,Ponce City Market,member,4.5,17,0
R104439,2026-07-15 08:53:00,2026-07-15 09:01:36,Centennial Olympic Park,Ponce City Market,member,8.6,8,2
R101625,2026-06-17 13:42:00,2026-06-17 13:51:11,Centennial Olympic Park,Atlantic Station,member,9.183333333333334,13,2
R104170,2026-07-12 13:53:00,2026-07-12 14:05:26,Centennial Olympic Park,Midtown MARTA,member,12.433333333333334,13,6
R100741,2026-06-08 07:40:00,2026-06-08 07:45:18,Ponce City Market,Grant Park,member,5.3,7,0
R105990,2026-07-30 17:35:00,2026-07-30 17:48:55,Centennial Olympic Park,Atlantic Station,casual,13.916666666666666,17,3
R100529,2026-06-06 11:04:00,2026-06-06 11:14:39,Midtown MARTA,Piedmont Park,member,10.65,11,5
R101961,2026-06-20 14:48:00,2026-06-20 14:50:00,Georgia State University,Ponce City Market,casual,2.0,14,5
R104761,2026-07-18 17:31:00,2026-07-18 18:04:30,Atlantic Station,Georgia State University,casual,33.5,17,5
R104113,2026-07-12 09:15:00,2026-07-12 09:26:28,Little Five Points,Midtown MARTA,casual,11.466666666666667,9,6
R100184,2026-06-02 20:43:00,2026-06-02 21:08:03,West End,Midtown MARTA,casual,25.05,20,1
R105956,2026-07-30 15:16:00,2026-07-30 15:34:00,Krog Street Market,Georgia State University,member,18.0,15,3
R103574,2026-07-07 17:03:00,2026-07-07 17:17:00,Ponce City Market,Midtown MARTA,member,14.0,17,1
R104385,2026-07-15 16:30:00,2026-07-15 16:42:45,Georgia State University,Midtown MARTA,member,12.75,16,2
R103823,2026-07-09 21:56:00,2026-07-09 22:09:29,Ponce City Market,Atlantic Station,member,13.483333333333333,21,3
R103321,2026-07-04 12:47:00,2026-07-04 13:14:00,Georgia State University,Midtown MARTA,casual,27.0,12,5
R100626,2026-06-07 22:27:00,2026-06-07 22:37:14,Georgia State University,Ponce City Market,member,10.233333333333333,22,6
R100576,2026-06-06 17:57:00,2026-06-06 18:15:43,Georgia State University,Midtown MARTA,casual,18.716666666666665,17,5
R105009,2026-07-20 08:37:00,2026-07-20 08:47:10,Midtown MARTA,Atlantic Station,member,10.166666666666666,8,0
R104331,2026-07-14 16:20:00,2026-07-14 16:29:00,Midtown MARTA,Atlantic Station,member,9.0,16,1
R100300,2026-06-03 08:48:00,2026-06-03 09:21:35,Ponce City Market,Krog Street Market,casual,33.583333333333336,8,2
R100935,2026-06-10 18:18:00,2026-06-10 18:30:19,Georgia State University,Centennial Olympic Park,member,12.316666666666666,18,2
R105627,2026-07-27 17:44:00,2026-07-27 17:53:55,Atlantic Station,Little Five Points,member,9.916666666666666,17,0
R105737,2026-07-28 06:52:00,2026-07-28 06:59:00,Centennial Olympic Park,Ponce City Market,member,7.0,6,1
R105127,2026-07-21 10:21:00,2026-07-21 10:32:59,Midtown MARTA,Georgia State University,member,11.983333333333333,10,1
R100016,2026-06-01 18:46:00,2026-06-01 18:52:50,Midtown MARTA,Piedmont Park,member,6.833333333333333,18,0
R104270,2026-07-14 05:35:00,2026-07-14 05:51:40,Centennial Olympic Park,Midtown MARTA,member,16.666666666666668,5,1
R105593,2026-07-26 02:31:00,2026-07-26 02:37:26,Krog Street Market,Midtown MARTA,member,6.433333333333334,2,6
R102088,2026-06-21 08:14:00,2026-06-21 08:30:37,Midtown MARTA,Centennial Olympic Park,member,16.616666666666667,8,6
R103808,2026-07-09 06:24:00,2026-07-09 06:34:00,Ponce City Market,Midtown MARTA,member,10.0,6,3
R105584,2026-07-26 18:41:00,2026-07-26 19:20:39,Georgia State University,Atlantic Station,casual,39.65,18,6
R104406,2026-07-15 09:28:00,2026-07-15 09:42:43,Krog Street Market,Piedmont Park,member,14.716666666666667,9,2
R104869,2026-07-19 12:57:00,2026-07-19 13:10:00,Georgia State University,Midtown MARTA,member,13.0,12,6
R101034,2026-06-11 10:42:00,2026-06-11 10:53:46,Midtown MARTA,Georgia State University,member,11.766666666666667,10,3
R102490,2026-06-25 18:12:00,2026-06-25 18:23:00,Ponce City Market,Georgia State University,member,11.0,18,3
R100545,2026-06-06 12:01:00,2026-06-06 12:19:25,Ponce City Market,Atlantic Station,member,18.416666666666668,12,5
R103162,2026-07-02 07:25:00,2026-07-02 07:31:10,Georgia State University,Midtown MARTA,member,6.166666666666667,7,3
R105819,2026-07-29 21:47:00,2026-07-29 22:00:23,Piedmont Park,Ponce City Market,member,13.383333333333333,21,2
R104788,2026-07-18 15:47:00,2026-07-18 15:59:29,Ponce City Market,Atlantic Station,casual,12.483333333333333,15,5
R100802,2026-06-08 08:43:00,2026-06-08 08:59:59,Atlantic Station,Ponce City Market,member,16.983333333333334,8,0
R104459,2026-07-16 07:09:00,2026-07-16 07:20:27,Ponce City Market,Midtown MARTA,member,11.45,7,3
R104296,2026-07-14 10:27:00,2026-07-14 11:02:00,Ponce City Market,Midtown MARTA,casual,35.0,10,1
R101974,2026-06-20 08:29:00,2026-06-20 08:54:04,Midtown MARTA,Centennial Olympic Park,casual,25.066666666666666,8,5
R105740,2026-07-28 08:16:00,2026-07-28 08:38:04,Centennial Olympic Park,Atlantic Station,member,22.066666666666666,8,1
R100670,2026-06-07 07:41:00,2026-06-07 07:47:24,Ponce City Market,Midtown MARTA,casual,6.4,7,6
R102576,2026-06-26 23:13:00,2026-06-26 23:32:52,Georgia State University,Ponce City Market,member,19.866666666666667,23,4
R103227,2026-07-03 07:47:00,2026-07-03 08:02:05,Krog Street Market,Midtown MARTA,member,15.083333333333334,7,4
R101029,2026-06-11 21:17:00,2026-06-11 21:32:42,Ponce City Market,Atlantic Station,member,15.7,21,3
R102849,2026-06-28 09:21:00,2026-06-28 09:53:00,Georgia State University,Midtown MARTA,casual,32.0,9,6
R101793,2026-06-18 07:34:00,2026-06-18 07:38:01,Ponce City Market,Georgia State University,member,4.016666666666667,7,3
R101322,2026-06-13 06:01:00,2026-06-13 06:18:15,Georgia State University,Midtown MARTA,member,17.25,6,5
R100152,2026-06-02 18:02:00,2026-06-02 18:05:59,Ponce City Market,Midtown MARTA,casual,3.9833333333333334,18,1
R105538,2026-07-26 14:50:00,2026-07-26 15:33:22,Midtown MARTA,Centennial Olympic Park,casual,43.36666666666667,14,6
R102637,2026-06-26 16:31:00,2026-06-26 16:46:41,Georgia State University,Centennial Olympic Park,member,15.683333333333334,16,4
R102242,2026-06-23 19:32:00,2026-06-23 19:41:16,Ponce City Market,West End,member,9.266666666666667,19,1
R105131,2026-07-21 16:12:00,2026-07-21 16:21:00,Piedmont Park,Midtown MARTA,member,9.0,16,1
R103949,2026-07-10 17:20:00,2026-07-10 17:34:26,Midtown MARTA,Atlantic Station,member,14.433333333333334,17,4
R102196,2026-06-22 07:45:00,2026-06-22 07:57:00,Piedmont Park,Georgia State University,member,12.0,7,0
R103419,2026-07-05 06:51:00,2026-07-05 06:54:00,Atlantic Station,Georgia State University,casual,3.0,6,6
R101801,2026-06-18 09:06:00,2026-06-18 09:21:57,Midtown MARTA,Georgia State University,member,15.95,9,3
R102318,2026-06-23 18:15:00,2026-06-23 18:25:20,Georgia State University,Ponce City Market,member,10.333333333333334,18,1
R105211,2026-07-22 18:18:00,2026-07-22 18:31:34,Ponce City Market,Centennial Olympic Park,member,13.566666666666666,18,2
R105051,2026-07-21 08:40:00,2026-07-21 08:52:36,Georgia State University,West End,member,12.6,8,1
R103219,2026-07-03 13:59:00,2026-07-03 14:09:01,Ponce City Market,Midtown MARTA,member,10.016666666666667,13,4
R105361,2026-07-24 18:58:00,2026-07-24 19:06:00,Atlantic Station,Midtown MARTA,member,8.0,18,4
R105977,2026-07-30 16:52:00,2026-07-30 17:05:43,Krog Street Market,Midtown MARTA,member,13.716666666666667,16,3
R103290,2026-07-04 06:51:00,2026-07-04 07:02:46,Krog Street Market,Midtown MARTA,member,11.766666666666667,6,5
R105905,2026-07-30 18:05:00,2026-07-30 18:20:20,Ponce City Market,Georgia State University,member,15.333333333333334,18,3
R103553,2026-07-06 16:08:00,2026-07-06 16:14:00,Centennial Olympic Park,Midtown MARTA,member,6.0,16,0
R105524,2026-07-26 21:59:00,2026-07-26 22:13:28,Centennial Olympic Park,Georgia State University,member,14.466666666666667,21,6
R104703,2026-07-18 05:05:00,2026-07-18 05:20:00,Midtown MARTA,Ponce City Market,member,15.0,5,5
R105756,2026-07-28 06:14:00,2026-07-28 06:29:05,Ponce City Market,Grant Park,member,15.083333333333334,6,1
R101428,2026-06-15 08:39:00,2026-06-15 08:52:28,Ponce City Market,Unknown,member,13.466666666666667,8,0
R105528,2026-07-26 07:31:00,2026-07-26 08:09:00,Ponce City Market,Centennial Olympic Park,casual,38.0,7,6
R101645,2026-06-17 18:36:00,2026-06-17 18:40:00,Ponce City Market,Georgia State University,member,4.0,18,2
R105437,2026-07-25 09:29:00,2026-07-25 09:52:07,Midtown MARTA,Atlantic Station,casual,23.116666666666667,9,5
R101375,2026-06-14 11:33:00,2026-06-14 11:54:00,Little Five Points,Ponce City Market,casual,21.0,11,6
R100349,2026-06-04 09:47:00,2026-06-04 10:03:24,Atlantic Station,Georgia State University,casual,16.4,9,3
R100488,2026-06-05 07:46:00,2026-06-05 07:57:00,Midtown MARTA,Ponce City Market,member,11.0,7,4
R100413,2026-06-04 07:49:00,2026-06-04 07:59:00,Piedmont Park,Centennial Olympic Park,member,10.0,7,3
R103810,2026-07-09 15:08:00,2026-07-09 15:16:55,Centennial Olympic Park,Ponce City Market,member,8.916666666666666,15,3
R103995,2026-07-10 17:15:00,2026-07-10 17:28:01,Georgia State University,Midtown MARTA,member,13.016666666666667,17,4
R105260,2026-07-23 16:12:00,2026-07-23 16:22:00,Georgia State University,Ponce City Market,member,10.0,16,3
R104437,2026-07-15 09:15:00,2026-07-15 09:34:38,Ponce City Market,Midtown MARTA,casual,19.633333333333333,9,2
R101859,2026-06-19 16:28:00,2026-06-19 16:57:05,Ponce City Market,Piedmont Park,casual,29.083333333333332,16,4
R105707,2026-07-27 17:03:00,2026-07-27 17:13:00,Little Five Points,Georgia State University,member,10.0,17,0
R102837,2026-06-28 22:12:00,2026-06-28 22:39:03,Centennial Olympic Park,Georgia State University,casual,27.05,22,6
R100432,2026-06-05 11:56:00,2026-06-05 12:08:57,Midtown MARTA,Georgia State University,member,12.95,11,4
R102930,2026-06-29 20:09:00,2026-06-29 20:24:09,Ponce City Market,Grant Park,member,15.15,20,0
R104622,2026-07-17 09:47:00,2026-07-17 09:55:00,Midtown MARTA,Piedmont Park,member,8.0,9,4
R100938,2026-06-10 18:06:00,2026-06-10 18:10:30,Ponce City Market,Little Five Points,member,4.5,18,2
R105216,2026-07-22 05:03:00,2026-07-22 05:21:49,Grant Park,Ponce City Market,member,18.816666666666666,5,2
R104119,2026-07-12 12:43:00,2026-07-12 12:50:00,Midtown MARTA,Ponce City Market,member,7.0,12,6
R105008,2026-07-20 08:54:00,2026-07-20 09:00:00,Piedmont Park,Atlantic Station,member,6.0,8,0
R105266,2026-07-23 07:11:00,2026-07-23 07:47:26,Little Five Points,Ponce City Market,casual,36.43333333333333,7,3
R103526,2026-07-06 16:49:00,2026-07-06 17:06:00,Georgia State University,Atlantic Station,member,17.0,16,0
R104342,2026-07-14 17:15:00,2026-07-14 17:53:34,Centennial Olympic Park,Midtown MARTA,casual,38.56666666666667,17,1
R102118,2026-06-21 08:45:00,2026-06-21 08:49:00,Midtown MARTA,Georgia State University,member,4.0,8,6
R101963,2026-06-20 12:00:00,2026-06-20 12:05:21,Georgia State University,Midtown MARTA,member,5.35,12,5
R101282,2026-06-13 18:33:00,2026-06-13 18:43:25,Midtown MARTA,Georgia State University,member,10.416666666666666,18,5
R101777,2026-06-18 20:08:00,2026-06-18 20:25:00,Ponce City Market,Atlantic Station,casual,17.0,20,3
R102335,2026-06-24 02:35:00,2026-06-24 02:46:00,Midtown MARTA,Georgia State University,member,11.0,2,2
R100094,2026-06-01 08:52:00,2026-06-01 09:09:48,Midtown MARTA,Atlantic Station,member,17.8,8,0
R103770,2026-07-08 07:45:00,2026-07-08 07:53:09,Georgia State University,Atlantic Station,member,8.15,7,2
R104305,2026-07-14 16:14:00,2026-07-14 16:26:39,Ponce City Market,Centennial Olympic Park,member,12.65,16,1
R101011,2026-06-11 15:09:00,2026-06-11 15:31:43,Georgia State University,Ponce City Market,casual,22.716666666666665,15,3
R102979,2026-06-30 09:40:00,2026-06-30 09:52:00,Ponce City Market,Atlantic Station,member,12.0,9,1
R105943,2026-07-30 06:28:00,2026-07-30 06:31:45,Georgia State University,West End,casual,3.75,6,3
R100707,2026-06-08 08:55:00,2026-06-08 09:07:26,Georgia State University,Krog Street Market,casual,12.433333333333334,8,0
R100954,2026-06-10 17:35:00,2026-06-10 17:46:26,Piedmont Park,Midtown MARTA,member,11.433333333333334,17,2
R102316,2026-06-23 08:20:00,2026-06-23 08:35:59,Georgia State University,Grant Park,member,15.983333333333333,8,1
R105801,2026-07-28 17:24:00,2026-07-28 17:25:18,Ponce City Market,Little Five Points,member,1.3,17,1
R100943,2026-06-10 08:05:00,2026-06-10 08:53:25,Ponce City Market,Midtown MARTA,casual,48.416666666666664,8,2
R105168,2026-07-22 08:53:00,2026-07-22 09:08:52,Krog Street Market,Georgia State University,member,15.866666666666667,8,2
R105543,2026-07-26 06:18:00,2026-07-26 06:30:00,Little Five Points,Centennial Olympic Park,member,12.0,6,6
R105352,2026-07-24 12:19:00,2026-07-24 12:29:51,Midtown MARTA,Centennial Olympic Park,member,10.85,12,4
R103753,2026-07-08 08:10:00,2026-07-08 08:16:05,Ponce City Market,Midtown MARTA,member,6.083333333333333,8,2
R101383,2026-06-14 10:28:00,2026-06-14 10:50:24,Krog Street Market,Centennial Olympic Park,casual,22.4,10,6
R100865,2026-06-09 17:17:00,2026-06-09 17:24:15,Georgia State University,Atlantic Station,member,7.25,17,1
R101515,2026-06-15 14:23:00,2026-06-15 14:41:24,Georgia State University,Piedmont Park,member,18.4,14,0
R101655,2026-06-17 18:03:00,2026-06-17 18:18:00,Ponce City Market,Centennial Olympic Park,member,15.0,18,2
R103799,2026-07-09 20:04:00,2026-07-09 20:12:20,Georgia State University,Midtown MARTA,member,8.333333333333334,20,3
R102412,2026-06-24 08:45:00,2026-06-24 08:57:13,Ponce City Market,Georgia State University,member,12.216666666666667,8,2
R105346,2026-07-24 09:28:00,2026-07-24 09:48:59,Ponce City Market,Georgia State University,member,20.983333333333334,9,4
R100780,2026-06-08 15:12:00,2026-06-08 15:25:00,Georgia State University,Midtown MARTA,member,13.0,15,0
R103199,2026-07-02 17:40:00,2026-07-02 17:49:16,Midtown MARTA,Piedmont Park,member,9.266666666666667,17,3
R102690,2026-06-27 19:56:00,2026-06-27 19:57:00,Ponce City Market,Centennial Olympic Park,casual,1.0,19,5
R103769,2026-07-08 06:31:00,2026-07-08 06:40:14,Midtown MARTA,Piedmont Park,member,9.233333333333333,6,2
R100443,2026-06-05 10:09:00,2026-06-05 10:22:30,Centennial Olympic Park,Ponce City Market,member,13.5,10,4
R104568,2026-07-16 19:35:00,2026-07-16 19:46:06,Georgia State University,Ponce City Market,member,11.1,19,3
R105589,2026-07-26 15:17:00,2026-07-26 15:35:12,Georgia State University,Ponce City Market,member,18.2,15,6
R104375,2026-07-15 09:05:00,2026-07-15 09:13:24,Midtown MARTA,Georgia State University,member,8.4,9,2
R104914,2026-07-19 14:48:00,2026-07-19 14:53:00,Ponce City Market,Piedmont Park,member,5.0,14,6
R104088,2026-07-11 10:28:00,2026-07-11 10:35:10,Centennial Olympic Park,Ponce City Market,member,7.166666666666667,10,5
R101878,2026-06-19 15:26:00,2026-06-19 15:41:53,Midtown MARTA,Centennial Olympic Park,member,15.883333333333333,15,4
R102883,2026-06-29 18:28:00,2026-06-29 18:40:17,Georgia State University,Atlantic Station,casual,12.283333333333333,18,0
R105056,2026-07-21 07:43:00,2026-07-21 07:51:00,Georgia State University,Midtown MARTA,member,8.0,7,1
R103696,2026-07-08 18:24:00,2026-07-08 18:36:38,Georgia State University,Centennial Olympic Park,member,12.633333333333333,18,2
R101835,2026-06-19 17:57:00,2026-06-19 18:28:11,Piedmont Park,Centennial Olympic Park,casual,31.183333333333334,17,4
R102057,2026-06-21 07:19:00,2026-06-21 07:34:29,Midtown MARTA,Centennial Olympic Park,casual,15.483333333333333,7,6
R101199,2026-06-12 08:55:00,2026-06-12 09:09:00,Centennial Olympic Park,Midtown MARTA,member,14.0,8,4
R103621,2026-07-07 17:55:00,2026-07-07 18:07:12,Midtown MARTA,Atlantic Station,member,12.2,17,1
R104458,2026-07-16 17:17:00,2026-07-16 17:24:00,Georgia State University,Krog Street Market,member,7.0,17,3
R103749,2026-07-08 16:44:00,2026-07-08 16:56:11,Ponce City Market,Georgia State University,member,12.183333333333334,16,2
R102770,2026-06-28 15:23:00,2026-06-28 15:46:57,West End,Piedmont Park,casual,23.95,15,6
R100582,2026-06-06 15:50:00,2026-06-06 15:58:11,Ponce City Market,Midtown MARTA,member,8.183333333333334,15,5
R100496,2026-06-05 14:51:00,2026-06-05 15:05:17,Midtown MARTA,Centennial Olympic Park,member,14.283333333333333,14,4
R102554,2026-06-25 07:21:00,2026-06-25 07:29:51,Midtown MARTA,Centennial Olympic Park,member,8.85,7,3
R101931,2026-06-19 21:37:00,2026-06-19 21:47:11,Centennial Olympic Park,Midtown MARTA,member,10.183333333333334,21,4
R103786,2026-07-09 11:17:00,2026-07-09 11:23:26,Georgia State University,Midtown MARTA,member,6.433333333333334,11,3
R102158,2026-06-22 17:33:00,2026-06-22 17:39:00,Krog Street Market,Grant Park,member,6.0,17,0
R103381,2026-07-05 08:43:00,2026-07-05 09:07:55,Midtown MARTA,Piedmont Park,casual,24.916666666666668,8,6
R103871,2026-07-09 10:50:00,2026-07-09 11:00:48,Centennial Olympic Park,West End,member,10.8,10,3
R105556,2026-07-26 12:01:00,2026-07-26 12:22:01,Krog Street Market,Georgia State University,casual,21.016666666666666,12,6
R104262,2026-07-14 19:05:00,2026-07-14 19:19:00,Georgia State University,Centennial Olympic Park,member,14.0,19,1
R105342,2026-07-24 10:45:00,2026-07-24 10:56:32,Centennial Olympic Park,Grant Park,member,11.533333333333333,10,4
R105212,2026-07-22 08:27:00,2026-07-22 08:52:00,Ponce City Market,Georgia State University,casual,25.0,8,2
R101590,2026-06-16 09:11:00,2026-06-16 09:21:29,Atlantic Station,Ponce City Market,member,10.483333333333333,9,1
R102018,2026-06-21 14:18:00,2026-06-21 14:27:00,Georgia State University,Piedmont Park,member,9.0,14,6
R100963,2026-06-10 10:55:00,2026-06-10 11:00:48,Georgia State University,Midtown MARTA,member,5.8,10,2
R100383,2026-06-04 03:02:00,2026-06-04 03:10:06,Centennial Olympic Park,Ponce City Market,casual,8.1,3,3
R102434,2026-06-24 16:00:00,2026-06-24 16:05:00,Ponce City Market,Atlantic Station,member,5.0,16,2
R105844,2026-07-29 07:33:00,2026-07-29 07:46:06,Centennial Olympic Park,Atlantic Station,casual,13.1,7,2
R101134,2026-06-12 08:44:00,2026-06-12 09:11:00,Centennial Olympic Park,Atlantic Station,casual,27.0,8,4
R101902,2026-06-19 08:35:00,2026-06-19 08:42:43,Midtown MARTA,Piedmont Park,member,7.716666666666667,8,4
R103953,2026-07-10 15:54:00,2026-07-10 16:06:00,Midtown MARTA,Atlantic Station,member,12.0,15,4
R101782,2026-06-18 11:04:00,2026-06-18 11:12:41,Ponce City Market,Little Five Points,member,8.683333333333334,11,3
R102188,2026-06-22 18:21:00,2026-06-22 18:31:04,Midtown MARTA,Ponce City Market,member,10.066666666666666,18,0
R102468,2026-06-25 10:36:00,2026-06-25 10:45:00,Piedmont Park,Centennial Olympic Park,member,9.0,10,3
R105028,2026-07-20 14:29:00,2026-07-20 14:42:00,Georgia State University,Atlantic Station,member,13.0,14,0
R105128,2026-07-21 16:17:00,2026-07-21 16:30:51,Midtown MARTA,Centennial Olympic Park,member,13.85,16,1
R104623,2026-07-17 08:08:00,2026-07-17 08:14:00,Midtown MARTA,Grant Park,member,6.0,8,4
R103483,2026-07-06 16:57:00,2026-07-06 17:07:02,Midtown MARTA,Ponce City Market,member,10.033333333333333,16,0
R103333,2026-07-04 11:41:00,2026-07-04 12:12:00,Ponce City Market,Midtown MARTA,casual,31.0,11,5
R105678,2026-07-27 13:47:00,2026-07-27 14:03:53,Midtown MARTA,Centennial Olympic Park,casual,16.883333333333333,13,0
R101784,2026-06-18 18:40:00,2026-06-18 18:51:00,Piedmont Park,Midtown MARTA,member,11.0,18,3
R104887,2026-07-19 07:05:00,2026-07-19 07:32:04,Ponce City Market,Midtown MARTA,casual,27.066666666666666,7,6
R103049,2026-07-01 17:47:00,2026-07-01 18:14:00,Centennial Olympic Park,Little Five Points,casual,27.0,17,2
R101168,2026-06-12 14:21:00,2026-06-12 14:29:00,Ponce City Market,Centennial Olympic Park,member,8.0,14,4
R100462,2026-06-05 19:47:00,2026-06-05 20:00:38,Ponce City Market,Centennial Olympic Park,member,13.633333333333333,19,4
R103175,2026-07-02 07:01:00,2026-07-02 07:14:42,Atlantic Station,Ponce City Market,member,13.7,7,3
R103158,2026-07-02 10:06:00,2026-07-02 10:21:02,Centennial Olympic Park,Georgia State University,member,15.033333333333333,10,3
R100087,2026-06-01 17:43:00,2026-06-01 17:57:20,Midtown MARTA,Georgia State University,member,14.333333333333334,17,0
R103436,2026-07-05 14:51:00,2026-07-05 15:09:10,Centennial Olympic Park,Ponce City Market,member,18.166666666666668,14,6
R103335,2026-07-04 10:19:00,2026-07-04 10:28:00,Ponce City Market,Georgia State University,member,9.0,10,5
R100262,2026-06-03 08:13:00,2026-06-03 08:28:05,Atlantic Station,Piedmont Park,member,15.083333333333334,8,2
R102280,2026-06-23 14:11:00,2026-06-23 14:24:12,Midtown MARTA,Piedmont Park,member,13.2,14,1
R102830,2026-06-28 16:50:00,2026-06-28 17:12:17,Ponce City Market,Centennial Olympic Park,casual,22.283333333333335,16,6
R103866,2026-07-09 07:10:00,2026-07-09 07:26:00,Ponce City Market,Midtown MARTA,casual,16.0,7,3
R102862,2026-06-29 07:25:00,2026-06-29 07:34:31,Midtown MARTA,Ponce City Market,member,9.516666666666667,7,0
R102348,2026-06-24 18:01:00,2026-06-24 18:14:29,Ponce City Market,Midtown MARTA,member,13.483333333333333,18,2
R100786,2026-06-08 19:47:00,2026-06-08 20:00:00,Georgia State University,Ponce City Market,casual,13.0,19,0
R105363,2026-07-24 15:46:00,2026-07-24 15:51:00,Midtown MARTA,Ponce City Market,member,5.0,15,4
R103347,2026-07-04 07:01:00,2026-07-04 07:13:10,Centennial Olympic Park,Georgia State University,member,12.166666666666666,7,5
R105478,2026-07-25 03:22:00,2026-07-25 03:32:56,Midtown MARTA,Ponce City Market,member,10.933333333333334,3,5
R104327,2026-07-14 16:06:00,2026-07-14 16:14:31,Midtown MARTA,Centennial Olympic Park,member,8.516666666666667,16,1
R102898,2026-06-29 07:08:00,2026-06-29 07:15:56,West End,Georgia State University,member,7.933333333333334,7,0
R101462,2026-06-15 07:41:00,2026-06-15 07:52:10,Midtown MARTA,West End,member,11.166666666666666,7,0
R105835,2026-07-29 16:39:00,2026-07-29 16:58:18,Midtown MARTA,Ponce City Market,casual,19.3,16,2
R102515,2026-06-25 14:42:00,2026-06-25 14:49:54,Krog Street Market,Georgia State University,member,7.9,14,3
R102961,2026-06-30 06:54:00,2026-06-30 06:56:51,Atlantic Station,Midtown MARTA,member,2.85,6,1
R104575,2026-07-16 08:02:00,2026-07-16 08:09:00,Georgia State University,Midtown MARTA,member,7.0,8,3
R100799,2026-06-08 16:39:00,2026-06-08 16:51:58,Midtown MARTA,Centennial Olympic Park,member,12.966666666666667,16,0
R104701,2026-07-18 13:23:00,2026-07-18 13:38:49,Piedmont Park,Centennial Olympic Park,casual,15.816666666666666,13,5
R102689,2026-06-27 18:31:00,2026-06-27 18:42:28,Midtown MARTA,Georgia State University,member,11.466666666666667,18,5
R103238,2026-07-03 14:21:00,2026-07-03 14:31:52,Georgia State University,Krog Street Market,member,10.866666666666667,14,4
R103774,2026-07-09 08:14:00,2026-07-09 08:31:23,Ponce City Market,Midtown MARTA,member,17.383333333333333,8,3
R102092,2026-06-21 08:36:00,2026-06-21 08:46:00,Midtown MARTA,Ponce City Market,member,10.0,8,6
R105333,2026-07-24 09:16:00,2026-07-24 09:29:40,Centennial Olympic Park,Georgia State University,member,13.666666666666666,9,4
R102516,2026-06-25 07:39:00,2026-06-25 07:43:16,Midtown MARTA,Georgia State University,member,4.266666666666667,7,3
R101585,2026-06-16 07:53:00,2026-06-16 08:05:00,Ponce City Market,West End,member,12.0,7,1
R103111,2026-07-02 18:49:00,2026-07-02 19:20:00,Grant Park,Atlantic Station,casual,31.0,18,3
R103878,2026-07-09 09:53:00,2026-07-09 10:01:21,Atlantic Station,Ponce City Market,member,8.35,9,3
R102832,2026-06-28 16:41:00,2026-06-28 16:50:00,Atlantic Station,Ponce City Market,member,9.0,16,6
R104484,2026-07-16 16:18:00,2026-07-16 16:24:00,Midtown MARTA,Piedmont Park,member,6.0,16,3
R104222,2026-07-13 15:00:00,2026-07-13 15:14:32,Georgia State University,Centennial Olympic Park,member,14.533333333333333,15,0
R101213,2026-06-12 18:08:00,2026-06-12 18:29:58,Little Five Points,Unknown,casual,21.966666666666665,18,4
R102142,2026-06-22 13:21:00,2026-06-22 13:35:00,Midtown MARTA,Centennial Olympic Park,member,14.0,13,0
R101639,2026-06-17 18:31:00,2026-06-17 18:40:00,Georgia State University,Centennial Olympic Park,member,9.0,18,2
R103130,2026-07-02 07:53:00,2026-07-02 08:25:47,Midtown MARTA,Little Five Points,casual,32.78333333333333,7,3
R104574,2026-07-16 07:51:00,2026-07-16 08:08:29,Georgia State University,Ponce City Market,casual,17.483333333333334,7,3
R103334,2026-07-04 15:19:00,2026-07-04 15:26:14,Centennial Olympic Park,Ponce City Market,member,7.233333333333333,15,5
R101099,2026-06-11 22:21:00,2026-06-11 22:36:00,Midtown MARTA,Little Five Points,member,15.0,22,3
R102355,2026-06-24 19:49:00,2026-06-24 19:54:46,Georgia State University,Centennial Olympic Park,member,5.766666666666667,19,2
R104857,2026-07-19 16:35:00,2026-07-19 16:40:22,Midtown MARTA,Centennial Olympic Park,member,5.366666666666666,16,6
R102662,2026-06-27 08:18:00,2026-06-27 08:26:00,Ponce City Market,Midtown MARTA,member,8.0,8,5
R100971,2026-06-10 08:57:00,2026-06-10 09:19:57,Ponce City Market,Georgia State University,casual,22.95,8,2
R105010,2026-07-20 18:58:00,2026-07-20 19:15:00,Ponce City Market,Little Five Points,member,17.0,18,0
R102640,2026-06-26 17:39:00,2026-06-26 18:05:12,Grant Park,Atlantic Station,casual,26.2,17,4
R103017,2026-06-30 09:02:00,2026-06-30 09:17:31,Georgia State University,Ponce City Market,casual,15.516666666666667,9,1
R100442,2026-06-05 08:17:00,2026-06-05 08:34:32,Midtown MARTA,Krog Street Market,member,17.533333333333335,8,4
R100878,2026-06-09 07:28:00,2026-06-09 07:34:57,Ponce City Market,Midtown MARTA,member,6.95,7,1
R104137,2026-07-12 08:39:00,2026-07-12 08:49:41,Ponce City Market,Midtown MARTA,member,10.683333333333334,8,6
R100270,2026-06-03 13:30:00,2026-06-03 13:56:00,Ponce City Market,Atlantic Station,casual,26.0,13,2
R105769,2026-07-28 16:54:00,2026-07-28 17:03:00,Midtown MARTA,Piedmont Park,member,9.0,16,1
R100365,2026-06-04 20:58:00,2026-06-04 21:00:30,Atlantic Station,Ponce City Market,member,2.5,20,3
R105773,2026-07-28 16:04:00,2026-07-28 16:05:34,Ponce City Market,Centennial Olympic Park,member,1.5666666666666667,16,1
R101553,2026-06-16 10:00:00,2026-06-16 10:17:28,Atlantic Station,Centennial Olympic Park,member,17.466666666666665,10,1
R104285,2026-07-14 08:46:00,2026-07-14 08:58:00,Ponce City Market,Midtown MARTA,member,12.0,8,1
R103936,2026-07-10 19:21:00,2026-07-10 19:33:33,Piedmont Park,Midtown MARTA,member,12.55,19,4
R105308,2026-07-23 06:40:00,2026-07-23 06:48:48,Atlantic Station,West End,member,8.8,6,3
R101468,2026-06-15 17:06:00,2026-06-15 17:15:00,Centennial Olympic Park,Ponce City Market,member,9.0,17,0
R101569,2026-06-16 21:04:00,2026-06-16 21:37:00,Centennial Olympic Park,Georgia State University,casual,33.0,21,1
R105638,2026-07-27 17:24:00,2026-07-27 17:41:00,Ponce City Market,Midtown MARTA,casual,17.0,17,0
R100627,2026-06-07 16:55:00,2026-06-07 17:15:00,Georgia State University,Atlantic Station,casual,20.0,16,6
R101532,2026-06-16 13:19:00,2026-06-16 13:28:39,Midtown MARTA,Georgia State University,member,9.65,13,1
R102959,2026-06-30 08:02:00,2026-06-30 08:09:59,Ponce City Market,Krog Street Market,member,7.983333333333333,8,1
R103468,2026-07-06 08:58:00,2026-07-06 09:02:00,Little Five Points,Centennial Olympic Park,member,4.0,8,0
R104917,2026-07-20 20:27:00,2026-07-20 20:39:49,Atlantic Station,Georgia State University,member,12.816666666666666,20,0
R102815,2026-06-28 15:25:00,2026-06-28 16:03:22,Grant Park,Piedmont Park,casual,38.36666666666667,15,6
R100633,2026-06-07 14:22:00,2026-06-07 14:35:25,Ponce City Market,Krog Street Market,casual,13.416666666666666,14,6
R100341,2026-06-04 18:32:00,2026-06-04 18:42:21,Georgia State University,Atlantic Station,member,10.35,18,3
R105107,2026-07-21 07:58:00,2026-07-21 08:22:41,Midtown MARTA,Ponce City Market,casual,24.683333333333334,7,1
R102275,2026-06-23 17:15:00,2026-06-23 17:25:22,Ponce City Market,Georgia State University,member,10.366666666666667,17,1
R103007,2026-06-30 07:13:00,2026-06-30 07:32:04,Grant Park,Piedmont Park,casual,19.066666666666666,7,1
R101172,2026-06-12 13:24:00,2026-06-12 13:33:49,Georgia State University,Midtown MARTA,member,9.816666666666666,13,4
R103925,2026-07-10 12:59:00,2026-07-10 13:05:00,Ponce City Market,Little Five Points,member,6.0,12,4
R103880,2026-07-09 11:48:00,2026-07-09 11:54:28,Ponce City Market,Midtown MARTA,member,6.466666666666667,11,3
R101603,2026-06-16 13:48:00,2026-06-16 13:56:28,Centennial Olympic Park,Georgia State University,member,8.466666666666667,13,1
R101190,2026-06-12 08:06:00,2026-06-12 08:12:00,Georgia State University,Ponce City Market,member,6.0,8,4
R100553,2026-06-06 10:37:00,2026-06-06 10:48:15,Ponce City Market,Centennial Olympic Park,member,11.25,10,5
R105316,2026-07-24 21:57:00,2026-07-24 22:04:27,Midtown MARTA,Little Five Points,member,7.45,21,4
R103338,2026-07-04 22:32:00,2026-07-04 22:43:42,Midtown MARTA,Ponce City Market,member,11.7,22,5
R101887,2026-06-19 19:58:00,2026-06-19 20:11:27,Ponce City Market,Centennial Olympic Park,casual,13.45,19,4
R103376,2026-07-04 13:59:00,2026-07-04 14:11:00,Midtown MARTA,Centennial Olympic Park,member,12.0,13,5
R100796,2026-06-08 08:52:00,2026-06-08 09:07:00,Georgia State University,Grant Park,member,15.0,8,0
R102791,2026-06-28 10:43:00,2026-06-28 10:50:00,Georgia State University,Centennial Olympic Park,member,7.0,10,6
R102154,2026-06-22 08:27:00,2026-06-22 08:43:10,Atlantic Station,Midtown MARTA,member,16.166666666666668,8,0
R104699,2026-07-18 17:48:00,2026-07-18 18:04:11,Midtown MARTA,West End,member,16.183333333333334,17,5
R104902,2026-07-19 07:54:00,2026-07-19 08:00:42,Centennial Olympic Park,Georgia State University,member,6.7,7,6
R102525,2026-06-25 16:39:00,2026-06-25 16:45:12,Ponce City Market,Little Five Points,member,6.2,16,3
R103714,2026-07-08 11:34:00,2026-07-08 11:38:07,Ponce City Market,Georgia State University,member,4.116666666666666,11,2
R105481,2026-07-25 12:04:00,2026-07-25 12:31:28,Piedmont Park,Georgia State University,casual,27.466666666666665,12,5
R104555,2026-07-16 15:04:00,2026-07-16 15:09:46,Midtown MARTA,Ponce City Market,member,5.766666666666667,15,3
R104801,2026-07-19 08:42:00,2026-07-19 09:25:00,Piedmont Park,Midtown MARTA,casual,43.0,8,6
R103733,2026-07-08 16:05:00,2026-07-08 16:15:13,Piedmont Park,Ponce City Market,member,10.216666666666667,16,2
R103317,2026-07-04 19:49:00,2026-07-04 19:55:27,Georgia State University,Midtown MARTA,unknown,6.45,19,5
R104838,2026-07-19 08:43:00,2026-07-19 08:55:14,Georgia State University,Ponce City Market,casual,12.233333333333333,8,6
R104230,2026-07-13 19:31:00,2026-07-13 19:54:50,Ponce City Market,Little Five Points,casual,23.833333333333332,19,0
R105921,2026-07-30 08:04:00,2026-07-30 08:13:26,Midtown MARTA,Georgia State University,member,9.433333333333334,8,3
R100572,2026-06-06 14:18:00,2026-06-06 14:44:08,Midtown MARTA,Centennial Olympic Park,casual,26.133333333333333,14,5
R101000,2026-06-10 20:38:00,2026-06-10 20:42:00,Midtown MARTA,Centennial Olympic Park,member,4.0,20,2
R103393,2026-07-05 11:25:00,2026-07-05 11:59:00,Centennial Olympic Park,Georgia State University,casual,34.0,11,6
R101513,2026-06-15 16:50:00,2026-06-15 17:18:45,Piedmont Park,Krog Street Market,casual,28.75,16,0
R100819,2026-06-09 12:58:00,2026-06-09 13:31:16,Piedmont Park,Centennial Olympic Park,casual,33.266666666666666,12,1
R100708,2026-06-08 11:43:00,2026-06-08 11:50:00,Ponce City Market,Atlantic Station,member,7.0,11,0
R100839,2026-06-09 14:52:00,2026-06-09 14:57:00,West End,Midtown MARTA,member,5.0,14,1
R101534,2026-06-16 08:49:00,2026-06-16 09:04:18,Ponce City Market,Georgia State University,member,15.3,8,1
R104786,2026-07-18 13:05:00,2026-07-18 13:22:17,Centennial Olympic Park,Little Five Points,casual,17.283333333333335,13,5
R100642,2026-06-07 14:39:00,2026-06-07 14:46:50,Ponce City Market,Georgia State University,casual,7.833333333333333,14,6
R105238,2026-07-23 06:15:00,2026-07-23 06:36:02,Ponce City Market,Midtown MARTA,member,21.033333333333335,6,3
R100546,2026-06-06 08:29:00,2026-06-06 08:36:39,Midtown MARTA,Ponce City Market,member,7.65,8,5
R105087,2026-07-21 18:02:00,2026-07-21 18:10:00,Ponce City Market,Midtown MARTA,member,8.0,18,1
R100469,2026-06-05 06:54:00,2026-06-05 07:11:04,Grant Park,Atlantic Station,member,17.066666666666666,6,4
R103392,2026-07-05 11:05:00,2026-07-05 11:22:48,Piedmont Park,Midtown MARTA,casual,17.8,11,6
R101104,2026-06-11 18:26:00,2026-06-11 18:40:50,Atlantic Station,Midtown MARTA,member,14.833333333333334,18,3
R100829,2026-06-09 11:47:00,2026-06-09 12:10:00,Midtown MARTA,Grant Park,casual,23.0,11,1
R100403,2026-06-04 18:19:00,2026-06-04 18:53:00,Georgia State University,Ponce City Market,casual,34.0,18,3
R105560,2026-07-26 13:58:00,2026-07-26 13:59:00,Krog Street Market,Midtown MARTA,member,1.0,13,6
R102141,2026-06-22 20:19:00,2026-06-22 20:37:41,Ponce City Market,Centennial Olympic Park,member,18.683333333333334,20,0
R105696,2026-07-27 07:08:00,2026-07-27 07:13:00,Ponce City Market,Midtown MARTA,member,5.0,7,0
R105506,2026-07-26 12:19:00,2026-07-26 12:40:35,Piedmont Park,Krog Street Market,casual,21.583333333333332,12,6
R102466,2026-06-25 07:39:00,2026-06-25 07:51:17,Atlantic Station,Georgia State University,member,12.283333333333333,7,3
R105109,2026-07-21 21:01:00,2026-07-21 21:12:44,Krog Street Market,Little Five Points,member,11.733333333333333,21,1
R105184,2026-07-22 10:00:00,2026-07-22 10:16:33,Centennial Olympic Park,Georgia State University,member,16.55,10,2
R102743,2026-06-28 12:25:00,2026-06-28 12:37:17,Centennial Olympic Park,Midtown MARTA,casual,12.283333333333333,12,6
R105084,2026-07-21 08:19:00,2026-07-21 08:36:07,Georgia State University,Midtown MARTA,member,17.116666666666667,8,1
R101086,2026-06-11 17:10:00,2026-06-11 17:17:00,Ponce City Market,Atlantic Station,member,7.0,17,3
R104304,2026-07-14 05:27:00,2026-07-14 05:32:00,Little Five Points,Centennial Olympic Park,member,5.0,5,1
R102814,2026-06-28 08:38:00,2026-06-28 08:46:56,Midtown MARTA,Centennial Olympic Park,member,8.933333333333334,8,6
R104738,2026-07-18 07:37:00,2026-07-18 07:43:43,Midtown MARTA,Georgia State University,member,6.716666666666667,7,5
R104356,2026-07-14 03:08:00,2026-07-14 03:35:08,Ponce City Market,Georgia State University,casual,27.133333333333333,3,1
R104672,2026-07-17 15:29:00,2026-07-17 15:41:34,Krog Street Market,Midtown MARTA,member,12.566666666666666,15,4
R102166,2026-06-22 13:54:00,2026-06-22 14:37:47,Centennial Olympic Park,Midtown MARTA,casual,43.78333333333333,13,0
R100723,2026-06-08 13:56:00,2026-06-08 14:06:00,Centennial Olympic Park,Midtown MARTA,member,10.0,13,0
R105561,2026-07-26 11:52:00,2026-07-26 11:58:00,Georgia State University,Atlantic Station,member,6.0,11,6
R101698,2026-06-17 15:40:00,2026-06-17 15:47:32,Piedmont Park,Ponce City Market,member,7.533333333333333,15,2
R100821,2026-06-09 10:43:00,2026-06-09 10:47:00,Midtown MARTA,Unknown,casual,4.0,10,1
R100395,2026-06-04 17:40:00,2026-06-04 18:05:06,Centennial Olympic Park,Midtown MARTA,casual,25.1,17,3
R104362,2026-07-14 11:54:00,2026-07-14 12:06:00,Georgia State University,Midtown MARTA,member,12.0,11,1
R105441,2026-07-25 14:21:00,2026-07-25 14:47:48,Georgia State University,Piedmont Park,casual,26.8,14,5
R102496,2026-06-25 06:44:00,2026-06-25 06:55:23,Centennial Olympic Park,Georgia State University,member,11.383333333333333,6,3
R103056,2026-07-01 08:08:00,2026-07-01 08:24:00,Georgia State University,Midtown MARTA,member,16.0,8,2
R105806,2026-07-29 15:22:00,2026-07-29 15:35:12,Ponce City Market,Georgia State University,member,13.2,15,2
R103215,2026-07-03 07:09:00,2026-07-03 07:39:22,Ponce City Market,Midtown MARTA,casual,30.366666666666667,7,4
R105836,2026-07-29 08:31:00,2026-07-29 08:37:00,Midtown MARTA,Ponce City Market,member,6.0,8,2
R103737,2026-07-08 02:05:00,2026-07-08 02:23:00,Ponce City Market,Atlantic Station,member,18.0,2,2
R105479,2026-07-25 14:15:00,2026-07-25 14:22:05,Ponce City Market,Centennial Olympic Park,casual,7.083333333333333,14,5
R103453,2026-07-05 13:56:00,2026-07-05 14:04:34,Ponce City Market,Midtown MARTA,member,8.566666666666666,13,6
R100100,2026-06-01 13:36:00,2026-06-01 13:47:00,Midtown MARTA,Atlantic Station,member,11.0,13,0
R105186,2026-07-22 16:26:00,2026-07-22 16:42:52,Midtown MARTA,Krog Street Market,member,16.866666666666667,16,2
R102813,2026-06-28 17:47:00,2026-06-28 18:03:00,Midtown MARTA,Georgia State University,member,16.0,17,6
R104726,2026-07-18 10:10:00,2026-07-18 10:21:15,Ponce City Market,Atlantic Station,member,11.25,10,5
R103522,2026-07-06 15:26:00,2026-07-06 15:36:03,Georgia State University,Ponce City Market,member,10.05,15,0
R103253,2026-07-03 07:20:00,2026-07-03 07:56:42,Centennial Olympic Park,Ponce City Market,casual,36.7,7,4
R101840,2026-06-19 08:09:00,2026-06-19 08:20:00,Ponce City Market,Midtown MARTA,member,11.0,8,4
R104634,2026-07-17 17:13:00,2026-07-17 17:40:20,Midtown MARTA,Atlantic Station,casual,27.333333333333332,17,4
R105595,2026-07-26 09:20:00,2026-07-26 09:35:00,Midtown MARTA,Centennial Olympic Park,casual,15.0,9,6
R101405,2026-06-14 08:37:00,2026-06-14 08:49:20,Centennial Olympic Park,Midtown MARTA,member,12.333333333333334,8,6
R102439,2026-06-24 17:01:00,2026-06-24 17:22:11,Midtown MARTA,Piedmont Park,casual,21.183333333333334,17,2
R104152,2026-07-12 06:36:00,2026-07-12 06:47:00,Centennial Olympic Park,Midtown MARTA,member,11.0,6,6
R103761,2026-07-08 09:11:00,2026-07-08 09:16:59,West End,Midtown MARTA,member,5.983333333333333,9,2
R101934,2026-06-20 17:56:00,2026-06-20 18:22:58,Ponce City Market,Midtown MARTA,casual,26.966666666666665,17,5
R105162,2026-07-22 13:54:00,2026-07-22 14:07:10,Georgia State University,Grant Park,member,13.166666666666666,13,2
R105587,2026-07-26 17:02:00,2026-07-26 17:06:02,Midtown MARTA,Georgia State University,member,4.033333333333333,17,6
R101745,2026-06-18 20:11:00,2026-06-18 20:26:42,Georgia State University,Centennial Olympic Park,member,15.7,20,3
R100756,2026-06-08 16:14:00,2026-06-08 16:33:00,Midtown MARTA,Atlantic Station,member,19.0,16,0
R105298,2026-07-23 15:30:00,2026-07-23 15:54:42,Centennial Olympic Park,Midtown MARTA,casual,24.7,15,3
R102957,2026-06-30 07:49:00,2026-06-30 07:58:34,Atlantic Station,Midtown MARTA,member,9.566666666666666,7,1
R105546,2026-07-26 21:29:00,2026-07-26 21:46:12,Georgia State University,Krog Street Market,casual,17.2,21,6
R102027,2026-06-21 03:32:00,2026-06-21 03:48:00,Piedmont Park,Atlantic Station,member,16.0,3,6
R104286,2026-07-14 19:29:00,2026-07-14 19:50:00,Georgia State University,Atlantic Station,casual,21.0,19,1
R101681,2026-06-17 15:50:00,2026-06-17 16:03:00,Midtown MARTA,Atlantic Station,member,13.0,15,2
R102248,2026-06-23 20:43:00,2026-06-23 20:48:00,Atlantic Station,Midtown MARTA,member,5.0,20,1
R103517,2026-07-06 07:13:00,2026-07-06 07:26:00,Atlantic Station,Centennial Olympic Park,member,13.0,7,0
R101243,2026-06-12 17:49:00,2026-06-12 18:01:00,Midtown MARTA,Krog Street Market,member,12.0,17,4
R103865,2026-07-09 04:52:00,2026-07-09 05:02:40,Ponce City Market,Centennial Olympic Park,member,10.666666666666666,4,3
R102614,2026-06-26 08:49:00,2026-06-26 09:03:38,Centennial Olympic Park,Ponce City Market,member,14.633333333333333,8,4
R101380,2026-06-14 06:06:00,2026-06-14 06:12:29,Centennial Olympic Park,Georgia State University,member,6.483333333333333,6,6
R100847,2026-06-09 18:28:00,2026-06-09 18:39:03,Georgia State University,Midtown MARTA,member,11.05,18,1
R103013,2026-06-30 16:54:00,2026-06-30 17:09:21,Georgia State University,Ponce City Market,member,15.35,16,1
R103938,2026-07-10 08:42:00,2026-07-10 08:52:00,Little Five Points,Ponce City Market,member,10.0,8,4
R100431,2026-06-05 14:01:00,2026-06-05 14:08:11,Midtown MARTA,Atlantic Station,unknown,7.183333333333334,14,4
R103314,2026-07-04 08:02:00,2026-07-04 08:37:22,Krog Street Market,Ponce City Market,casual,35.36666666666667,8,5
R102817,2026-06-28 14:42:00,2026-06-28 14:58:03,Midtown MARTA,Centennial Olympic Park,member,16.05,14,6
R100960,2026-06-10 10:16:00,2026-06-10 10:28:51,Georgia State University,Midtown MARTA,member,12.85,10,2
R100142,2026-06-02 17:01:00,2026-06-02 17:19:18,Centennial Olympic Park,Piedmont Park,member,18.3,17,1
R105863,2026-07-29 16:33:00,2026-07-29 16:55:00,Little Five Points,Georgia State University,casual,22.0,16,2
R102281,2026-06-23 17:16:00,2026-06-23 17:29:33,Krog Street Market,Piedmont Park,member,13.55,17,1
R101052,2026-06-11 17:57:00,2026-06-11 18:22:00,Ponce City Market,Centennial Olympic Park,casual,25.0,17,3
R103845,2026-07-09 19:14:00,2026-07-09 19:25:00,Centennial Olympic Park,Midtown MARTA,member,11.0,19,3
R102324,2026-06-23 07:34:00,2026-06-23 08:07:52,Centennial Olympic Park,Ponce City Market,casual,33.86666666666667,7,1
R104517,2026-07-16 18:28:00,2026-07-16 18:37:45,Midtown MARTA,Grant Park,casual,9.75,18,3
R102411,2026-06-24 18:31:00,2026-06-24 18:56:49,Midtown MARTA,Atlantic Station,casual,25.816666666666666,18,2
R100077,2026-06-01 18:39:00,2026-06-01 18:55:52,Georgia State University,Centennial Olympic Park,member,16.866666666666667,18,0
R105539,2026-07-26 16:10:00,2026-07-26 16:18:19,Ponce City Market,Georgia State University,member,8.316666666666666,16,6
R100179,2026-06-02 09:39:00,2026-06-02 10:02:48,Georgia State University,Midtown MARTA,casual,23.8,9,1
R104468,2026-07-16 21:18:00,2026-07-16 21:25:10,West End,Ponce City Market,member,7.166666666666667,21,3
R105529,2026-07-26 08:15:00,2026-07-26 08:29:00,Centennial Olympic Park,Georgia State University,member,14.0,8,6
R101661,2026-06-17 07:59:00,2026-06-17 08:32:32,Midtown MARTA,Krog Street Market,casual,33.53333333333333,7,2
R103447,2026-07-05 11:48:00,2026-07-05 12:07:28,Ponce City Market,Georgia State University,casual,19.466666666666665,11,6
R105765,2026-07-28 17:27:00,2026-07-28 17:29:33,Midtown MARTA,Ponce City Market,unknown,2.55,17,1
R100185,2026-06-02 18:14:00,2026-06-02 18:25:45,Georgia State University,Midtown MARTA,member,11.75,18,1
R105741,2026-07-28 12:03:00,2026-07-28 12:22:43,Centennial Olympic Park,Midtown MARTA,casual,19.716666666666665,12,1
R105872,2026-07-29 13:42:00,2026-07-29 13:53:15,Midtown MARTA,Ponce City Market,member,11.25,13,2
R103388,2026-07-05 13:09:00,2026-07-05 13:20:40,Midtown MARTA,Atlantic Station,member,11.666666666666666,13,6
R100069,2026-06-01 09:29:00,2026-06-01 09:44:41,Ponce City Market,Midtown MARTA,member,15.683333333333334,9,0
R103650,2026-07-07 20:13:00,2026-07-07 20:41:27,Midtown MARTA,Krog Street Market,casual,28.45,20,1
R104283,2026-07-14 22:08:00,2026-07-14 22:26:27,Ponce City Market,Midtown MARTA,member,18.45,22,1
R102766,2026-06-28 22:24:00,2026-06-28 22:36:30,Georgia State University,Centennial Olympic Park,member,12.5,22,6
R102239,2026-06-22 08:57:00,2026-06-22 09:11:55,Midtown MARTA,Ponce City Market,member,14.916666666666666,8,0
R105155,2026-07-22 14:19:00,2026-07-22 15:00:28,Midtown MARTA,Atlantic Station,casual,41.46666666666667,14,2
R104387,2026-07-15 10:29:00,2026-07-15 10:39:00,Ponce City Market,Midtown MARTA,member,10.0,10,2
R103352,2026-07-04 17:18:00,2026-07-04 17:27:00,Midtown MARTA,Georgia State University,member,9.0,17,5
R104288,2026-07-14 18:16:00,2026-07-14 18:32:04,Midtown MARTA,Ponce City Market,member,16.066666666666666,18,1
R103595,2026-07-07 18:51:00,2026-07-07 19:02:00,Ponce City Market,Midtown MARTA,member,11.0,18,1
R105634,2026-07-27 20:11:00,2026-07-27 20:16:19,Ponce City Market,Georgia State University,member,5.316666666666666,20,0
R102014,2026-06-21 00:55:00,2026-06-21 01:03:45,Midtown MARTA,Atlantic Station,casual,8.75,0,6
R101433,2026-06-15 18:27:00,2026-06-15 18:36:13,Midtown MARTA,Centennial Olympic Park,member,9.216666666666667,18,0
R101897,2026-06-19 18:43:00,2026-06-19 18:53:35,Midtown MARTA,Centennial Olympic Park,member,10.583333333333334,18,4
R102151,2026-06-22 18:48:00,2026-06-22 19:01:39,Georgia State University,Centennial Olympic Park,member,13.65,18,0
R105226,2026-07-22 11:23:00,2026-07-22 11:27:00,Midtown MARTA,Georgia State University,member,4.0,11,2
R103773,2026-07-09 13:05:00,2026-07-09 13:20:00,Piedmont Park,Centennial Olympic Park,member,15.0,13,3
R105334,2026-07-24 07:28:00,2026-07-24 07:39:00,Little Five Points,Midtown MARTA,member,11.0,7,4
R100239,2026-06-03 12:00:00,2026-06-03 12:32:00,Ponce City Market,Midtown MARTA,casual,32.0,12,2
R105264,2026-07-23 19:51:00,2026-07-23 19:59:43,Georgia State University,Centennial Olympic Park,member,8.716666666666667,19,3
R102416,2026-06-24 08:00:00,2026-06-24 08:13:00,Ponce City Market,Centennial Olympic Park,member,13.0,8,2
R101124,2026-06-11 17:00:00,2026-06-11 17:02:00,Little Five Points,Centennial Olympic Park,member,2.0,17,3
R103269,2026-07-03 18:41:00,2026-07-03 18:49:15,Centennial Olympic Park,Midtown MARTA,member,8.25,18,4
R104626,2026-07-17 17:14:00,2026-07-17 17:21:00,Georgia State University,Midtown MARTA,member,7.0,17,4
R103908,2026-07-10 05:26:00,2026-07-10 05:45:05,Centennial Olympic Park,Georgia State University,member,19.083333333333332,5,4
R101743,2026-06-18 09:08:00,2026-06-18 09:53:39,Midtown MARTA,Ponce City Market,casual,45.65,9,3
R103182,2026-07-02 12:24:00,2026-07-02 12:56:12,Ponce City Market,Little Five Points,casual,32.2,12,3
R104026,2026-07-11 12:23:00,2026-07-11 12:51:08,Midtown MARTA,Ponce City Market,casual,28.133333333333333,12,5
R102256,2026-06-23 06:40:00,2026-06-23 07:00:00,Midtown MARTA,Georgia State University,casual,20.0,6,1
R100787,2026-06-08 22:01:00,2026-06-08 22:14:00,Midtown MARTA,Centennial Olympic Park,member,13.0,22,0
R105406,2026-07-24 17:08:00,2026-07-24 17:21:10,Ponce City Market,Midtown MARTA,casual,13.166666666666666,17,4
R102044,2026-06-21 15:13:00,2026-06-21 15:36:39,Centennial Olympic Park,Little Five Points,casual,23.65,15,6
R105075,2026-07-21 15:34:00,2026-07-21 16:06:21,Centennial Olympic Park,Ponce City Market,casual,32.35,15,1
R100600,2026-06-07 12:19:00,2026-06-07 12:37:21,Centennial Olympic Park,Atlantic Station,casual,18.35,12,6
R104566,2026-07-16 04:02:00,2026-07-16 04:12:00,Midtown MARTA,Centennial Olympic Park,member,10.0,4,3
R100980,2026-06-10 13:08:00,2026-06-10 13:15:00,Centennial Olympic Park,Georgia State University,member,7.0,13,2
R105919,2026-07-30 15:59:00,2026-07-30 16:01:58,Piedmont Park,Krog Street Market,member,2.966666666666667,15,3
R102712,2026-06-27 16:25:00,2026-06-27 16:35:31,Georgia State University,Midtown MARTA,member,10.516666666666667,16,5
R103054,2026-07-01 14:01:00,2026-07-01 14:05:48,Atlantic Station,Krog Street Market,member,4.8,14,2
R103029,2026-07-01 16:10:00,2026-07-01 16:20:00,Ponce City Market,Atlantic Station,member,10.0,16,2
R104943,2026-07-20 09:12:00,2026-07-20 09:25:27,Piedmont Park,Georgia State University,member,13.45,9,0
R104539,2026-07-16 11:49:00,2026-07-16 12:13:01,Atlantic Station,Piedmont Park,casual,24.016666666666666,11,3
R103439,2026-07-05 13:33:00,2026-07-05 13:52:00,Midtown MARTA,Krog Street Market,casual,19.0,13,6
R105637,2026-07-27 16:08:00,2026-07-27 16:10:06,Midtown MARTA,Georgia State University,member,2.1,16,0
R100428,2026-06-05 08:12:00,2026-06-05 08:15:42,Centennial Olympic Park,Midtown MARTA,member,3.7,8,4
R100335,2026-06-04 10:12:00,2026-06-04 10:28:17,Georgia State University,West End,member,16.283333333333335,10,3
R104711,2026-07-18 12:23:00,2026-07-18 12:56:35,Centennial Olympic Park,Midtown MARTA,casual,33.583333333333336,12,5
R104408,2026-07-15 16:59:00,2026-07-15 17:10:36,Little Five Points,Midtown MARTA,member,11.6,16,2
R104681,2026-07-17 14:58:00,2026-07-17 15:23:51,Midtown MARTA,Ponce City Market,casual,25.85,14,4
R101531,2026-06-16 07:01:00,2026-06-16 07:13:39,Midtown MARTA,Atlantic Station,member,12.65,7,1
R104523,2026-07-16 18:20:00,2026-07-16 18:36:00,Atlantic Station,Midtown MARTA,member,16.0,18,3
R103989,2026-07-10 10:33:00,2026-07-10 11:05:00,Krog Street Market,Ponce City Market,casual,32.0,10,4
R101132,2026-06-12 20:28:00,2026-06-12 20:35:00,Centennial Olympic Park,Piedmont Park,member,7.0,20,4
R103015,2026-06-30 17:05:00,2026-06-30 17:44:00,Georgia State University,West End,casual,39.0,17,1
R101516,2026-06-15 06:18:00,2026-06-15 06:26:29,Centennial Olympic Park,Grant Park,member,8.483333333333333,6,0
R103396,2026-07-05 15:14:00,2026-07-05 15:38:41,Piedmont Park,Midtown MARTA,casual,24.683333333333334,15,6
R100308,2026-06-03 17:51:00,2026-06-03 17:58:00,Centennial Olympic Park,Ponce City Market,member,7.0,17,2
R101568,2026-06-16 18:39:00,2026-06-16 18:45:31,Atlantic Station,Georgia State University,member,6.516666666666667,18,1
R104104,2026-07-12 13:20:00,2026-07-12 13:38:00,Georgia State University,Atlantic Station,member,18.0,13,6
R104780,2026-07-18 16:02:00,2026-07-18 16:16:00,Midtown MARTA,Centennial Olympic Park,member,14.0,16,5
R100333,2026-06-04 17:56:00,2026-06-04 18:13:10,Georgia State University,Grant Park,member,17.166666666666668,17,3
R104958,2026-07-20 13:47:00,2026-07-20 14:04:00,Midtown MARTA,Georgia State University,member,17.0,13,0
R100570,2026-06-06 12:22:00,2026-06-06 12:29:47,Centennial Olympic Park,Georgia State University,member,7.783333333333333,12,5
R102182,2026-06-22 19:25:00,2026-06-22 19:40:33,Georgia State University,Ponce City Market,member,15.55,19,0
R101923,2026-06-19 23:36:00,2026-06-19 23:49:00,Georgia State University,Ponce City Market,member,13.0,23,4
R104858,2026-07-19 21:45:00,2026-07-19 21:58:28,Krog Street Market,Midtown MARTA,member,13.466666666666667,21,6
R105502,2026-07-26 16:12:00,2026-07-26 16:22:38,Piedmont Park,Centennial Olympic Park,casual,10.633333333333333,16,6
R104035,2026-07-11 08:47:00,2026-07-11 08:57:12,Ponce City Market,Centennial Olympic Park,member,10.2,8,5
R100840,2026-06-09 09:23:00,2026-06-09 09:25:02,Ponce City Market,Atlantic Station,member,2.033333333333333,9,1
R104322,2026-07-14 18:16:00,2026-07-14 18:55:03,Ponce City Market,Atlantic Station,casual,39.05,18,1
R104971,2026-07-20 17:24:00,2026-07-20 17:36:00,Midtown MARTA,Centennial Olympic Park,member,12.0,17,0
R104312,2026-07-14 13:55:00,2026-07-14 14:12:13,Grant Park,Georgia State University,member,17.216666666666665,13,1
R105118,2026-07-21 09:40:00,2026-07-21 09:43:00,Ponce City Market,Atlantic Station,member,3.0,9,1
R103664,2026-07-08 07:47:00,2026-07-08 08:02:00,Ponce City Market,Midtown MARTA,member,15.0,7,2
R105372,2026-07-24 09:01:00,2026-07-24 09:03:50,Centennial Olympic Park,Midtown MARTA,member,2.8333333333333335,9,4
R100385,2026-06-04 10:59:00,2026-06-04 11:25:00,Centennial Olympic Park,Midtown MARTA,casual,26.0,10,3
R104525,2026-07-16 17:46:00,2026-07-16 17:59:41,Georgia State University,Midtown MARTA,member,13.683333333333334,17,3
R103813,2026-07-09 20:30:00,2026-07-09 20:51:50,Georgia State University,Atlantic Station,casual,21.833333333333332,20,3
R105842,2026-07-29 18:11:00,2026-07-29 18:24:35,Centennial Olympic Park,Midtown MARTA,member,13.583333333333334,18,2
R105170,2026-07-22 17:54:00,2026-07-22 18:05:43,Midtown MARTA,Piedmont Park,member,11.716666666666667,17,2
R101620,2026-06-17 14:09:00,2026-06-17 14:25:07,Krog Street Market,Ponce City Market,member,16.116666666666667,14,2
R102163,2026-06-22 14:35:00,2026-06-22 14:49:52,Ponce City Market,Centennial Olympic Park,member,14.866666666666667,14,0
R104508,2026-07-16 01:20:00,2026-07-16 01:34:00,Georgia State University,Atlantic Station,member,14.0,1,3
R101420,2026-06-15 07:38:00,2026-06-15 07:49:22,Piedmont Park,Midtown MARTA,member,11.366666666666667,7,0
R105676,2026-07-27 14:08:00,2026-07-27 14:17:48,Georgia State University,West End,member,9.8,14,0
R100674,2026-06-07 13:59:00,2026-06-07 14:03:14,Georgia State University,Centennial Olympic Park,member,4.233333333333333,13,6
R104611,2026-07-17 15:01:00,2026-07-17 15:07:30,Centennial Olympic Park,Piedmont Park,member,6.5,15,4
R101819,2026-06-19 19:53:00,2026-06-19 20:34:00,Ponce City Market,Unknown,casual,41.0,19,4
R101690,2026-06-17 15:10:00,2026-06-17 15:15:45,Atlantic Station,Krog Street Market,member,5.75,15,2
R104067,2026-07-11 14:23:00,2026-07-11 14:34:35,Ponce City Market,Midtown MARTA,member,11.583333333333334,14,5
R100593,2026-06-06 11:56:00,2026-06-06 12:14:39,Midtown MARTA,Centennial Olympic Park,casual,18.65,11,5
R103882,2026-07-09 01:22:00,2026-07-09 01:29:00,Midtown MARTA,Centennial Olympic Park,member,7.0,1,3
R105459,2026-07-25 00:55:00,2026-07-25 01:08:57,Midtown MARTA,Centennial Olympic Park,casual,13.95,0,5
R100761,2026-06-08 16:46:00,2026-06-08 16:54:00,Little Five Points,Centennial Olympic Park,member,8.0,16,0
R100273,2026-06-03 07:01:00,2026-06-03 07:09:18,Midtown MARTA,Ponce City Market,member,8.3,7,2
R101862,2026-06-19 16:48:00,2026-06-19 17:10:57,Midtown MARTA,Georgia State University,casual,22.95,16,4
R103087,2026-07-01 08:48:00,2026-07-01 08:57:31,Centennial Olympic Park,Midtown MARTA,member,9.516666666666667,8,2
R102920,2026-06-29 08:30:00,2026-06-29 08:46:00,Georgia State University,Centennial Olympic Park,member,16.0,8,0
R104303,2026-07-14 15:28:00,2026-07-14 15:45:34,Midtown MARTA,Grant Park,casual,17.566666666666666,15,1
R103829,2026-07-09 08:45:00,2026-07-09 08:57:19,Ponce City Market,Midtown MARTA,member,12.316666666666666,8,3
R105848,2026-07-29 19:58:00,2026-07-29 20:07:26,Midtown MARTA,Ponce City Market,member,9.433333333333334,19,2
R100146,2026-06-02 15:20:00,2026-06-02 15:34:11,Atlantic Station,Krog Street Market,member,14.183333333333334,15,1
R100808,2026-06-09 07:42:00,2026-06-09 07:54:06,Centennial Olympic Park,Midtown MARTA,member,12.1,7,1
R103557,2026-07-06 09:46:00,2026-07-06 09:53:41,Midtown MARTA,Centennial Olympic Park,member,7.683333333333334,9,0
R105721,2026-07-27 12:12:00,2026-07-27 12:25:00,Atlantic Station,Georgia State University,member,13.0,12,0
R101033,2026-06-11 06:00:00,2026-06-11 06:07:59,Ponce City Market,Midtown MARTA,member,7.983333333333333,6,3
R103361,2026-07-04 17:04:00,2026-07-04 17:15:56,Centennial Olympic Park,Georgia State University,member,11.933333333333334,17,5
R103510,2026-07-06 20:43:00,2026-07-06 21:00:04,Ponce City Market,Midtown MARTA,member,17.066666666666666,20,0
R103941,2026-07-10 09:08:00,2026-07-10 09:32:51,Ponce City Market,Georgia State University,casual,24.85,9,4
R101340,2026-06-14 11:44:00,2026-06-14 11:58:00,Midtown MARTA,Atlantic Station,member,14.0,11,6
R103291,2026-07-04 07:08:00,2026-07-04 07:30:18,Georgia State University,Ponce City Market,casual,22.3,7,5
R100795,2026-06-08 09:48:00,2026-06-08 10:04:00,Georgia State University,Ponce City Market,casual,16.0,9,0
R104561,2026-07-16 08:58:00,2026-07-16 08:59:00,Atlantic Station,West End,member,1.0,8,3
R104433,2026-07-15 08:09:00,2026-07-15 08:21:00,Centennial Olympic Park,Unknown,member,12.0,8,2
R102215,2026-06-22 11:59:00,2026-06-22 12:02:00,Midtown MARTA,Georgia State University,casual,3.0,11,0
R100877,2026-06-09 18:59:00,2026-06-09 19:09:51,Georgia State University,Unknown,member,10.85,18,1
R101053,2026-06-11 10:46:00,2026-06-11 10:51:10,Atlantic Station,Midtown MARTA,member,5.166666666666667,10,3
R102988,2026-06-30 08:32:00,2026-06-30 08:47:03,Centennial Olympic Park,Krog Street Market,member,15.05,8,1
R105432,2026-07-25 14:12:00,2026-07-25 14:45:00,Ponce City Market,Krog Street Market,casual,33.0,14,5
R105496,2026-07-26 11:19:00,2026-07-26 11:32:01,Atlantic Station,Ponce City Market,member,13.016666666666667,11,6
R102414,2026-06-24 18:40:00,2026-06-24 18:58:00,Ponce City Market,Little Five Points,member,18.0,18,2
R101195,2026-06-12 09:37:00,2026-06-12 10:05:49,Krog Street Market,Georgia State University,casual,28.816666666666666,9,4
R102004,2026-06-20 17:40:00,2026-06-20 18:19:00,Midtown MARTA,Ponce City Market,casual,39.0,17,5
R100498,2026-06-05 07:47:00,2026-06-05 07:54:11,Midtown MARTA,West End,casual,7.183333333333334,7,4
R102201,2026-06-22 08:29:00,2026-06-22 08:40:06,Ponce City Market,Krog Street Market,member,11.1,8,0
R104541,2026-07-16 15:58:00,2026-07-16 16:09:00,Centennial Olympic Park,Georgia State University,member,11.0,15,3
R104434,2026-07-15 08:49:00,2026-07-15 09:09:00,Georgia State University,Centennial Olympic Park,member,20.0,8,2
R103282,2026-07-03 17:33:00,2026-07-03 17:44:29,Ponce City Market,Atlantic Station,member,11.483333333333333,17,4
R101666,2026-06-17 06:45:00,2026-06-17 06:53:37,Piedmont Park,Midtown MARTA,member,8.616666666666667,6,2
R105265,2026-07-23 21:06:00,2026-07-23 21:22:39,Centennial Olympic Park,Ponce City Market,member,16.65,21,3
R100743,2026-06-08 18:50:00,2026-06-08 19:01:06,Midtown MARTA,Georgia State University,member,11.1,18,0
R104148,2026-07-12 01:37:00,2026-07-12 01:38:00,Centennial Olympic Park,Ponce City Market,casual,1.0,1,6
R104822,2026-07-19 13:06:00,2026-07-19 13:27:00,Atlantic Station,Centennial Olympic Park,casual,21.0,13,6
R102715,2026-06-27 12:24:00,2026-06-27 12:26:00,Ponce City Market,Midtown MARTA,member,2.0,12,5
R103096,2026-07-01 15:41:00,2026-07-01 15:51:32,West End,Unknown,member,10.533333333333333,15,2
R101043,2026-06-11 20:40:00,2026-06-11 20:53:31,Ponce City Market,Little Five Points,member,13.516666666666667,20,3
R100120,2026-06-01 07:57:00,2026-06-01 08:11:43,Midtown MARTA,Centennial Olympic Park,member,14.716666666666667,7,0
R102384,2026-06-24 16:00:00,2026-06-24 16:13:35,Little Five Points,Midtown MARTA,member,13.583333333333334,16,2
R101197,2026-06-12 14:56:00,2026-06-12 15:18:06,Ponce City Market,Georgia State University,casual,22.1,14,4
R102372,2026-06-24 10:51:00,2026-06-24 11:01:03,Ponce City Market,Piedmont Park,member,10.05,10,2
R101129,2026-06-12 18:56:00,2026-06-12 19:15:57,Ponce City Market,Georgia State University,casual,19.95,18,4
R105463,2026-07-25 15:07:00,2026-07-25 15:16:55,Ponce City Market,Midtown MARTA,member,9.916666666666666,15,5
R104863,2026-07-19 08:40:00,2026-07-19 09:06:00,Georgia State University,Piedmont Park,casual,26.0,8,6
R101133,2026-06-12 19:52:00,2026-06-12 20:05:00,Midtown MARTA,Little Five Points,member,13.0,19,4
R102261,2026-06-23 18:36:00,2026-06-23 18:51:12,Midtown MARTA,Ponce City Market,member,15.2,18,1
R103203,2026-07-02 16:17:00,2026-07-02 16:52:00,Midtown MARTA,Georgia State University,casual,35.0,16,3
R105661,2026-07-27 18:38:00,2026-07-27 19:09:45,Atlantic Station,Centennial Olympic Park,casual,31.75,18,0
R104241,2026-07-13 14:21:00,2026-07-13 14:23:42,Ponce City Market,Centennial Olympic Park,member,2.7,14,0
R104638,2026-07-17 18:54:00,2026-07-17 19:03:33,Midtown MARTA,Krog Street Market,member,9.55,18,4
R100186,2026-06-02 09:05:00,2026-06-02 09:35:29,Centennial Olympic Park,Georgia State University,casual,30.483333333333334,9,1
R105899,2026-07-29 09:11:00,2026-07-29 09:53:39,Ponce City Market,Georgia State University,casual,42.65,9,2
R102999,2026-06-30 16:18:00,2026-06-30 16:32:00,Midtown MARTA,West End,member,14.0,16,1
R101609,2026-06-17 16:25:00,2026-06-17 16:32:56,Midtown MARTA,Georgia State University,member,7.933333333333334,16,2
R104071,2026-07-11 10:06:00,2026-07-11 10:07:47,Ponce City Market,Piedmont Park,member,1.7833333333333334,10,5
R100015,2026-06-01 16:54:00,2026-06-01 17:05:18,Ponce City Market,Georgia State University,member,11.3,16,0
R104429,2026-07-15 16:19:00,2026-07-15 16:40:06,Little Five Points,Krog Street Market,casual,21.1,16,2
R103987,2026-07-10 08:30:00,2026-07-10 08:42:00,Midtown MARTA,Centennial Olympic Park,member,12.0,8,4
R103151,2026-07-02 06:57:00,2026-07-02 07:24:00,Georgia State University,Ponce City Market,casual,27.0,6,3
R103372,2026-07-04 08:33:00,2026-07-04 08:50:49,Ponce City Market,Piedmont Park,casual,17.816666666666666,8,5
R103441,2026-07-05 00:44:00,2026-07-05 00:50:00,Ponce City Market,West End,member,6.0,0,6
R101146,2026-06-12 08:59:00,2026-06-12 09:21:01,Midtown MARTA,Centennial Olympic Park,casual,22.016666666666666,8,4
R100030,2026-06-01 06:24:00,2026-06-01 06:51:33,Ponce City Market,Atlantic Station,casual,27.55,6,0
R100177,2026-06-02 17:18:00,2026-06-02 17:26:00,Ponce City Market,Centennial Olympic Park,member,8.0,17,1
R105377,2026-07-24 10:30:00,2026-07-24 10:40:00,Midtown MARTA,Georgia State University,member,10.0,10,4
R101083,2026-06-11 19:08:00,2026-06-11 19:35:15,Ponce City Market,Midtown MARTA,casual,27.25,19,3
R103394,2026-07-05 07:20:00,2026-07-05 07:27:31,Midtown MARTA,Ponce City Market,member,7.516666666666667,7,6
R102333,2026-06-24 10:24:00,2026-06-24 11:04:00,Midtown MARTA,Centennial Olympic Park,casual,40.0,10,2
R102819,2026-06-28 14:22:00,2026-06-28 14:30:00,Ponce City Market,Atlantic Station,member,8.0,14,6
R103326,2026-07-04 15:51:00,2026-07-04 16:01:27,Midtown MARTA,Little Five Points,member,10.45,15,5
R103001,2026-06-30 06:37:00,2026-06-30 06:42:11,Midtown MARTA,Centennial Olympic Park,member,5.183333333333334,6,1
R102604,2026-06-26 18:56:00,2026-06-26 19:10:26,Midtown MARTA,Georgia State University,member,14.433333333333334,18,4
R100967,2026-06-10 17:49:00,2026-06-10 17:59:32,Ponce City Market,Grant Park,member,10.533333333333333,17,2
R100714,2026-06-08 06:27:00,2026-06-08 06:32:00,Atlantic Station,Piedmont Park,member,5.0,6,0
R100001,2026-06-01 15:00:00,2026-06-01 15:18:35,Georgia State University,Ponce City Market,member,18.583333333333332,15,0
R104360,2026-07-14 08:59:00,2026-07-14 09:02:35,Atlantic Station,Ponce City Market,casual,3.5833333333333335,8,1
R103420,2026-07-05 11:41:00,2026-07-05 12:12:53,Ponce City Market,Krog Street Market,casual,31.883333333333333,11,6
R102047,2026-06-21 07:39:00,2026-06-21 07:59:00,Midtown MARTA,West End,member,20.0,7,6
R105301,2026-07-23 07:33:00,2026-07-23 07:40:11,Centennial Olympic Park,Ponce City Market,member,7.183333333333334,7,3
R104314,2026-07-14 14:37:00,2026-07-14 14:50:00,Georgia State University,Little Five Points,casual,13.0,14,1
R101688,2026-06-17 09:23:00,2026-06-17 09:39:17,Ponce City Market,Midtown MARTA,member,16.283333333333335,9,2
R104729,2026-07-18 14:43:00,2026-07-18 15:11:37,Midtown MARTA,Ponce City Market,casual,28.616666666666667,14,5
R104919,2026-07-20 13:17:00,2026-07-20 13:31:56,Midtown MARTA,Piedmont Park,member,14.933333333333334,13,0
R101679,2026-06-17 21:38:00,2026-06-17 21:47:00,Midtown MARTA,Atlantic Station,member,9.0,21,2
R105414,2026-07-25 09:40:00,2026-07-25 09:51:23,Midtown MARTA,Centennial Olympic Park,member,11.383333333333333,9,5
R105417,2026-07-25 13:36:00,2026-07-25 14:04:00,Georgia State University,Ponce City Market,casual,28.0,13,5
R101773,2026-06-18 16:46:00,2026-06-18 17:05:11,Georgia State University,Atlantic Station,casual,19.183333333333334,16,3
R101778,2026-06-18 19:23:00,2026-06-18 19:32:00,Grant Park,Ponce City Market,member,9.0,19,3
R105233,2026-07-22 04:34:00,2026-07-22 04:45:35,Midtown MARTA,Centennial Olympic Park,member,11.583333333333334,4,2
R102633,2026-06-26 17:29:00,2026-06-26 17:40:33,Krog Street Market,Centennial Olympic Park,member,11.55,17,4
R100690,2026-06-07 09:19:00,2026-06-07 09:32:15,Centennial Olympic Park,Midtown MARTA,member,13.25,9,6
R100224,2026-06-03 08:06:00,2026-06-03 08:17:19,Ponce City Market,Georgia State University,member,11.316666666666666,8,2
R103537,2026-07-06 20:39:00,2026-07-06 20:48:02,Midtown MARTA,Atlantic Station,member,9.033333333333333,20,0
R101598,2026-06-16 09:38:00,2026-06-16 09:46:19,Georgia State University,Ponce City Market,casual,8.316666666666666,9,1
R104678,2026-07-17 20:38:00,2026-07-17 20:46:36,Ponce City Market,Krog Street Market,member,8.6,20,4
R100624,2026-06-07 12:51:00,2026-06-07 13:09:00,Ponce City Market,Midtown MARTA,member,18.0,12,6
R104344,2026-07-14 11:37:00,2026-07-14 11:43:00,Ponce City Market,Midtown MARTA,casual,6.0,11,1
R100764,2026-06-08 23:15:00,2026-06-08 23:31:07,Midtown MARTA,Ponce City Market,casual,16.116666666666667,23,0
R100534,2026-06-06 16:22:00,2026-06-06 16:32:36,Midtown MARTA,Ponce City Market,member,10.6,16,5
R100240,2026-06-03 15:19:00,2026-06-03 15:46:00,Piedmont Park,Midtown MARTA,casual,27.0,15,2
R104881,2026-07-19 18:13:00,2026-07-19 18:33:23,Ponce City Market,Midtown MARTA,casual,20.383333333333333,18,6
R105020,2026-07-20 17:36:00,2026-07-20 17:42:00,Ponce City Market,Centennial Olympic Park,casual,6.0,17,0
R100342,2026-06-04 16:36:00,2026-06-04 16:43:00,Krog Street Market,Ponce City Market,member,7.0,16,3
R104884,2026-07-19 02:15:00,2026-07-19 02:31:00,Centennial Olympic Park,Ponce City Market,member,16.0,2,6
R102123,2026-06-22 19:20:00,2026-06-22 19:45:10,Grant Park,Georgia State University,casual,25.166666666666668,19,0
R101990,2026-06-20 21:16:00,2026-06-20 21:28:30,Centennial Olympic Park,Ponce City Market,member,12.5,21,5
R104924,2026-07-20 06:25:00,2026-07-20 06:58:48,Centennial Olympic Park,Piedmont Park,casual,33.8,6,0
R105146,2026-07-21 16:24:00,2026-07-21 16:34:47,Ponce City Market,Centennial Olympic Park,member,10.783333333333333,16,1
R103003,2026-06-30 06:41:00,2026-06-30 06:55:48,Midtown MARTA,Ponce City Market,casual,14.8,6,1
R104027,2026-07-11 16:55:00,2026-07-11 17:16:05,Grant Park,Ponce City Market,casual,21.083333333333332,16,5
R105946,2026-07-30 17:15:00,2026-07-30 17:21:00,Midtown MARTA,Atlantic Station,casual,6.0,17,3
R101768,2026-06-18 07:24:00,2026-06-18 07:31:09,Ponce City Market,Midtown MARTA,member,7.15,7,3
R102896,2026-06-29 07:26:00,2026-06-29 07:31:23,Georgia State University,Midtown MARTA,casual,5.383333333333334,7,0
R103363,2026-07-04 12:47:00,2026-07-04 12:59:18,Georgia State University,Ponce City Market,member,12.3,12,5
R102098,2026-06-21 08:47:00,2026-06-21 09:01:18,Ponce City Market,Atlantic Station,casual,14.3,8,6
R104689,2026-07-17 20:16:00,2026-07-17 20:34:09,Midtown MARTA,Ponce City Market,casual,18.15,20,4
R101638,2026-06-17 09:46:00,2026-06-17 09:47:00,Midtown MARTA,Unknown,member,1.0,9,2
R105685,2026-07-27 16:20:00,2026-07-27 16:31:11,Midtown MARTA,Ponce City Market,member,11.183333333333334,16,0
R105891,2026-07-29 08:58:00,2026-07-29 09:38:00,Centennial Olympic Park,Ponce City Market,casual,40.0,8,2
R101097,2026-06-11 07:36:00,2026-06-11 07:43:15,Atlantic Station,Piedmont Park,member,7.25,7,3
R100527,2026-06-06 07:21:00,2026-06-06 07:47:19,Georgia State University,Piedmont Park,casual,26.316666666666666,7,5
R104565,2026-07-16 07:48:00,2026-07-16 08:14:00,Midtown MARTA,Ponce City Market,casual,26.0,7,3
R103114,2026-07-02 06:46:00,2026-07-02 07:07:12,Georgia State University,Ponce City Market,member,21.2,6,3
R101727,2026-06-18 05:18:00,2026-06-18 05:21:30,Ponce City Market,Midtown MARTA,member,3.5,5,3
R104425,2026-07-15 00:27:00,2026-07-15 00:35:00,Georgia State University,Midtown MARTA,member,8.0,0,2
R100060,2026-06-01 19:07:00,2026-06-01 19:29:42,Atlantic Station,Ponce City Market,casual,22.7,19,0
R105121,2026-07-21 16:06:00,2026-07-21 16:08:00,Centennial Olympic Park,Midtown MARTA,member,2.0,16,1
R105181,2026-07-22 19:59:00,2026-07-22 20:03:43,Centennial Olympic Park,Midtown MARTA,member,4.716666666666667,19,2
R101100,2026-06-11 07:34:00,2026-06-11 07:49:52,Midtown MARTA,Atlantic Station,casual,15.866666666666667,7,3
R104134,2026-07-12 12:05:00,2026-07-12 12:09:11,Atlantic Station,Little Five Points,casual,4.183333333333334,12,6
R103907,2026-07-10 17:42:00,2026-07-10 17:57:49,Ponce City Market,Piedmont Park,member,15.816666666666666,17,4
R100067,2026-06-01 14:21:00,2026-06-01 14:31:00,Midtown MARTA,Centennial Olympic Park,member,10.0,14,0
R102574,2026-06-25 15:32:00,2026-06-25 15:37:49,Ponce City Market,Midtown MARTA,member,5.816666666666666,15,3
R105022,2026-07-20 17:21:00,2026-07-20 17:35:58,Ponce City Market,Piedmont Park,member,14.966666666666667,17,0
R102873,2026-06-29 19:20:00,2026-06-29 19:31:05,Midtown MARTA,Piedmont Park,member,11.083333333333334,19,0
R102926,2026-06-29 08:14:00,2026-06-29 08:22:44,Midtown MARTA,Ponce City Market,member,8.733333333333333,8,0
R102871,2026-06-29 15:23:00,2026-06-29 15:29:00,Georgia State University,Grant Park,casual,6.0,15,0
R102038,2026-06-21 22:21:00,2026-06-21 22:37:08,Georgia State University,Piedmont Park,member,16.133333333333333,22,6
R103033,2026-07-01 17:14:00,2026-07-01 17:19:00,Ponce City Market,Unknown,member,5.0,17,2
R104226,2026-07-13 08:57:00,2026-07-13 09:13:39,Krog Street Market,Centennial Olympic Park,member,16.65,8,0
R103131,2026-07-02 18:50:00,2026-07-02 18:56:15,Atlantic Station,Midtown MARTA,member,6.25,18,3
R105603,2026-07-26 07:20:00,2026-07-26 07:44:00,Midtown MARTA,Georgia State University,casual,24.0,7,6
R105960,2026-07-30 07:21:00,2026-07-30 07:33:25,Centennial Olympic Park,Little Five Points,member,12.416666666666666,7,3
R102293,2026-06-23 19:30:00,2026-06-23 19:35:46,Midtown MARTA,Ponce City Market,member,5.766666666666667,19,1
R100916,2026-06-10 06:53:00,2026-06-10 07:09:03,Ponce City Market,Midtown MARTA,member,16.05,6,2
R101192,2026-06-12 12:14:00,2026-06-12 12:22:25,Midtown MARTA,Georgia State University,member,8.416666666666666,12,4
R104813,2026-07-19 11:26:00,2026-07-19 11:32:58,Ponce City Market,Midtown MARTA,member,6.966666666666667,11,6
R104969,2026-07-20 18:11:00,2026-07-20 18:24:00,Piedmont Park,Georgia State University,member,13.0,18,0
R101774,2026-06-18 17:46:00,2026-06-18 18:12:46,Georgia State University,Midtown MARTA,casual,26.766666666666666,17,3
R104874,2026-07-19 08:50:00,2026-07-19 09:14:00,Centennial Olympic Park,Piedmont Park,casual,24.0,8,6
R103967,2026-07-10 08:05:00,2026-07-10 08:10:39,Ponce City Market,Centennial Olympic Park,member,5.65,8,4
R103940,2026-07-10 17:09:00,2026-07-10 17:25:03,Midtown MARTA,Atlantic Station,member,16.05,17,4
R101911,2026-06-19 19:33:00,2026-06-19 19:36:53,Centennial Olympic Park,Atlantic Station,member,3.8833333333333333,19,4
R102848,2026-06-28 09:48:00,2026-06-28 10:36:36,Piedmont Park,Georgia State University,casual,48.6,9,6
R100126,2026-06-02 04:41:00,2026-06-02 04:51:49,Midtown MARTA,Atlantic Station,member,10.816666666666666,4,1
R101791,2026-06-18 08:35:00,2026-06-18 09:18:55,Grant Park,Midtown MARTA,casual,43.916666666666664,8,3
R105874,2026-07-29 08:14:00,2026-07-29 08:20:00,Little Five Points,Midtown MARTA,member,6.0,8,2
R100924,2026-06-10 07:38:00,2026-06-10 07:50:00,Centennial Olympic Park,Ponce City Market,member,12.0,7,2
R105594,2026-07-26 13:18:00,2026-07-26 13:26:44,Georgia State University,Ponce City Market,member,8.733333333333333,13,6
R100699,2026-06-07 09:26:00,2026-06-07 09:42:25,Piedmont Park,Georgia State University,member,16.416666666666668,9,6
R105958,2026-07-30 08:08:00,2026-07-30 08:17:01,Centennial Olympic Park,Ponce City Market,member,9.016666666666667,8,3
R102885,2026-06-29 18:54:00,2026-06-29 19:07:25,Ponce City Market,Midtown MARTA,member,13.416666666666666,18,0
R103625,2026-07-07 15:03:00,2026-07-07 15:12:50,Ponce City Market,Piedmont Park,member,9.833333333333334,15,1
R101781,2026-06-18 19:26:00,2026-06-18 19:51:00,Ponce City Market,Krog Street Market,casual,25.0,19,3
R105243,2026-07-23 13:30:00,2026-07-23 13:36:36,Grant Park,Ponce City Market,member,6.6,13,3
R105356,2026-07-24 13:30:00,2026-07-24 13:38:41,Centennial Olympic Park,Georgia State University,casual,8.683333333333334,13,4
R105074,2026-07-21 07:32:00,2026-07-21 07:41:04,Georgia State University,Midtown MARTA,member,9.066666666666666,7,1
R103375,2026-07-04 11:24:00,2026-07-04 11:46:54,Little Five Points,Midtown MARTA,casual,22.9,11,5
R101437,2026-06-15 17:54:00,2026-06-15 18:10:51,Ponce City Market,Midtown MARTA,member,16.85,17,0
R103743,2026-07-08 17:02:00,2026-07-08 17:08:56,Georgia State University,Midtown MARTA,member,6.933333333333334,17,2
R101288,2026-06-13 11:32:00,2026-06-13 11:42:00,Centennial Olympic Park,Ponce City Market,member,10.0,11,5
R101179,2026-06-12 14:20:00,2026-06-12 14:26:25,Piedmont Park,Midtown MARTA,member,6.416666666666667,14,4
R102627,2026-06-26 08:41:00,2026-06-26 08:52:00,Ponce City Market,Krog Street Market,member,11.0,8,4
R102803,2026-06-28 06:43:00,2026-06-28 07:32:00,Midtown MARTA,Atlantic Station,casual,49.0,6,6
R105781,2026-07-28 18:15:00,2026-07-28 18:19:57,Atlantic Station,Grant Park,member,4.95,18,1
R102393,2026-06-24 08:17:00,2026-06-24 08:35:00,Midtown MARTA,Grant Park,member,18.0,8,2
R101932,2026-06-19 07:54:00,2026-06-19 08:06:00,Midtown MARTA,Ponce City Market,member,12.0,7,4
R102735,2026-06-28 09:36:00,2026-06-28 09:55:47,Georgia State University,Krog Street Market,casual,19.783333333333335,9,6
R103025,2026-07-01 11:50:00,2026-07-01 12:25:31,West End,Atlantic Station,casual,35.516666666666666,11,2
R105617,2026-07-27 18:48:00,2026-07-27 19:19:11,Midtown MARTA,Georgia State University,casual,31.183333333333334,18,0
R104082,2026-07-11 09:18:00,2026-07-11 09:51:05,Midtown MARTA,Ponce City Market,casual,33.083333333333336,9,5
R104278,2026-07-14 01:24:00,2026-07-14 01:44:00,Centennial Olympic Park,Midtown MARTA,casual,20.0,1,1
R102911,2026-06-29 17:05:00,2026-06-29 17:10:31,Grant Park,Georgia State University,member,5.516666666666667,17,0
R103501,2026-07-06 06:48:00,2026-07-06 07:00:13,Centennial Olympic Park,Midtown MARTA,member,12.216666666666667,6,0
R100504,2026-06-05 09:56:00,2026-06-05 10:14:43,Midtown MARTA,Georgia State University,member,18.716666666666665,9,4
R103905,2026-07-10 10:29:00,2026-07-10 10:37:13,Centennial Olympic Park,Midtown MARTA,member,8.216666666666667,10,4
R101334,2026-06-14 15:34:00,2026-06-14 15:59:00,Krog Street Market,Atlantic Station,casual,25.0,15,6
R102591,2026-06-26 17:03:00,2026-06-26 17:11:21,Midtown MARTA,Ponce City Market,member,8.35,17,4
R104127,2026-07-12 08:42:00,2026-07-12 09:23:02,Midtown MARTA,West End,casual,41.03333333333333,8,6
R101978,2026-06-20 13:36:00,2026-06-20 13:41:14,Ponce City Market,Centennial Olympic Park,member,5.233333333333333,13,5
R104819,2026-07-19 13:55:00,2026-07-19 14:05:00,Ponce City Market,Georgia State University,casual,10.0,13,6
R103123,2026-07-02 19:59:00,2026-07-02 20:21:30,Grant Park,Georgia State University,casual,22.5,19,3
R103978,2026-07-10 16:54:00,2026-07-10 17:20:38,Georgia State University,Ponce City Market,casual,26.633333333333333,16,4
R105108,2026-07-21 11:02:00,2026-07-21 11:15:37,Midtown MARTA,Centennial Olympic Park,member,13.616666666666667,11,1
R104501,2026-07-16 21:23:00,2026-07-16 21:47:00,Georgia State University,Ponce City Market,casual,24.0,21,3
R104228,2026-07-13 02:53:00,2026-07-13 02:58:57,Ponce City Market,Midtown MARTA,member,5.95,2,0
R102584,2026-06-26 11:45:00,2026-06-26 12:10:00,Georgia State University,Ponce City Market,casual,25.0,11,4
R104706,2026-07-18 08:05:00,2026-07-18 08:15:00,Krog Street Market,Midtown MARTA,member,10.0,8,5
R100099,2026-06-01 09:50:00,2026-06-01 09:55:01,Midtown MARTA,Ponce City Market,member,5.016666666666667,9,0
R105544,2026-07-26 10:13:00,2026-07-26 10:14:00,Ponce City Market,Unknown,casual,1.0,10,6
R103623,2026-07-07 08:48:00,2026-07-07 08:55:21,Atlantic Station,Midtown MARTA,member,7.35,8,1
R100053,2026-06-01 15:42:00,2026-06-01 15:56:15,Midtown MARTA,Krog Street Market,member,14.25,15,0
R103726,2026-07-08 22:09:00,2026-07-08 22:23:59,Ponce City Market,Midtown MARTA,casual,14.983333333333333,22,2
R103295,2026-07-04 18:38:00,2026-07-04 19:23:52,Georgia State University,Piedmont Park,casual,45.86666666666667,18,5
R104686,2026-07-17 09:21:00,2026-07-17 09:33:00,Centennial Olympic Park,Atlantic Station,member,12.0,9,4
R102200,2026-06-22 07:07:00,2026-06-22 07:17:35,Centennial Olympic Park,Ponce City Market,member,10.583333333333334,7,0
R103413,2026-07-05 08:29:00,2026-07-05 08:51:00,Midtown MARTA,Unknown,casual,22.0,8,6
R105897,2026-07-29 12:08:00,2026-07-29 12:18:11,Midtown MARTA,Centennial Olympic Park,member,10.183333333333334,12,2
R103959,2026-07-10 02:46:00,2026-07-10 02:59:09,Ponce City Market,Georgia State University,member,13.15,2,4
R100258,2026-06-03 07:19:00,2026-06-03 07:27:11,Ponce City Market,Krog Street Market,member,8.183333333333334,7,2
R102077,2026-06-21 20:53:00,2026-06-21 21:04:00,Georgia State University,Ponce City Market,casual,11.0,20,6
R105777,2026-07-28 01:19:00,2026-07-28 01:36:00,Midtown MARTA,Ponce City Market,casual,17.0,1,1
R101393,2026-06-14 12:02:00,2026-06-14 12:34:34,Centennial Olympic Park,Midtown MARTA,casual,32.56666666666667,12,6
R102667,2026-06-27 13:18:00,2026-06-27 13:32:30,Ponce City Market,Midtown MARTA,member,14.5,13,5
R103340,2026-07-04 05:46:00,2026-07-04 05:59:15,Midtown MARTA,Ponce City Market,casual,13.25,5,5
R100430,2026-06-05 17:58:00,2026-06-05 18:07:00,Atlantic Station,Ponce City Market,member,9.0,17,4
R101050,2026-06-11 18:23:00,2026-06-11 18:32:11,Midtown MARTA,Ponce City Market,member,9.183333333333334,18,3
R105018,2026-07-20 18:38:00,2026-07-20 18:50:57,Centennial Olympic Park,Midtown MARTA,member,12.95,18,0
R102487,2026-06-25 17:06:00,2026-06-25 17:15:00,Georgia State University,Centennial Olympic Park,member,9.0,17,3
R100307,2026-06-03 07:30:00,2026-06-03 07:39:47,Midtown MARTA,Krog Street Market,member,9.783333333333333,7,2
R103830,2026-07-09 11:19:00,2026-07-09 11:27:58,Georgia State University,Midtown MARTA,member,8.966666666666667,11,3
R101623,2026-06-17 14:55:00,2026-06-17 15:10:35,Georgia State University,Midtown MARTA,member,15.583333333333334,14,2
R101484,2026-06-15 18:11:00,2026-06-15 18:22:00,Little Five Points,Krog Street Market,member,11.0,18,0
R103402,2026-07-05 12:10:00,2026-07-05 12:20:00,Centennial Olympic Park,Georgia State University,member,10.0,12,6
R101857,2026-06-19 09:15:00,2026-06-19 09:30:58,Atlantic Station,Centennial Olympic Park,member,15.966666666666667,9,4
R101535,2026-06-16 13:37:00,2026-06-16 14:14:00,Midtown MARTA,Ponce City Market,casual,37.0,13,1
R104445,2026-07-15 08:24:00,2026-07-15 08:35:24,Krog Street Market,Midtown MARTA,member,11.4,8,2
R101167,2026-06-12 08:05:00,2026-06-12 08:09:37,Centennial Olympic Park,Georgia State University,member,4.616666666666666,8,4
R103920,2026-07-10 18:23:00,2026-07-10 18:28:14,Midtown MARTA,Atlantic Station,member,5.233333333333333,18,4
R103690,2026-07-08 21:00:00,2026-07-08 21:21:28,Atlantic Station,Centennial Olympic Park,casual,21.466666666666665,21,2
R102229,2026-06-22 16:57:00,2026-06-22 17:11:38,Piedmont Park,Georgia State University,member,14.633333333333333,16,0
R103075,2026-07-01 07:12:00,2026-07-01 07:29:47,Georgia State University,Ponce City Market,casual,17.783333333333335,7,2
R104414,2026-07-15 11:36:00,2026-07-15 11:51:25,Midtown MARTA,Ponce City Market,member,15.416666666666666,11,2
R104893,2026-07-19 14:10:00,2026-07-19 14:15:00,Atlantic Station,Midtown MARTA,member,5.0,14,6
R103541,2026-07-06 11:25:00,2026-07-06 11:26:32,Georgia State University,Atlantic Station,member,1.5333333333333334,11,0
R103584,2026-07-07 07:23:00,2026-07-07 07:29:03,Midtown MARTA,Centennial Olympic Park,member,6.05,7,1
R102552,2026-06-25 19:26:00,2026-06-25 19:37:56,Piedmont Park,Midtown MARTA,member,11.933333333333334,19,3
R104250,2026-07-13 17:06:00,2026-07-13 17:21:42,Centennial Olympic Park,Grant Park,member,15.7,17,0
R100130,2026-06-02 17:18:00,2026-06-02 17:36:12,Centennial Olympic Park,Ponce City Market,member,18.2,17,1
R105304,2026-07-23 06:43:00,2026-07-23 06:51:35,Georgia State University,Ponce City Market,member,8.583333333333334,6,3
R100512,2026-06-05 20:04:00,2026-06-05 20:05:00,Centennial Olympic Park,Midtown MARTA,member,1.0,20,4
R102075,2026-06-21 06:00:00,2026-06-21 06:18:25,Midtown MARTA,Georgia State University,casual,18.416666666666668,6,6
R103682,2026-07-08 13:55:00,2026-07-08 14:06:00,Georgia State University,Piedmont Park,member,11.0,13,2
R100348,2026-06-04 08:37:00,2026-06-04 08:41:00,Midtown MARTA,Krog Street Market,member,4.0,8,3
R105046,2026-07-21 21:22:00,2026-07-21 21:39:01,Midtown MARTA,Ponce City Market,casual,17.016666666666666,21,1
R102322,2026-06-23 08:08:00,2026-06-23 08:12:00,Piedmont Park,Georgia State University,casual,4.0,8,1
R101176,2026-06-12 21:47:00,2026-06-12 21:59:08,Midtown MARTA,Georgia State University,member,12.133333333333333,21,4
R104911,2026-07-19 17:02:00,2026-07-19 17:11:11,Midtown MARTA,Ponce City Market,member,9.183333333333334,17,6
R102675,2026-06-27 11:27:00,2026-06-27 11:51:00,Piedmont Park,Ponce City Market,casual,24.0,11,5
R100679,2026-06-07 09:12:00,2026-06-07 09:23:58,West End,Ponce City Market,member,11.966666666666667,9,6
R101829,2026-06-19 08:42:00,2026-06-19 08:56:31,Georgia State University,Ponce City Market,member,14.516666666666667,8,4
R103037,2026-07-01 15:03:00,2026-07-01 15:14:44,Ponce City Market,West End,member,11.733333333333333,15,2
R105782,2026-07-28 07:04:00,2026-07-28 07:13:00,Midtown MARTA,Georgia State University,member,9.0,7,1
R104029,2026-07-11 12:10:00,2026-07-11 12:25:09,Georgia State University,Centennial Olympic Park,member,15.15,12,5
R104058,2026-07-11 09:50:00,2026-07-11 10:24:00,Centennial Olympic Park,Ponce City Market,casual,34.0,9,5
R101316,2026-06-13 14:12:00,2026-06-13 14:21:00,Centennial Olympic Park,Midtown MARTA,casual,9.0,14,5
R101012,2026-06-11 12:29:00,2026-06-11 12:34:39,Atlantic Station,Georgia State University,casual,5.65,12,3
R105110,2026-07-21 08:34:00,2026-07-21 08:44:00,Krog Street Market,Midtown MARTA,member,10.0,8,1
R102523,2026-06-25 07:34:00,2026-06-25 07:51:11,Midtown MARTA,Ponce City Market,member,17.183333333333334,7,3
R102786,2026-06-28 13:36:00,2026-06-28 14:13:25,Georgia State University,Ponce City Market,casual,37.416666666666664,13,6
R105695,2026-07-27 07:38:00,2026-07-27 07:50:00,Georgia State University,Grant Park,member,12.0,7,0
R102569,2026-06-25 18:25:00,2026-06-25 18:33:15,West End,Ponce City Market,member,8.25,18,3
R101527,2026-06-16 12:26:00,2026-06-16 12:36:00,Midtown MARTA,Georgia State University,member,10.0,12,1
R105733,2026-07-28 16:26:00,2026-07-28 16:51:01,Centennial Olympic Park,Midtown MARTA,casual,25.016666666666666,16,1
R101706,2026-06-17 07:08:00,2026-06-17 07:16:27,Midtown MARTA,Krog Street Market,member,8.45,7,2
R104587,2026-07-17 19:31:00,2026-07-17 19:49:52,Ponce City Market,Centennial Olympic Park,unknown,18.866666666666667,19,4
R105711,2026-07-27 08:33:00,2026-07-27 08:43:25,Atlantic Station,Krog Street Market,member,10.416666666666666,8,0
R100304,2026-06-03 10:14:00,2026-06-03 10:22:26,Atlantic Station,Midtown MARTA,casual,8.433333333333334,10,2
R103205,2026-07-02 16:44:00,2026-07-02 17:01:00,Midtown MARTA,Ponce City Market,casual,17.0,16,3
R103658,2026-07-08 17:52:00,2026-07-08 18:01:52,Atlantic Station,Georgia State University,member,9.866666666666667,17,2
R102617,2026-06-26 09:55:00,2026-06-26 10:07:30,Ponce City Market,Midtown MARTA,member,12.5,9,4
R102230,2026-06-22 11:12:00,2026-06-22 11:24:00,Piedmont Park,West End,member,12.0,11,0
R102240,2026-06-23 17:13:00,2026-06-23 17:30:00,Atlantic Station,Centennial Olympic Park,member,17.0,17,1
R105384,2026-07-24 20:15:00,2026-07-24 20:33:06,Georgia State University,Midtown MARTA,member,18.1,20,4
R102859,2026-06-29 17:05:00,2026-06-29 17:15:23,Krog Street Market,Midtown MARTA,casual,10.383333333333333,17,0
R102869,2026-06-29 18:06:00,2026-06-29 18:12:40,Atlantic Station,Ponce City Market,member,6.666666666666667,18,0
R104993,2026-07-20 06:22:00,2026-07-20 06:29:20,Midtown MARTA,Ponce City Market,member,7.333333333333333,6,0
R100981,2026-06-10 13:58:00,2026-06-10 14:04:07,Krog Street Market,Ponce City Market,member,6.116666666666666,13,2
R104513,2026-07-16 23:46:00,2026-07-16 23:52:24,Midtown MARTA,Georgia State University,member,6.4,23,3
R105514,2026-07-26 13:34:00,2026-07-26 13:47:00,Ponce City Market,Georgia State University,casual,13.0,13,6
R105453,2026-07-25 18:23:00,2026-07-25 18:42:51,Ponce City Market,Georgia State University,casual,19.85,18,5
R103684,2026-07-08 06:47:00,2026-07-08 07:13:22,Midtown MARTA,Centennial Olympic Park,casual,26.366666666666667,6,2
R102762,2026-06-28 07:37:00,2026-06-28 07:50:10,Centennial Olympic Park,Atlantic Station,casual,13.166666666666666,7,6
R103185,2026-07-02 08:55:00,2026-07-02 09:04:47,Ponce City Market,Grant Park,member,9.783333333333333,8,3
R105821,2026-07-29 15:58:00,2026-07-29 16:06:57,Centennial Olympic Park,Ponce City Market,member,8.95,15,2
R100900,2026-06-09 07:53:00,2026-06-09 08:00:00,Midtown MARTA,Atlantic Station,casual,7.0,7,1
R101233,2026-06-12 08:38:00,2026-06-12 08:58:00,Ponce City Market,Georgia State University,member,20.0,8,4
R105795,2026-07-28 11:36:00,2026-07-28 11:37:00,Midtown MARTA,Georgia State University,member,1.0,11,1
R105554,2026-07-26 13:16:00,2026-07-26 13:49:54,Grant Park,Georgia State University,casual,33.9,13,6
R101080,2026-06-11 20:00:00,2026-06-11 20:20:15,Atlantic Station,Georgia State University,member,20.25,20,3
R104078,2026-07-11 03:23:00,2026-07-11 03:49:28,Georgia State University,Midtown MARTA,casual,26.466666666666665,3,5
R100347,2026-06-04 12:26:00,2026-06-04 12:35:49,Midtown MARTA,Atlantic Station,member,9.816666666666666,12,3
R101071,2026-06-11 06:29:00,2026-06-11 06:40:37,Georgia State University,Centennial Olympic Park,member,11.616666666666667,6,3
R101096,2026-06-11 21:43:00,2026-06-11 21:56:00,Grant Park,Georgia State University,member,13.0,21,3
R100745,2026-06-08 08:48:00,2026-06-08 09:02:13,Midtown MARTA,Georgia State University,casual,14.216666666666667,8,0
R101814,2026-06-19 08:16:00,2026-06-19 08:19:39,Centennial Olympic Park,Ponce City Market,member,3.65,8,4
R103913,2026-07-10 00:09:00,2026-07-10 00:19:00,Centennial Olympic Park,Piedmont Park,member,10.0,0,4
R103161,2026-07-02 11:24:00,2026-07-02 11:31:46,Ponce City Market,Piedmont Park,member,7.766666666666667,11,3
R105818,2026-07-29 18:17:00,2026-07-29 18:35:13,Midtown MARTA,Ponce City Market,casual,18.216666666666665,18,2
R103893,2026-07-09 17:02:00,2026-07-09 17:05:11,Georgia State University,Krog Street Market,casual,3.183333333333333,17,3
R102366,2026-06-24 13:15:00,2026-06-24 13:33:07,Ponce City Market,Midtown MARTA,member,18.116666666666667,13,2
R105969,2026-07-30 15:07:00,2026-07-30 15:24:14,Georgia State University,Ponce City Market,member,17.233333333333334,15,3
R102438,2026-06-24 20:35:00,2026-06-24 20:50:00,Ponce City Market,Centennial Olympic Park,member,15.0,20,2
R104277,2026-07-14 08:23:00,2026-07-14 08:26:53,Piedmont Park,Georgia State University,member,3.8833333333333333,8,1
R101024,2026-06-11 08:04:00,2026-06-11 08:16:31,Ponce City Market,Midtown MARTA,member,12.516666666666667,8,3
R105686,2026-07-27 16:24:00,2026-07-27 17:06:29,Midtown MARTA,Ponce City Market,casual,42.483333333333334,16,0
R100407,2026-06-04 17:45:00,2026-06-04 17:58:44,Georgia State University,West End,member,13.733333333333333,17,3
R102105,2026-06-21 15:26:00,2026-06-21 16:07:28,Midtown MARTA,Georgia State University,casual,41.46666666666667,15,6
R100995,2026-06-10 07:50:00,2026-06-10 08:00:00,Centennial Olympic Park,Midtown MARTA,member,10.0,7,2
R105287,2026-07-23 17:52:00,2026-07-23 18:16:12,Midtown MARTA,Unknown,member,24.2,17,3
R105373,2026-07-24 11:49:00,2026-07-24 11:57:38,Piedmont Park,Centennial Olympic Park,member,8.633333333333333,11,4
R100321,2026-06-04 18:27:00,2026-06-04 18:41:14,Ponce City Market,Atlantic Station,member,14.233333333333333,18,3
R105461,2026-07-25 13:10:00,2026-07-25 13:24:00,Atlantic Station,Midtown MARTA,member,14.0,13,5
R103894,2026-07-09 21:15:00,2026-07-09 21:23:36,Midtown MARTA,Ponce City Market,member,8.6,21,3
R100587,2026-06-06 09:01:00,2026-06-06 09:14:28,Georgia State University,Grant Park,casual,13.466666666666667,9,5
R104728,2026-07-18 07:05:00,2026-07-18 07:17:46,Midtown MARTA,Centennial Olympic Park,member,12.766666666666667,7,5
R100869,2026-06-09 12:31:00,2026-06-09 12:44:34,Midtown MARTA,Krog Street Market,member,13.566666666666666,12,1
R100612,2026-06-07 09:57:00,2026-06-07 10:06:37,Atlantic Station,Midtown MARTA,member,9.616666666666667,9,6
R100557,2026-06-06 01:35:00,2026-06-06 02:08:00,Ponce City Market,Midtown MARTA,casual,33.0,1,5
R105114,2026-07-21 18:05:00,2026-07-21 18:33:00,West End,Ponce City Market,casual,28.0,18,1
R105758,2026-07-28 17:35:00,2026-07-28 17:42:12,Piedmont Park,Ponce City Market,member,7.2,17,1
R103519,2026-07-06 17:40:00,2026-07-06 18:03:00,Ponce City Market,Atlantic Station,member,23.0,17,0
R102020,2026-06-21 17:56:00,2026-06-21 18:16:34,Centennial Olympic Park,Georgia State University,casual,20.566666666666666,17,6
R101311,2026-06-13 17:34:00,2026-06-13 17:48:59,Ponce City Market,Georgia State University,member,14.983333333333333,17,5
R100716,2026-06-08 10:35:00,2026-06-08 10:40:00,Ponce City Market,Centennial Olympic Park,member,5.0,10,0
R100999,2026-06-10 16:04:00,2026-06-10 16:15:30,Centennial Olympic Park,Piedmont Park,member,11.5,16,2
R105012,2026-07-20 14:52:00,2026-07-20 15:05:23,Ponce City Market,Georgia State University,member,13.383333333333333,14,0
R101400,2026-06-14 07:51:00,2026-06-14 08:23:32,Ponce City Market,Georgia State University,casual,32.53333333333333,7,6
R104401,2026-07-15 06:47:00,2026-07-15 07:17:00,Little Five Points,Midtown MARTA,casual,30.0,6,2
R105684,2026-07-27 00:15:00,2026-07-27 00:49:38,Midtown MARTA,Centennial Olympic Park,casual,34.63333333333333,0,0
R105059,2026-07-21 06:49:00,2026-07-21 07:03:04,Piedmont Park,Midtown MARTA,member,14.066666666666666,6,1
R102800,2026-06-28 17:27:00,2026-06-28 17:36:14,Midtown MARTA,Ponce City Market,member,9.233333333333333,17,6
R103272,2026-07-03 11:41:00,2026-07-03 11:58:00,Georgia State University,Midtown MARTA,member,17.0,11,4
R103027,2026-07-01 15:56:00,2026-07-01 16:09:00,Georgia State University,Piedmont Park,member,13.0,15,2
R105057,2026-07-21 20:06:00,2026-07-21 20:27:45,Piedmont Park,Midtown MARTA,casual,21.75,20,1
R103440,2026-07-05 13:12:00,2026-07-05 13:28:05,Georgia State University,Piedmont Park,member,16.083333333333332,13,6
R104612,2026-07-17 08:13:00,2026-07-17 08:35:43,Midtown MARTA,Ponce City Market,casual,22.716666666666665,8,4
R100835,2026-06-09 22:28:00,2026-06-09 23:05:00,Piedmont Park,Midtown MARTA,casual,37.0,22,1
R102724,2026-06-27 20:32:00,2026-06-27 20:45:37,Midtown MARTA,Ponce City Market,casual,13.616666666666667,20,5
R104297,2026-07-14 21:11:00,2026-07-14 21:24:35,Ponce City Market,Centennial Olympic Park,member,13.583333333333334,21,1
R101284,2026-06-13 07:17:00,2026-06-13 07:40:00,Georgia State University,Centennial Olympic Park,casual,23.0,7,5
R102880,2026-06-29 16:31:00,2026-06-29 16:43:16,Grant Park,Georgia State University,member,12.266666666666667,16,0
R101007,2026-06-11 01:29:00,2026-06-11 01:46:49,Georgia State University,West End,casual,17.816666666666666,1,3
R103491,2026-07-06 14:26:00,2026-07-06 14:34:36,Krog Street Market,Midtown MARTA,member,8.6,14,0
R105106,2026-07-21 09:04:00,2026-07-21 09:25:54,Georgia State University,West End,casual,21.9,9,1
R103055,2026-07-01 13:47:00,2026-07-01 13:57:33,Midtown MARTA,Georgia State University,member,10.55,13,2
R104016,2026-07-11 08:16:00,2026-07-11 08:28:30,Piedmont Park,Georgia State University,casual,12.5,8,5
R103787,2026-07-09 19:01:00,2026-07-09 19:20:00,Midtown MARTA,Ponce City Market,member,19.0,19,3
R103414,2026-07-05 10:55:00,2026-07-05 11:11:00,Midtown MARTA,Ponce City Market,member,16.0,10,6
R105596,2026-07-26 08:28:00,2026-07-26 08:45:48,Ponce City Market,Midtown MARTA,casual,17.8,8,6
R102128,2026-06-22 14:33:00,2026-06-22 14:46:55,Midtown MARTA,Little Five Points,member,13.916666666666666,14,0
R102161,2026-06-22 20:27:00,2026-06-22 20:43:00,Midtown MARTA,Georgia State University,member,16.0,20,0
R101039,2026-06-11 08:58:00,2026-06-11 09:09:00,Little Five Points,Midtown MARTA,member,11.0,8,3
R104338,2026-07-14 16:05:00,2026-07-14 16:06:00,Georgia State University,Piedmont Park,casual,1.0,16,1
R101518,2026-06-15 16:27:00,2026-06-15 16:33:29,Atlantic Station,Georgia State University,casual,6.483333333333333,16,0
R101217,2026-06-12 18:50:00,2026-06-12 19:05:00,Georgia State University,Midtown MARTA,member,15.0,18,4
R105499,2026-07-26 05:53:00,2026-07-26 06:03:39,Georgia State University,Piedmont Park,member,10.65,5,6
R100032,2026-06-01 18:14:00,2026-06-01 18:46:00,Centennial Olympic Park,Midtown MARTA,casual,32.0,18,0
R105065,2026-07-21 21:51:00,2026-07-21 22:30:05,Ponce City Market,Krog Street Market,casual,39.083333333333336,21,1
R102317,2026-06-23 08:43:00,2026-06-23 08:55:00,Midtown MARTA,Ponce City Market,member,12.0,8,1
R103194,2026-07-02 13:41:00,2026-07-02 13:54:00,Krog Street Market,Midtown MARTA,member,13.0,13,3
R101221,2026-06-12 20:19:00,2026-06-12 20:29:08,Atlantic Station,Midtown MARTA,member,10.133333333333333,20,4
R105135,2026-07-21 19:32:00,2026-07-21 19:45:06,Atlantic Station,Midtown MARTA,member,13.1,19,1
R105532,2026-07-26 08:14:00,2026-07-26 08:19:34,Ponce City Market,Midtown MARTA,member,5.566666666666666,8,6
R103493,2026-07-06 08:31:00,2026-07-06 08:38:00,Piedmont Park,Centennial Olympic Park,member,7.0,8,0
R100851,2026-06-09 16:23:00,2026-06-09 16:44:49,Ponce City Market,Midtown MARTA,casual,21.816666666666666,16,1
R101349,2026-06-14 18:54:00,2026-06-14 19:18:05,Midtown MARTA,Krog Street Market,casual,24.083333333333332,18,6
R105519,2026-07-26 15:34:00,2026-07-26 16:07:07,Midtown MARTA,Ponce City Market,casual,33.11666666666667,15,6
R102203,2026-06-22 16:31:00,2026-06-22 16:37:15,Grant Park,West End,member,6.25,16,0
R104875,2026-07-19 11:57:00,2026-07-19 12:06:59,Ponce City Market,Midtown MARTA,member,9.983333333333333,11,6
R102978,2026-06-30 17:53:00,2026-06-30 18:10:16,Ponce City Market,Georgia State University,member,17.266666666666666,17,1
R104480,2026-07-16 17:36:00,2026-07-16 17:42:00,Midtown MARTA,Ponce City Market,member,6.0,17,3
R102476,2026-06-25 08:45:00,2026-06-25 08:57:00,Georgia State University,Centennial Olympic Park,member,12.0,8,3
R103480,2026-07-06 08:41:00,2026-07-06 08:51:29,Ponce City Market,Midtown MARTA,member,10.483333333333333,8,0
R103222,2026-07-03 12:06:00,2026-07-03 12:16:14,Midtown MARTA,Georgia State University,member,10.233333333333333,12,4
R105662,2026-07-27 21:16:00,2026-07-27 21:28:32,Midtown MARTA,Krog Street Market,member,12.533333333333333,21,0
R100459,2026-06-05 08:44:00,2026-06-05 08:53:35,Ponce City Market,Atlantic Station,member,9.583333333333334,8,4
R101329,2026-06-13 16:49:00,2026-06-13 16:53:40,Centennial Olympic Park,Piedmont Park,casual,4.666666666666667,16,5
R100863,2026-06-09 17:46:00,2026-06-09 18:00:31,Georgia State University,Atlantic Station,member,14.516666666666667,17,1
R104180,2026-07-13 16:43:00,2026-07-13 16:58:58,Grant Park,Midtown MARTA,member,15.966666666666667,16,0
R100946,2026-06-10 16:16:00,2026-06-10 16:36:17,West End,Piedmont Park,casual,20.283333333333335,16,2
R101589,2026-06-16 08:52:00,2026-06-16 08:55:27,Midtown MARTA,Centennial Olympic Park,member,3.45,8,1
R104651,2026-07-17 16:34:00,2026-07-17 16:44:25,Atlantic Station,Midtown MARTA,member,10.416666666666666,16,4
R101452,2026-06-15 16:55:00,2026-06-15 17:12:45,Ponce City Market,Centennial Olympic Park,casual,17.75,16,0
R102905,2026-06-29 10:38:00,2026-06-29 11:11:24,Ponce City Market,Centennial Olympic Park,casual,33.4,10,0
R102624,2026-06-26 11:16:00,2026-06-26 11:21:30,Ponce City Market,Piedmont Park,member,5.5,11,4
R105136,2026-07-21 17:22:00,2026-07-21 17:28:00,West End,Midtown MARTA,member,6.0,17,1
R105455,2026-07-25 09:01:00,2026-07-25 09:10:21,Little Five Points,Atlantic Station,member,9.35,9,5
R101374,2026-06-14 14:52:00,2026-06-14 14:55:55,Georgia State University,Grant Park,casual,3.9166666666666665,14,6
R103197,2026-07-02 14:22:00,2026-07-02 14:38:55,Krog Street Market,Little Five Points,casual,16.916666666666668,14,3
R104661,2026-07-17 21:16:00,2026-07-17 21:27:12,Midtown MARTA,Georgia State University,member,11.2,21,4
R101200,2026-06-12 18:23:00,2026-06-12 18:34:34,Georgia State University,Centennial Olympic Park,member,11.566666666666666,18,4
R104524,2026-07-16 18:06:00,2026-07-16 18:19:10,Ponce City Market,Centennial Olympic Park,member,13.166666666666666,18,3
R102291,2026-06-23 18:52:00,2026-06-23 18:57:00,Midtown MARTA,Ponce City Market,member,5.0,18,1
R103558,2026-07-06 08:58:00,2026-07-06 09:17:35,Ponce City Market,Georgia State University,casual,19.583333333333332,8,0
R103807,2026-07-09 18:16:00,2026-07-09 18:30:41,Georgia State University,Ponce City Market,member,14.683333333333334,18,3
R105371,2026-07-24 09:17:00,2026-07-24 09:48:35,Georgia State University,Midtown MARTA,casual,31.583333333333332,9,4
R101226,2026-06-12 17:57:00,2026-06-12 18:05:07,Midtown MARTA,Georgia State University,member,8.116666666666667,17,4
R102311,2026-06-23 09:13:00,2026-06-23 09:24:43,Ponce City Market,Midtown MARTA,member,11.716666666666667,9,1
R105799,2026-07-28 17:04:00,2026-07-28 17:15:15,Ponce City Market,Krog Street Market,member,11.25,17,1
R102933,2026-06-29 17:34:00,2026-06-29 17:50:00,Georgia State University,Ponce City Market,member,16.0,17,0
R104589,2026-07-17 12:39:00,2026-07-17 12:53:00,Atlantic Station,Georgia State University,member,14.0,12,4
R101204,2026-06-12 05:25:00,2026-06-12 05:39:52,Midtown MARTA,Atlantic Station,member,14.866666666666667,5,4
R100833,2026-06-09 12:58:00,2026-06-09 13:08:02,Midtown MARTA,Piedmont Park,member,10.033333333333333,12,1
R104810,2026-07-19 13:34:00,2026-07-19 13:53:03,Georgia State University,Ponce City Market,casual,19.05,13,6
R104140,2026-07-12 13:43:00,2026-07-12 14:12:09,Centennial Olympic Park,Midtown MARTA,casual,29.15,13,6
R104754,2026-07-18 11:32:00,2026-07-18 11:48:00,Georgia State University,Ponce City Market,casual,16.0,11,5
R101031,2026-06-11 08:26:00,2026-06-11 08:33:49,Midtown MARTA,Piedmont Park,member,7.816666666666666,8,3
R105953,2026-07-30 17:48:00,2026-07-30 17:57:00,Georgia State University,Centennial Olympic Park,member,9.0,17,3
R100861,2026-06-09 13:50:00,2026-06-09 14:07:19,Midtown MARTA,Ponce City Market,member,17.316666666666666,13,1
R105198,2026-07-22 18:15:00,2026-07-22 18:33:28,Georgia State University,Krog Street Market,member,18.466666666666665,18,2
R101411,2026-06-14 20:09:00,2026-06-14 20:31:31,Midtown MARTA,Centennial Olympic Park,casual,22.516666666666666,20,6
R104365,2026-07-14 13:32:00,2026-07-14 13:40:51,Piedmont Park,Georgia State University,member,8.85,13,1
R101040,2026-06-11 09:08:00,2026-06-11 09:14:57,Midtown MARTA,Grant Park,member,6.95,9,3
R103962,2026-07-10 08:34:00,2026-07-10 08:48:28,Ponce City Market,Midtown MARTA,member,14.466666666666667,8,4
R104708,2026-07-18 12:51:00,2026-07-18 13:07:00,Krog Street Market,Ponce City Market,member,16.0,12,5
R100425,2026-06-05 17:11:00,2026-06-05 17:26:00,Ponce City Market,Centennial Olympic Park,member,15.0,17,4
R102704,2026-06-27 14:52:00,2026-06-27 15:06:24,Centennial Olympic Park,Piedmont Park,member,14.4,14,5
R102915,2026-06-29 19:05:00,2026-06-29 19:16:06,Ponce City Market,Midtown MARTA,member,11.1,19,0
R101245,2026-06-12 17:11:00,2026-06-12 17:24:00,Ponce City Market,Atlantic Station,casual,13.0,17,4
R100601,2026-06-07 07:05:00,2026-06-07 07:15:33,Ponce City Market,Midtown MARTA,casual,10.55,7,6
R104008,2026-07-10 03:20:00,2026-07-10 03:27:04,Piedmont Park,Midtown MARTA,member,7.066666666666666,3,4
R100408,2026-06-04 10:07:00,2026-06-04 10:18:00,Little Five Points,Georgia State University,member,11.0,10,3
R100215,2026-06-03 18:40:00,2026-06-03 18:57:00,Georgia State University,Ponce City Market,casual,17.0,18,2
R104895,2026-07-19 10:34:00,2026-07-19 10:42:11,Krog Street Market,Ponce City Market,member,8.183333333333334,10,6
R100564,2026-06-06 06:59:00,2026-06-06 07:37:00,Ponce City Market,Midtown MARTA,casual,38.0,6,5
R104040,2026-07-11 14:01:00,2026-07-11 14:27:56,Atlantic Station,Little Five Points,casual,26.933333333333334,14,5
R105869,2026-07-29 16:54:00,2026-07-29 17:05:01,Midtown MARTA,Georgia State University,member,11.016666666666667,16,2
R100713,2026-06-08 06:23:00,2026-06-08 06:34:09,Georgia State University,Midtown MARTA,member,11.15,6,0
R102390,2026-06-24 06:59:00,2026-06-24 07:11:56,Centennial Olympic Park,Ponce City Market,member,12.933333333333334,6,2
R104674,2026-07-17 19:50:00,2026-07-17 20:04:46,Atlantic Station,Centennial Olympic Park,member,14.766666666666667,19,4
R101008,2026-06-11 19:26:00,2026-06-11 19:37:26,Centennial Olympic Park,Midtown MARTA,member,11.433333333333334,19,3
R102761,2026-06-28 02:25:00,2026-06-28 02:39:11,Georgia State University,Ponce City Market,casual,14.183333333333334,2,6
R104002,2026-07-10 09:52:00,2026-07-10 09:55:00,Centennial Olympic Park,Piedmont Park,member,3.0,9,4
R102227,2026-06-22 08:25:00,2026-06-22 08:54:00,Midtown MARTA,Ponce City Market,casual,29.0,8,0
R100549,2026-06-06 10:09:00,2026-06-06 10:26:26,Centennial Olympic Park,Midtown MARTA,casual,17.433333333333334,10,5
R103620,2026-07-07 12:48:00,2026-07-07 12:58:12,Georgia State University,Midtown MARTA,member,10.2,12,1
R103460,2026-07-05 18:54:00,2026-07-05 19:07:42,Atlantic Station,Centennial Olympic Park,member,13.7,18,6
R100607,2026-06-07 19:00:00,2026-06-07 19:01:00,Midtown MARTA,Georgia State University,casual,1.0,19,6
R103837,2026-07-09 10:33:00,2026-07-09 10:49:30,Ponce City Market,Centennial Olympic Park,member,16.5,10,3
R104334,2026-07-14 19:43:00,2026-07-14 19:47:39,Piedmont Park,Georgia State University,member,4.65,19,1
R105166,2026-07-22 07:07:00,2026-07-22 07:20:00,Midtown MARTA,Ponce City Market,member,13.0,7,2
R102389,2026-06-24 08:47:00,2026-06-24 08:49:00,Atlantic Station,Centennial Olympic Park,member,2.0,8,2
R100914,2026-06-10 22:14:00,2026-06-10 22:28:12,Midtown MARTA,Georgia State University,member,14.2,22,2
R100798,2026-06-08 06:24:00,2026-06-08 06:33:33,Atlantic Station,Centennial Olympic Park,member,9.55,6,0
R101116,2026-06-11 14:07:00,2026-06-11 14:30:55,Piedmont Park,Centennial Olympic Park,casual,23.916666666666668,14,3
R100012,2026-06-01 06:58:00,2026-06-01 07:14:29,Atlantic Station,Krog Street Market,member,16.483333333333334,6,0
R102560,2026-06-25 06:34:00,2026-06-25 06:44:00,Midtown MARTA,Ponce City Market,member,10.0,6,3
R105490,2026-07-26 06:34:00,2026-07-26 06:48:00,Krog Street Market,Midtown MARTA,member,14.0,6,6
R100778,2026-06-08 12:52:00,2026-06-08 12:58:00,Atlantic Station,Midtown MARTA,member,6.0,12,0
R100737,2026-06-08 09:18:00,2026-06-08 09:48:00,Ponce City Market,Midtown MARTA,casual,30.0,9,0
R100584,2026-06-06 16:21:00,2026-06-06 16:31:09,Grant Park,Midtown MARTA,member,10.15,16,5
R101022,2026-06-11 16:24:00,2026-06-11 16:31:30,Little Five Points,Atlantic Station,member,7.5,16,3
R105823,2026-07-29 17:56:00,2026-07-29 18:08:30,Atlantic Station,Ponce City Market,member,12.5,17,2
R100856,2026-06-09 19:27:00,2026-06-09 19:32:11,Atlantic Station,Midtown MARTA,member,5.183333333333334,19,1
R101286,2026-06-13 14:40:00,2026-06-13 15:08:35,Centennial Olympic Park,Georgia State University,casual,28.583333333333332,14,5
R102272,2026-06-23 09:36:00,2026-06-23 10:00:22,Midtown MARTA,Piedmont Park,casual,24.366666666666667,9,1
R104571,2026-07-16 08:52:00,2026-07-16 09:00:00,Midtown MARTA,Centennial Olympic Park,member,8.0,8,3
R105847,2026-07-29 16:45:00,2026-07-29 17:06:00,Centennial Olympic Park,Georgia State University,casual,21.0,16,2
R100144,2026-06-02 23:20:00,2026-06-02 23:33:39,Ponce City Market,Centennial Olympic Park,casual,13.65,23,1
R100508,2026-06-05 07:46:00,2026-06-05 07:57:20,Midtown MARTA,Ponce City Market,member,11.333333333333334,7,4
R101830,2026-06-19 13:48:00,2026-06-19 13:58:48,Georgia State University,Midtown MARTA,casual,10.8,13,4
R100790,2026-06-08 16:31:00,2026-06-08 16:44:27,Midtown MARTA,Ponce City Market,member,13.45,16,0
R104850,2026-07-19 11:22:00,2026-07-19 12:02:00,Midtown MARTA,Atlantic Station,casual,40.0,11,6
R100779,2026-06-08 06:16:00,2026-06-08 06:28:41,Midtown MARTA,Atlantic Station,member,12.683333333333334,6,0
R105898,2026-07-29 10:33:00,2026-07-29 10:43:00,Atlantic Station,Ponce City Market,member,10.0,10,2
R102473,2026-06-25 08:03:00,2026-06-25 08:21:25,Krog Street Market,Midtown MARTA,member,18.416666666666668,8,3
R100034,2026-06-01 17:05:00,2026-06-01 17:36:14,Midtown MARTA,Piedmont Park,casual,31.233333333333334,17,0
R100351,2026-06-04 08:44:00,2026-06-04 08:57:33,Midtown MARTA,Piedmont Park,member,13.55,8,3
R100857,2026-06-09 09:10:00,2026-06-09 09:16:00,Midtown MARTA,Atlantic Station,casual,6.0,9,1
R101950,2026-06-20 12:37:00,2026-06-20 13:20:14,Centennial Olympic Park,Georgia State University,casual,43.233333333333334,12,5
R101236,2026-06-12 18:04:00,2026-06-12 18:13:00,Krog Street Market,Midtown MARTA,member,9.0,18,4
R103369,2026-07-04 15:25:00,2026-07-04 15:34:33,Ponce City Market,Grant Park,member,9.55,15,5
R103028,2026-07-01 18:04:00,2026-07-01 18:11:12,Ponce City Market,Georgia State University,member,7.2,18,2
R104050,2026-07-11 11:00:00,2026-07-11 11:11:16,Piedmont Park,Ponce City Market,member,11.266666666666667,11,5
R100212,2026-06-03 08:38:00,2026-06-03 08:56:07,Centennial Olympic Park,Georgia State University,casual,18.116666666666667,8,2
R100890,2026-06-09 15:09:00,2026-06-09 15:25:41,Ponce City Market,Grant Park,member,16.683333333333334,15,1
R103742,2026-07-08 04:41:00,2026-07-08 04:47:29,Ponce City Market,Georgia State University,member,6.483333333333333,4,2
R105072,2026-07-21 16:55:00,2026-07-21 17:04:02,Midtown MARTA,Piedmont Park,casual,9.033333333333333,16,1
R100889,2026-06-09 16:06:00,2026-06-09 16:37:00,Georgia State University,Centennial Olympic Park,casual,31.0,16,1
R105660,2026-07-27 16:32:00,2026-07-27 16:58:48,Georgia State University,Centennial Olympic Park,casual,26.8,16,0
R104986,2026-07-20 06:24:00,2026-07-20 06:34:05,Little Five Points,Atlantic Station,member,10.083333333333334,6,0
R102601,2026-06-26 11:48:00,2026-06-26 12:12:13,Georgia State University,Midtown MARTA,casual,24.216666666666665,11,4
R105117,2026-07-21 20:47:00,2026-07-21 20:57:33,Ponce City Market,Georgia State University,casual,10.55,20,1
R101735,2026-06-18 14:56:00,2026-06-18 15:06:09,Midtown MARTA,Piedmont Park,member,10.15,14,3
R104938,2026-07-20 08:47:00,2026-07-20 08:59:00,Midtown MARTA,Centennial Olympic Park,member,12.0,8,0
R104527,2026-07-16 09:41:00,2026-07-16 09:48:36,Midtown MARTA,West End,member,7.6,9,3
R102339,2026-06-24 07:18:00,2026-06-24 07:47:16,Atlantic Station,Midtown MARTA,casual,29.266666666666666,7,2
R103531,2026-07-06 16:30:00,2026-07-06 16:41:00,Midtown MARTA,Georgia State University,member,11.0,16,0
R101110,2026-06-11 10:26:00,2026-06-11 10:35:52,Atlantic Station,Georgia State University,member,9.866666666666667,10,3
R100604,2026-06-07 16:10:00,2026-06-07 16:31:23,Ponce City Market,Midtown MARTA,casual,21.383333333333333,16,6
R101155,2026-06-12 16:21:00,2026-06-12 16:37:27,Atlantic Station,Georgia State University,casual,16.45,16,4
R102779,2026-06-28 11:23:00,2026-06-28 11:34:36,Georgia State University,Midtown MARTA,member,11.6,11,6
R104868,2026-07-19 16:03:00,2026-07-19 16:21:02,Midtown MARTA,Atlantic Station,member,18.033333333333335,16,6
R101330,2026-06-13 07:47:00,2026-06-13 08:01:52,Midtown MARTA,West End,member,14.866666666666667,7,5
R101676,2026-06-17 08:43:00,2026-06-17 08:59:56,Ponce City Market,Georgia State University,casual,16.933333333333334,8,2
R100097,2026-06-01 15:43:00,2026-06-01 15:53:12,Midtown MARTA,Ponce City Market,member,10.2,15,0
R100002,2026-06-01 10:37:00,2026-06-01 10:52:53,Atlantic Station,Georgia State University,member,15.883333333333333,10,0
R102881,2026-06-29 15:00:00,2026-06-29 15:13:31,Atlantic Station,Piedmont Park,member,13.516666666666667,15,0
R105718,2026-07-27 08:23:00,2026-07-27 08:40:04,Centennial Olympic Park,Midtown MARTA,member,17.066666666666666,8,0
R101379,2026-06-14 11:16:00,2026-06-14 11:23:00,Ponce City Market,West End,casual,7.0,11,6
R103856,2026-07-09 16:28:00,2026-07-09 16:41:47,Midtown MARTA,Atlantic Station,casual,13.783333333333333,16,3
R103763,2026-07-08 15:58:00,2026-07-08 16:06:33,Ponce City Market,Midtown MARTA,member,8.55,15,2
R100974,2026-06-10 16:47:00,2026-06-10 16:58:15,Georgia State University,Ponce City Market,member,11.25,16,2
R103758,2026-07-08 22:19:00,2026-07-08 22:46:24,Ponce City Market,Piedmont Park,casual,27.4,22,2
R104808,2026-07-19 18:43:00,2026-07-19 19:07:44,Midtown MARTA,Atlantic Station,casual,24.733333333333334,18,6
R103887,2026-07-09 19:49:00,2026-07-09 20:15:11,Grant Park,Georgia State University,casual,26.183333333333334,19,3
R105144,2026-07-21 20:50:00,2026-07-21 21:03:13,Midtown MARTA,Georgia State University,casual,13.216666666666667,20,1
R105978,2026-07-30 08:45:00,2026-07-30 08:56:32,West End,Midtown MARTA,member,11.533333333333333,8,3
R102442,2026-06-24 15:18:00,2026-06-24 15:23:41,Little Five Points,Ponce City Market,member,5.683333333333334,15,2
R100749,2026-06-08 13:41:00,2026-06-08 14:20:08,Midtown MARTA,Ponce City Market,casual,39.13333333333333,13,0
R103977,2026-07-10 09:36:00,2026-07-10 09:54:01,Midtown MARTA,Krog Street Market,casual,18.016666666666666,9,4
R105580,2026-07-26 19:48:00,2026-07-26 20:12:39,Midtown MARTA,Ponce City Market,casual,24.65,19,6
R105410,2026-07-25 11:38:00,2026-07-25 11:44:00,Midtown MARTA,Ponce City Market,member,6.0,11,5
R102106,2026-06-21 14:23:00,2026-06-21 14:31:00,Midtown MARTA,Georgia State University,member,8.0,14,6
R101538,2026-06-16 13:46:00,2026-06-16 13:57:00,Midtown MARTA,Atlantic Station,member,11.0,13,1
R105800,2026-07-28 12:59:00,2026-07-28 13:08:02,Centennial Olympic Park,Midtown MARTA,member,9.033333333333333,12,1
R104514,2026-07-16 08:47:00,2026-07-16 08:55:00,Midtown MARTA,Ponce City Market,member,8.0,8,3
R104572,2026-07-16 13:27:00,2026-07-16 13:36:50,Grant Park,Midtown MARTA,member,9.833333333333334,13,3
R103449,2026-07-05 18:37:00,2026-07-05 19:03:00,Georgia State University,Ponce City Market,casual,26.0,18,6
R101723,2026-06-17 08:43:00,2026-06-17 08:56:22,Centennial Olympic Park,Ponce City Market,member,13.366666666666667,8,2
R104404,2026-07-15 14:11:00,2026-07-15 14:21:43,Krog Street Market,Atlantic Station,casual,10.716666666666667,14,2
R100866,2026-06-09 07:42:00,2026-06-09 07:45:12,Ponce City Market,Krog Street Market,member,3.2,7,1
R101252,2026-06-13 13:10:00,2026-06-13 13:24:22,Midtown MARTA,West End,member,14.366666666666667,13,5
R105357,2026-07-24 15:06:00,2026-07-24 15:16:41,Centennial Olympic Park,Midtown MARTA,member,10.683333333333334,15,4
R101483,2026-06-15 13:20:00,2026-06-15 13:34:53,Midtown MARTA,Piedmont Park,member,14.883333333333333,13,0
R103821,2026-07-09 19:20:00,2026-07-09 19:43:00,Georgia State University,Atlantic Station,casual,23.0,19,3
R100892,2026-06-09 14:43:00,2026-06-09 15:08:00,Midtown MARTA,Ponce City Market,casual,25.0,14,1
R103090,2026-07-01 05:17:00,2026-07-01 05:27:13,Midtown MARTA,Little Five Points,member,10.216666666666667,5,2
R104264,2026-07-14 23:11:00,2026-07-14 23:16:35,Ponce City Market,Georgia State University,unknown,5.583333333333333,23,1
R102428,2026-06-24 18:44:00,2026-06-24 19:31:49,Centennial Olympic Park,Ponce City Market,casual,47.81666666666667,18,2
R105192,2026-07-22 18:25:00,2026-07-22 18:43:46,Midtown MARTA,Centennial Olympic Park,member,18.766666666666666,18,2
R100514,2026-06-05 13:20:00,2026-06-05 13:35:00,Piedmont Park,Centennial Olympic Park,member,15.0,13,4
R103311,2026-07-04 15:32:00,2026-07-04 15:41:42,Krog Street Market,Unknown,member,9.7,15,5
R105142,2026-07-21 09:17:00,2026-07-21 09:29:07,Midtown MARTA,Little Five Points,member,12.116666666666667,9,1
R105892,2026-07-29 12:32:00,2026-07-29 12:41:00,Centennial Olympic Park,Georgia State University,member,9.0,12,2
R104882,2026-07-19 11:51:00,2026-07-19 11:54:00,Midtown MARTA,Centennial Olympic Park,member,3.0,11,6
R102615,2026-06-26 17:26:00,2026-06-26 17:36:07,Midtown MARTA,Ponce City Market,member,10.116666666666667,17,4
R103858,2026-07-09 13:21:00,2026-07-09 13:28:55,Piedmont Park,Ponce City Market,member,7.916666666666667,13,3
R104204,2026-07-13 08:15:00,2026-07-13 08:26:14,Atlantic Station,Centennial Olympic Park,member,11.233333333333333,8,0
R100665,2026-06-07 19:49:00,2026-06-07 19:53:48,Centennial Olympic Park,Atlantic Station,unknown,4.8,19,6
R101059,2026-06-11 12:18:00,2026-06-11 12:28:00,Centennial Olympic Park,Atlantic Station,member,10.0,12,3
R105425,2026-07-25 09:43:00,2026-07-25 09:51:36,Ponce City Market,Midtown MARTA,member,8.6,9,5
R102095,2026-06-21 15:31:00,2026-06-21 15:38:48,Midtown MARTA,Little Five Points,member,7.8,15,6
R105667,2026-07-27 06:51:00,2026-07-27 07:08:47,Atlantic Station,Georgia State University,member,17.783333333333335,6,0
R104422,2026-07-15 17:04:00,2026-07-15 17:17:00,Midtown MARTA,Ponce City Market,casual,13.0,17,2
R103827,2026-07-09 18:54:00,2026-07-09 19:01:36,Midtown MARTA,Centennial Olympic Park,member,7.6,18,3
R105541,2026-07-26 01:03:00,2026-07-26 01:13:57,Grant Park,Georgia State University,casual,10.95,1,6
R105952,2026-07-30 16:56:00,2026-07-30 17:05:00,Ponce City Market,Piedmont Park,member,9.0,16,3
R104238,2026-07-13 07:20:00,2026-07-13 07:24:00,Midtown MARTA,Centennial Olympic Park,member,4.0,7,0
R100720,2026-06-08 16:20:00,2026-06-08 16:33:00,Atlantic Station,Krog Street Market,member,13.0,16,0
R101937,2026-06-20 16:13:00,2026-06-20 16:28:16,Midtown MARTA,Atlantic Station,casual,15.266666666666667,16,5
R101073,2026-06-11 11:43:00,2026-06-11 11:50:00,Atlantic Station,Ponce City Market,member,7.0,11,3
R104336,2026-07-14 17:44:00,2026-07-14 17:58:00,Ponce City Market,Georgia State University,member,14.0,17,1
R105861,2026-07-29 06:29:00,2026-07-29 06:34:00,Ponce City Market,Piedmont Park,member,5.0,6,2
R102062,2026-06-21 17:33:00,2026-06-21 17:46:23,Centennial Olympic Park,Ponce City Market,casual,13.383333333333333,17,6
R105375,2026-07-24 09:37:00,2026-07-24 09:48:33,Ponce City Market,West End,member,11.55,9,4
R105165,2026-07-22 12:52:00,2026-07-22 13:00:33,Ponce City Market,Georgia State University,member,8.55,12,2
R102116,2026-06-21 08:27:00,2026-06-21 08:46:00,Midtown MARTA,Centennial Olympic Park,casual,19.0,8,6
R100759,2026-06-08 17:36:00,2026-06-08 17:45:49,Georgia State University,Krog Street Market,member,9.816666666666666,17,0
R100310,2026-06-03 10:04:00,2026-06-03 10:18:00,Centennial Olympic Park,Little Five Points,member,14.0,10,2
R103771,2026-07-08 18:38:00,2026-07-08 18:48:00,Grant Park,Georgia State University,member,10.0,18,2
R104521,2026-07-16 07:32:00,2026-07-16 07:54:16,Georgia State University,Centennial Olympic Park,casual,22.266666666666666,7,3
R102471,2026-06-25 07:19:00,2026-06-25 07:30:58,Piedmont Park,Midtown MARTA,member,11.966666666666667,7,3
R105100,2026-07-21 21:22:00,2026-07-21 21:34:00,Centennial Olympic Park,Georgia State University,member,12.0,21,1
R101425,2026-06-15 15:50:00,2026-06-15 16:03:00,Krog Street Market,Centennial Olympic Park,member,13.0,15,0
R103568,2026-07-07 08:20:00,2026-07-07 08:25:17,Centennial Olympic Park,Ponce City Market,member,5.283333333333333,8,1
R103139,2026-07-02 12:40:00,2026-07-02 12:51:00,Ponce City Market,Grant Park,member,11.0,12,3
R103988,2026-07-10 08:14:00,2026-07-10 08:25:49,Centennial Olympic Park,Ponce City Market,member,11.816666666666666,8,4
R104117,2026-07-12 14:50:00,2026-07-12 15:26:00,Midtown MARTA,Ponce City Market,casual,36.0,14,6
R102418,2026-06-24 16:08:00,2026-06-24 16:26:05,Ponce City Market,Midtown MARTA,member,18.083333333333332,16,2
R100200,2026-06-02 08:02:00,2026-06-02 08:11:37,Ponce City Market,Georgia State University,member,9.616666666666667,8,1
R102783,2026-06-28 00:16:00,2026-06-28 00:39:22,Georgia State University,Piedmont Park,casual,23.366666666666667,0,6
R104769,2026-07-18 11:00:00,2026-07-18 11:37:49,Midtown MARTA,Atlantic Station,casual,37.81666666666667,11,5
R101866,2026-06-19 17:13:00,2026-06-19 17:43:31,Ponce City Market,Piedmont Park,casual,30.516666666666666,17,4
R100334,2026-06-04 20:07:00,2026-06-04 20:08:00,Little Five Points,Atlantic Station,member,1.0,20,3
R100163,2026-06-02 07:33:00,2026-06-02 07:59:40,Ponce City Market,Midtown MARTA,casual,26.666666666666668,7,1
R100437,2026-06-05 18:52:00,2026-06-05 18:57:24,Midtown MARTA,Georgia State University,member,5.4,18,4
R103657,2026-07-08 21:14:00,2026-07-08 21:28:32,Midtown MARTA,Ponce City Market,member,14.533333333333333,21,2
R104109,2026-07-12 13:00:00,2026-07-12 13:08:06,Georgia State University,Midtown MARTA,member,8.1,13,6
R105942,2026-07-30 17:56:00,2026-07-30 18:05:00,Krog Street Market,Midtown MARTA,member,9.0,17,3
R100660,2026-06-07 12:17:00,2026-06-07 12:23:40,Midtown MARTA,Georgia State University,member,6.666666666666667,12,6
R105988,2026-07-30 18:32:00,2026-07-30 18:43:30,Ponce City Market,Grant Park,member,11.5,18,3
R102701,2026-06-27 18:34:00,2026-06-27 18:39:32,Centennial Olympic Park,Georgia State University,member,5.533333333333333,18,5
R100767,2026-06-08 16:10:00,2026-06-08 16:27:40,Midtown MARTA,Ponce City Market,member,17.666666666666668,16,0
R105576,2026-07-26 17:22:00,2026-07-26 17:50:00,Ponce City Market,Piedmont Park,casual,28.0,17,6
R100712,2026-06-08 20:38:00,2026-06-08 20:48:25,Piedmont Park,Midtown MARTA,casual,10.416666666666666,20,0
R100471,2026-06-05 19:53:00,2026-06-05 20:02:03,Piedmont Park,Atlantic Station,casual,9.05,19,4
R101308,2026-06-13 14:04:00,2026-06-13 14:28:53,Krog Street Market,Midtown MARTA,casual,24.883333333333333,14,5
R101231,2026-06-12 23:30:00,2026-06-12 23:41:00,Ponce City Market,Atlantic Station,member,11.0,23,4
R100773,2026-06-08 04:55:00,2026-06-08 05:07:12,Ponce City Market,Midtown MARTA,member,12.2,4,0
R103018,2026-06-30 17:20:00,2026-06-30 17:37:06,Georgia State University,Ponce City Market,member,17.1,17,1
R100669,2026-06-07 15:16:00,2026-06-07 15:32:18,Georgia State University,Midtown MARTA,casual,16.3,15,6
R105283,2026-07-23 13:03:00,2026-07-23 13:20:00,Georgia State University,Ponce City Market,casual,17.0,13,3
R105092,2026-07-21 07:18:00,2026-07-21 07:25:00,Krog Street Market,Atlantic Station,member,7.0,7,1
R104328,2026-07-14 17:17:00,2026-07-14 17:32:40,Ponce City Market,Georgia State University,member,15.666666666666666,17,1
R103556,2026-07-06 07:05:00,2026-07-06 07:16:23,Ponce City Market,Centennial Olympic Park,member,11.383333333333333,7,0
R101344,2026-06-14 03:37:00,2026-06-14 04:16:00,Ponce City Market,Georgia State University,casual,39.0,3,6
R105369,2026-07-24 16:42:00,2026-07-24 16:46:13,Midtown MARTA,Georgia State University,member,4.216666666666667,16,4
R102033,2026-06-21 15:36:00,2026-06-21 15:47:00,Midtown MARTA,Ponce City Market,member,11.0,15,6
R103792,2026-07-09 06:18:00,2026-07-09 06:27:55,Little Five Points,Georgia State University,member,9.916666666666666,6,3
R100158,2026-06-02 16:31:00,2026-06-02 16:47:00,Georgia State University,Piedmont Park,casual,16.0,16,1
R102400,2026-06-24 08:46:00,2026-06-24 08:50:00,Atlantic Station,Midtown MARTA,member,4.0,8,2
R103911,2026-07-10 21:29:00,2026-07-10 21:37:00,Midtown MARTA,Grant Park,casual,8.0,21,4
R105663,2026-07-27 18:51:00,2026-07-27 19:03:00,Georgia State University,Ponce City Market,member,12.0,18,0
R101548,2026-06-16 07:30:00,2026-06-16 07:34:14,Ponce City Market,Midtown MARTA,member,4.233333333333333,7,1
R105870,2026-07-29 05:53:00,2026-07-29 06:06:26,Centennial Olympic Park,Georgia State University,member,13.433333333333334,5,2
R104239,2026-07-13 09:43:00,2026-07-13 09:55:46,Centennial Olympic Park,Atlantic Station,member,12.766666666666667,9,0
R104948,2026-07-20 01:38:00,2026-07-20 01:53:00,Midtown MARTA,Ponce City Market,member,15.0,1,0
R105207,2026-07-22 17:49:00,2026-07-22 17:52:51,Centennial Olympic Park,Atlantic Station,member,3.85,17,2
R104601,2026-07-17 07:38:00,2026-07-17 07:50:00,West End,Unknown,member,12.0,7,4
R104698,2026-07-18 14:03:00,2026-07-18 14:19:19,Georgia State University,Atlantic Station,member,16.316666666666666,14,5
R100870,2026-06-09 19:12:00,2026-06-09 19:23:54,Midtown MARTA,Georgia State University,member,11.9,19,1
R100569,2026-06-06 08:29:00,2026-06-06 09:08:00,Georgia State University,Ponce City Market,casual,39.0,8,5
R104695,2026-07-18 07:17:00,2026-07-18 07:21:15,Krog Street Market,Centennial Olympic Park,member,4.25,7,5
R101668,2026-06-17 09:01:00,2026-06-17 09:07:25,Ponce City Market,Georgia State University,member,6.416666666666667,9,2
R104677,2026-07-17 19:50:00,2026-07-17 20:05:32,Georgia State University,Ponce City Market,casual,15.533333333333333,19,4
R103877,2026-07-09 15:53:00,2026-07-09 16:07:00,Midtown MARTA,Unknown,member,14.0,15,3
R100169,2026-06-02 06:24:00,2026-06-02 06:32:00,Ponce City Market,Centennial Olympic Park,member,8.0,6,1
R102085,2026-06-21 17:23:00,2026-06-21 17:31:27,Atlantic Station,Georgia State University,member,8.45,17,6
R100757,2026-06-08 14:01:00,2026-06-08 14:14:18,Georgia State University,Atlantic Station,member,13.3,14,0
R100241,2026-06-03 05:30:00,2026-06-03 05:54:56,Krog Street Market,Georgia State University,casual,24.933333333333334,5,2
R104972,2026-07-20 09:14:00,2026-07-20 09:25:00,Midtown MARTA,Atlantic Station,member,11.0,9,0
R102928,2026-06-29 08:20:00,2026-06-29 08:23:56,West End,Atlantic Station,member,3.933333333333333,8,0
R100961,2026-06-10 07:22:00,2026-06-10 07:32:00,Ponce City Market,Atlantic Station,member,10.0,7,2
R101893,2026-06-19 05:13:00,2026-06-19 05:26:48,Atlantic Station,Piedmont Park,member,13.8,5,4
R103475,2026-07-06 17:17:00,2026-07-06 17:18:00,Midtown MARTA,Georgia State University,casual,1.0,17,0
R105633,2026-07-27 07:51:00,2026-07-27 08:19:18,Piedmont Park,West End,casual,28.3,7,0
R100176,2026-06-02 03:50:00,2026-06-02 04:02:00,Midtown MARTA,Piedmont Park,member,12.0,3,1
R101137,2026-06-12 23:39:00,2026-06-13 00:02:00,Piedmont Park,Midtown MARTA,member,23.0,23,4
R101985,2026-06-20 06:52:00,2026-06-20 07:05:04,Ponce City Market,Krog Street Market,member,13.066666666666666,6,5
R101972,2026-06-20 11:09:00,2026-06-20 11:11:00,Georgia State University,Ponce City Market,member,2.0,11,5
R105054,2026-07-21 12:07:00,2026-07-21 12:43:00,Georgia State University,Atlantic Station,casual,36.0,12,1
R100117,2026-06-01 07:23:00,2026-06-01 07:45:51,Georgia State University,Midtown MARTA,casual,22.85,7,0
R105190,2026-07-22 08:06:00,2026-07-22 08:14:00,Georgia State University,Midtown MARTA,member,8.0,8,2
R103455,2026-07-05 13:29:00,2026-07-05 13:35:45,Midtown MARTA,Krog Street Market,member,6.75,13,6
R103502,2026-07-06 16:10:00,2026-07-06 16:39:00,Centennial Olympic Park,Grant Park,casual,29.0,16,0
R102391,2026-06-24 07:45:00,2026-06-24 07:58:12,Centennial Olympic Park,Midtown MARTA,member,13.2,7,2
R104200,2026-07-13 16:50:00,2026-07-13 17:11:17,Ponce City Market,Piedmont Park,member,21.283333333333335,16,0
R105700,2026-07-27 19:12:00,2026-07-27 19:15:29,Midtown MARTA,Ponce City Market,member,3.4833333333333334,19,0
R102621,2026-06-26 17:52:00,2026-06-26 17:59:19,Ponce City Market,Georgia State University,member,7.316666666666666,17,4
R100031,2026-06-01 15:18:00,2026-06-01 15:33:00,Georgia State University,Midtown MARTA,member,15.0,15,0
R105150,2026-07-21 17:31:00,2026-07-21 17:46:05,Georgia State University,Midtown MARTA,member,15.083333333333334,17,1
R104533,2026-07-16 13:18:00,2026-07-16 13:42:00,Georgia State University,Midtown MARTA,casual,24.0,13,3
R102209,2026-06-22 06:16:00,2026-06-22 06:25:25,Centennial Olympic Park,Midtown MARTA,member,9.416666666666666,6,0
R100640,2026-06-07 09:45:00,2026-06-07 10:29:45,Little Five Points,Centennial Olympic Park,casual,44.75,9,6
R104110,2026-07-12 12:40:00,2026-07-12 13:02:00,Georgia State University,Ponce City Market,casual,22.0,12,6
R103121,2026-07-02 14:51:00,2026-07-02 15:01:47,Midtown MARTA,Atlantic Station,member,10.783333333333333,14,3
R104796,2026-07-18 23:37:00,2026-07-18 23:46:34,Georgia State University,Midtown MARTA,casual,9.566666666666666,23,5
R103760,2026-07-08 09:11:00,2026-07-08 09:25:25,Ponce City Market,Piedmont Park,member,14.416666666666666,9,2
R102183,2026-06-22 17:01:00,2026-06-22 17:12:50,Ponce City Market,Piedmont Park,member,11.833333333333334,17,0
R104346,2026-07-14 17:30:00,2026-07-14 17:34:37,Midtown MARTA,Piedmont Park,member,4.616666666666666,17,1
R101552,2026-06-16 21:19:00,2026-06-16 21:26:25,Atlantic Station,Midtown MARTA,member,7.416666666666667,21,1
R100481,2026-06-05 09:33:00,2026-06-05 09:39:12,Midtown MARTA,Ponce City Market,member,6.2,9,4
R100944,2026-06-10 18:53:00,2026-06-10 18:59:00,Ponce City Market,Midtown MARTA,member,6.0,18,2
R103257,2026-07-03 00:01:00,2026-07-03 00:05:15,Midtown MARTA,Atlantic Station,member,4.25,0,4
R105085,2026-07-21 06:35:00,2026-07-21 06:44:00,Midtown MARTA,Centennial Olympic Park,member,9.0,6,1
R102433,2026-06-24 21:33:00,2026-06-24 21:41:00,Georgia State University,Midtown MARTA,member,8.0,21,2
R104443,2026-07-15 09:00:00,2026-07-15 09:06:01,Midtown MARTA,Ponce City Market,member,6.016666666666667,9,2
R101689,2026-06-17 08:52:00,2026-06-17 09:02:00,Midtown MARTA,Little Five Points,member,10.0,8,2
R104190,2026-07-13 18:31:00,2026-07-13 18:47:27,Georgia State University,Midtown MARTA,member,16.45,18,0
R104692,2026-07-18 12:08:00,2026-07-18 12:24:00,Georgia State University,Midtown MARTA,member,16.0,12,5
R102994,2026-06-30 20:14:00,2026-06-30 20:20:00,Centennial Olympic Park,Krog Street Market,member,6.0,20,1
R104384,2026-07-15 05:24:00,2026-07-15 05:38:02,Centennial Olympic Park,Georgia State University,member,14.033333333333333,5,2
R102361,2026-06-24 21:51:00,2026-06-24 22:36:00,Georgia State University,Atlantic Station,casual,45.0,21,2
R102969,2026-06-30 13:57:00,2026-06-30 14:12:00,Midtown MARTA,Georgia State University,casual,15.0,13,1
R103640,2026-07-07 10:04:00,2026-07-07 10:23:00,Georgia State University,Midtown MARTA,member,19.0,10,1
R105460,2026-07-25 12:00:00,2026-07-25 12:26:35,Ponce City Market,Georgia State University,casual,26.583333333333332,12,5
R100824,2026-06-09 17:17:00,2026-06-09 17:38:00,Georgia State University,Piedmont Park,member,21.0,17,1
R100765,2026-06-08 14:47:00,2026-06-08 14:56:00,Georgia State University,Piedmont Park,member,9.0,14,0
R100673,2026-06-07 09:42:00,2026-06-07 10:19:35,Georgia State University,Ponce City Market,casual,37.583333333333336,9,6
R100826,2026-06-09 15:22:00,2026-06-09 15:34:14,Ponce City Market,Georgia State University,member,12.233333333333333,15,1
R102483,2026-06-25 17:58:00,2026-06-25 18:11:41,Ponce City Market,Centennial Olympic Park,member,13.683333333333334,17,3
R102401,2026-06-24 17:42:00,2026-06-24 17:55:46,Ponce City Market,Piedmont Park,member,13.766666666666667,17,2
R103228,2026-07-03 16:23:00,2026-07-03 16:32:34,Georgia State University,Midtown MARTA,member,9.566666666666666,16,4
R103825,2026-07-09 08:35:00,2026-07-09 08:51:20,Ponce City Market,Centennial Olympic Park,member,16.333333333333332,8,3
R105213,2026-07-22 20:03:00,2026-07-22 20:14:00,Ponce City Market,Georgia State University,casual,11.0,20,2
R103796,2026-07-09 11:52:00,2026-07-09 12:02:05,Piedmont Park,Centennial Olympic Park,member,10.083333333333334,11,3
R101279,2026-06-13 23:52:00,2026-06-14 00:02:27,Midtown MARTA,Ponce City Market,member,10.45,23,5
R100982,2026-06-10 05:19:00,2026-06-10 06:08:01,Georgia State University,Midtown MARTA,casual,49.016666666666666,5,2
R104214,2026-07-13 07:20:00,2026-07-13 07:31:00,Midtown MARTA,Grant Park,member,11.0,7,0
R103353,2026-07-04 10:26:00,2026-07-04 11:05:11,Ponce City Market,Georgia State University,casual,39.18333333333333,10,5
R101682,2026-06-17 17:45:00,2026-06-17 17:52:41,Midtown MARTA,Piedmont Park,member,7.683333333333334,17,2
R104756,2026-07-18 11:34:00,2026-07-18 11:45:42,Georgia State University,Centennial Olympic Park,member,11.7,11,5
R104595,2026-07-17 20:29:00,2026-07-17 20:39:29,Midtown MARTA,Centennial Olympic Park,member,10.483333333333333,20,4
R105989,2026-07-30 07:51:00,2026-07-30 08:10:26,Piedmont Park,Midtown MARTA,casual,19.433333333333334,7,3
R105698,2026-07-27 18:06:00,2026-07-27 18:16:28,Little Five Points,Midtown MARTA,member,10.466666666666667,18,0
R104860,2026-07-19 09:41:00,2026-07-19 10:09:59,Ponce City Market,Atlantic Station,casual,28.983333333333334,9,6
R105161,2026-07-22 10:03:00,2026-07-22 10:35:25,Piedmont Park,Ponce City Market,casual,32.416666666666664,10,2
R104635,2026-07-17 15:58:00,2026-07-17 16:03:00,Ponce City Market,Atlantic Station,member,5.0,15,4
R100210,2026-06-03 16:18:00,2026-06-03 16:30:20,Piedmont Park,Midtown MARTA,member,12.333333333333334,16,2
R105776,2026-07-28 08:05:00,2026-07-28 08:23:00,Midtown MARTA,Krog Street Market,member,18.0,8,1
R103951,2026-07-10 15:34:00,2026-07-10 15:38:00,Ponce City Market,Piedmont Park,casual,4.0,15,4
R104739,2026-07-18 21:06:00,2026-07-18 21:31:00,Midtown MARTA,Ponce City Market,casual,25.0,21,5
R104791,2026-07-18 06:45:00,2026-07-18 06:50:32,Centennial Olympic Park,Midtown MARTA,member,5.533333333333333,6,5
R101562,2026-06-16 12:01:00,2026-06-16 12:24:52,West End,Midtown MARTA,casual,23.866666666666667,12,1
R104530,2026-07-16 07:47:00,2026-07-16 07:58:44,Georgia State University,Ponce City Market,unknown,11.733333333333333,7,3
R104315,2026-07-14 07:43:00,2026-07-14 07:45:00,Atlantic Station,Centennial Olympic Park,member,2.0,7,1
R105643,2026-07-27 08:22:00,2026-07-27 08:33:00,Piedmont Park,Centennial Olympic Park,member,11.0,8,0
R102437,2026-06-24 17:22:00,2026-06-24 17:33:22,Midtown MARTA,Ponce City Market,member,11.366666666666667,17,2
R100492,2026-06-05 17:40:00,2026-06-05 17:48:47,Midtown MARTA,Atlantic Station,member,8.783333333333333,17,4
R102459,2026-06-25 17:59:00,2026-06-25 18:09:50,Midtown MARTA,Ponce City Market,member,10.833333333333334,17,3
R101163,2026-06-12 10:45:00,2026-06-12 10:54:12,Krog Street Market,Midtown MARTA,member,9.2,10,4
R101320,2026-06-13 14:41:00,2026-06-13 14:48:41,Midtown MARTA,Ponce City Market,member,7.683333333333334,14,5
R104313,2026-07-14 07:52:00,2026-07-14 08:13:00,Atlantic Station,Ponce City Market,casual,21.0,7,1
R101674,2026-06-17 19:46:00,2026-06-17 19:51:53,Georgia State University,Centennial Olympic Park,member,5.883333333333334,19,2
R103078,2026-07-01 17:49:00,2026-07-01 18:20:00,Piedmont Park,Georgia State University,casual,31.0,17,2
R103300,2026-07-04 15:41:00,2026-07-04 16:00:09,Midtown MARTA,Ponce City Market,casual,19.15,15,5
R102078,2026-06-21 14:59:00,2026-06-21 15:12:00,Krog Street Market,Centennial Olympic Park,member,13.0,14,6
R103699,2026-07-08 13:02:00,2026-07-08 13:11:03,Midtown MARTA,Grant Park,member,9.05,13,2
R101751,2026-06-18 21:36:00,2026-06-18 21:52:19,Ponce City Market,Georgia State University,member,16.316666666666666,21,3
R100189,2026-06-02 20:23:00,2026-06-02 20:36:32,Centennial Olympic Park,Ponce City Market,member,13.533333333333333,20,1
R100518,2026-06-05 17:23:00,2026-06-05 17:24:00,Centennial Olympic Park,Krog Street Market,member,1.0,17,4
R101368,2026-06-14 18:40:00,2026-06-14 18:51:35,Midtown MARTA,Centennial Olympic Park,member,11.583333333333334,18,6
R102312,2026-06-23 07:19:00,2026-06-23 07:27:03,Piedmont Park,Ponce City Market,member,8.05,7,1
R100500,2026-06-05 01:47:00,2026-06-05 01:53:37,Midtown MARTA,Ponce City Market,member,6.616666666666666,1,4
R102764,2026-06-28 16:22:00,2026-06-28 16:50:08,Midtown MARTA,Georgia State University,casual,28.133333333333333,16,6
R101980,2026-06-20 18:20:00,2026-06-20 18:34:43,Midtown MARTA,Ponce City Market,member,14.716666666666667,18,5
R104931,2026-07-20 07:12:00,2026-07-20 07:30:18,Piedmont Park,West End,member,18.3,7,0
R104216,2026-07-13 11:04:00,2026-07-13 11:15:41,Centennial Olympic Park,Krog Street Market,member,11.683333333333334,11,0
R100815,2026-06-09 08:27:00,2026-06-09 08:28:00,Ponce City Market,Georgia State University,casual,1.0,8,1
R101184,2026-06-12 16:38:00,2026-06-12 16:39:55,Centennial Olympic Park,Krog Street Market,member,1.9166666666666667,16,4
R102186,2026-06-22 08:31:00,2026-06-22 08:35:50,Piedmont Park,Ponce City Market,member,4.833333333333333,8,0
R104920,2026-07-20 08:22:00,2026-07-20 08:33:46,Midtown MARTA,Centennial Olympic Park,member,11.766666666666667,8,0
R102831,2026-06-28 12:08:00,2026-06-28 12:30:49,Centennial Olympic Park,Piedmont Park,casual,22.816666666666666,12,6
R102671,2026-06-27 13:10:00,2026-06-27 13:43:43,Georgia State University,Atlantic Station,casual,33.71666666666667,13,5
R100274,2026-06-03 18:01:00,2026-06-03 18:18:00,Atlantic Station,Midtown MARTA,casual,17.0,18,2
R101281,2026-06-13 09:12:00,2026-06-13 09:19:00,Midtown MARTA,Ponce City Market,member,7.0,9,5
R104379,2026-07-15 07:44:00,2026-07-15 07:53:11,Midtown MARTA,Piedmont Park,member,9.183333333333334,7,2
R101298,2026-06-13 13:53:00,2026-06-13 14:03:23,Grant Park,Georgia State University,member,10.383333333333333,13,5
R105619,2026-07-27 08:41:00,2026-07-27 08:55:19,Centennial Olympic Park,Ponce City Market,member,14.316666666666666,8,0
R102066,2026-06-21 14:14:00,2026-06-21 14:42:00,Georgia State University,Ponce City Market,casual,28.0,14,6
R102605,2026-06-26 13:25:00,2026-06-26 13:42:00,Midtown MARTA,Centennial Olympic Park,member,17.0,13,4
R102650,2026-06-26 15:20:00,2026-06-26 15:37:00,Ponce City Market,Midtown MARTA,member,17.0,15,4
R102594,2026-06-26 06:14:00,2026-06-26 06:24:55,Ponce City Market,Midtown MARTA,member,10.916666666666666,6,4
R105158,2026-07-22 17:27:00,2026-07-22 17:35:57,Georgia State University,Midtown MARTA,member,8.95,17,2
R101770,2026-06-18 07:13:00,2026-06-18 07:21:36,Krog Street Market,Midtown MARTA,member,8.6,7,3
R101471,2026-06-15 07:04:00,2026-06-15 07:09:31,Piedmont Park,Ponce City Market,member,5.516666666666667,7,0
R104064,2026-07-11 20:43:00,2026-07-11 20:53:41,Ponce City Market,Georgia State University,member,10.683333333333334,20,5
R105492,2026-07-26 15:06:00,2026-07-26 15:22:04,Centennial Olympic Park,Midtown MARTA,member,16.066666666666666,15,6
R104557,2026-07-16 18:35:00,2026-07-16 18:47:00,Midtown MARTA,Ponce City Market,member,12.0,18,3
R103391,2026-07-05 10:22:00,2026-07-05 10:27:51,Georgia State University,West End,member,5.85,10,6
R103271,2026-07-03 18:14:00,2026-07-03 18:22:00,Midtown MARTA,Krog Street Market,member,8.0,18,4
R100477,2026-06-05 12:42:00,2026-06-05 13:09:42,Midtown MARTA,Ponce City Market,casual,27.7,12,4
R101254,2026-06-13 11:35:00,2026-06-13 11:36:00,Atlantic Station,Centennial Olympic Park,casual,1.0,11,5
R100115,2026-06-01 08:12:00,2026-06-01 08:27:45,Midtown MARTA,Atlantic Station,member,15.75,8,0
R105222,2026-07-22 07:11:00,2026-07-22 07:19:10,Ponce City Market,Centennial Olympic Park,member,8.166666666666666,7,2
R105480,2026-07-25 07:56:00,2026-07-25 08:04:25,Georgia State University,Midtown MARTA,member,8.416666666666666,7,5
R102049,2026-06-21 19:26:00,2026-06-21 19:39:30,Midtown MARTA,Atlantic Station,member,13.5,19,6
R100019,2026-06-01 05:15:00,2026-06-01 05:29:42,Midtown MARTA,Ponce City Market,member,14.7,5,0
R102120,2026-06-21 13:47:00,2026-06-21 14:28:20,Little Five Points,Centennial Olympic Park,casual,41.333333333333336,13,6
R102269,2026-06-23 11:28:00,2026-06-23 11:44:00,Midtown MARTA,Unknown,member,16.0,11,1
R102028,2026-06-21 08:45:00,2026-06-21 08:52:51,Midtown MARTA,Piedmont Park,member,7.85,8,6
R105219,2026-07-22 16:45:00,2026-07-22 16:57:27,Georgia State University,Ponce City Market,member,12.45,16,2
R103230,2026-07-03 20:00:00,2026-07-03 20:07:14,Georgia State University,Krog Street Market,member,7.233333333333333,20,4
R105367,2026-07-24 11:21:00,2026-07-24 11:30:00,Midtown MARTA,Ponce City Market,member,9.0,11,4
R100962,2026-06-10 08:41:00,2026-06-10 08:51:55,Piedmont Park,Midtown MARTA,member,10.916666666666666,8,2
R103319,2026-07-04 15:08:00,2026-07-04 15:19:50,Georgia State University,Centennial Olympic Park,member,11.833333333333334,15,5
R102309,2026-06-23 06:59:00,2026-06-23 07:07:24,Georgia State University,Atlantic Station,member,8.4,6,1
R101487,2026-06-15 21:05:00,2026-06-15 21:15:00,Piedmont Park,Midtown MARTA,member,10.0,21,0
R105227,2026-07-22 07:47:00,2026-07-22 08:07:08,Centennial Olympic Park,Ponce City Market,casual,20.133333333333333,7,2
R105903,2026-07-30 07:45:00,2026-07-30 07:48:30,Midtown MARTA,Ponce City Market,member,3.5,7,3
R102596,2026-06-26 20:24:00,2026-06-26 20:41:00,Midtown MARTA,Georgia State University,casual,17.0,20,4
R102065,2026-06-21 13:30:00,2026-06-21 13:44:48,Ponce City Market,Georgia State University,casual,14.8,13,6
R103972,2026-07-10 09:20:00,2026-07-10 09:36:14,Georgia State University,Atlantic Station,casual,16.233333333333334,9,4
R104396,2026-07-15 15:54:00,2026-07-15 16:00:51,Centennial Olympic Park,Piedmont Park,member,6.85,15,2
R102037,2026-06-21 03:08:00,2026-06-21 03:26:49,Georgia State University,Atlantic Station,casual,18.816666666666666,3,6
R103254,2026-07-03 02:09:00,2026-07-03 02:27:55,Atlantic Station,Midtown MARTA,member,18.916666666666668,2,4
R103470,2026-07-06 17:24:00,2026-07-06 18:07:08,Midtown MARTA,Georgia State University,casual,43.13333333333333,17,0
R101731,2026-06-18 17:48:00,2026-06-18 17:58:00,Ponce City Market,Georgia State University,member,10.0,17,3
R101191,2026-06-12 21:45:00,2026-06-12 21:54:54,Ponce City Market,Georgia State University,member,9.9,21,4
R105864,2026-07-29 20:41:00,2026-07-29 20:50:02,Midtown MARTA,Ponce City Market,member,9.033333333333333,20,2
R104330,2026-07-14 16:33:00,2026-07-14 16:41:09,Ponce City Market,Midtown MARTA,member,8.15,16,1
R104540,2026-07-16 15:28:00,2026-07-16 15:41:22,Midtown MARTA,Georgia State University,member,13.366666666666667,15,3
R101361,2026-06-14 08:52:00,2026-06-14 09:16:25,Piedmont Park,Midtown MARTA,casual,24.416666666666668,8,6
R105433,2026-07-25 17:50:00,2026-07-25 18:30:39,Midtown MARTA,Ponce City Market,casual,40.65,17,5
R102673,2026-06-27 14:51:00,2026-06-27 15:03:23,Georgia State University,Centennial Olympic Park,member,12.383333333333333,14,5
R100448,2026-06-05 17:23:00,2026-06-05 17:30:40,Midtown MARTA,Georgia State University,member,7.666666666666667,17,4
R102086,2026-06-21 14:23:00,2026-06-21 15:07:28,Midtown MARTA,Piedmont Park,casual,44.46666666666667,14,6
R101521,2026-06-15 21:18:00,2026-06-15 21:23:31,Centennial Olympic Park,Ponce City Market,member,5.516666666666667,21,0
R102551,2026-06-25 20:25:00,2026-06-25 21:18:24,Ponce City Market,West End,casual,53.4,20,3
R104901,2026-07-19 14:50:00,2026-07-19 15:18:00,Georgia State University,Midtown MARTA,casual,28.0,14,6
R100103,2026-06-01 01:23:00,2026-06-01 01:41:43,Ponce City Market,Midtown MARTA,member,18.716666666666665,1,0
R100472,2026-06-05 17:40:00,2026-06-05 17:52:03,Georgia State University,Midtown MARTA,member,12.05,17,4
R103302,2026-07-04 15:01:00,2026-07-04 15:26:28,Centennial Olympic Park,Piedmont Park,casual,25.466666666666665,15,5
R103529,2026-07-06 19:36:00,2026-07-06 19:49:00,Centennial Olympic Park,Ponce City Market,member,13.0,19,0
R102289,2026-06-23 18:31:00,2026-06-23 18:41:43,Midtown MARTA,Krog Street Market,member,10.716666666666667,18,1
R104798,2026-07-18 18:34:00,2026-07-18 19:07:00,Atlantic Station,Centennial Olympic Park,casual,33.0,18,5
R105011,2026-07-20 11:53:00,2026-07-20 12:22:23,Krog Street Market,Little Five Points,casual,29.383333333333333,11,0
R105572,2026-07-26 09:10:00,2026-07-26 09:20:00,Grant Park,West End,member,10.0,9,6
R100503,2026-06-05 10:45:00,2026-06-05 10:56:00,Midtown MARTA,Georgia State University,member,11.0,10,4
R105606,2026-07-27 08:24:00,2026-07-27 08:54:45,Georgia State University,Ponce City Market,casual,30.75,8,0
R101901,2026-06-19 08:00:00,2026-06-19 08:11:39,Georgia State University,Little Five Points,member,11.65,8,4
R104373,2026-07-15 15:55:00,2026-07-15 16:06:39,Ponce City Market,Georgia State University,member,11.65,15,2
R105649,2026-07-27 18:11:00,2026-07-27 18:32:00,Ponce City Market,Georgia State University,casual,21.0,18,0
R100288,2026-06-03 04:24:00,2026-06-03 04:31:00,Ponce City Market,Midtown MARTA,member,7.0,4,2
R103275,2026-07-03 19:07:00,2026-07-03 19:19:59,Krog Street Market,Centennial Olympic Park,member,12.983333333333333,19,4
R100618,2026-06-07 13:17:00,2026-06-07 13:37:05,Centennial Olympic Park,Midtown MARTA,casual,20.083333333333332,13,6
R103285,2026-07-04 17:55:00,2026-07-04 18:07:16,Ponce City Market,Georgia State University,member,12.266666666666667,17,5
R100729,2026-06-08 17:28:00,2026-06-08 17:43:00,Centennial Olympic Park,Little Five Points,member,15.0,17,0
R102502,2026-06-25 16:50:00,2026-06-25 17:07:58,Grant Park,Georgia State University,casual,17.966666666666665,16,3
R101449,2026-06-15 21:39:00,2026-06-15 22:01:00,Midtown MARTA,Georgia State University,casual,22.0,21,0
R103234,2026-07-03 07:32:00,2026-07-03 07:38:00,Midtown MARTA,West End,casual,6.0,7,4
R104290,2026-07-14 07:32:00,2026-07-14 07:51:27,Piedmont Park,Ponce City Market,casual,19.45,7,1
R105262,2026-07-23 08:31:00,2026-07-23 08:44:00,Little Five Points,Ponce City Market,member,13.0,8,3
R100254,2026-06-03 19:33:00,2026-06-03 19:42:39,Piedmont Park,Ponce City Market,casual,9.65,19,2
R103548,2026-07-06 10:52:00,2026-07-06 11:02:45,Krog Street Market,Georgia State University,member,10.75,10,0
R103258,2026-07-03 16:27:00,2026-07-03 16:40:49,Georgia State University,Centennial Olympic Park,member,13.816666666666666,16,4
R103110,2026-07-02 11:34:00,2026-07-02 12:06:49,Ponce City Market,Centennial Olympic Park,casual,32.81666666666667,11,3
R105254,2026-07-23 09:23:00,2026-07-23 09:49:52,Atlantic Station,Georgia State University,casual,26.866666666666667,9,3
R103590,2026-07-07 08:14:00,2026-07-07 08:21:31,Georgia State University,West End,member,7.516666666666667,8,1
R101198,2026-06-12 17:24:00,2026-06-12 17:42:00,Ponce City Market,Midtown MARTA,member,18.0,17,4
R105244,2026-07-23 07:42:00,2026-07-23 07:47:11,Ponce City Market,Krog Street Market,member,5.183333333333334,7,3
R101906,2026-06-19 16:11:00,2026-06-19 16:17:17,Georgia State University,Krog Street Market,member,6.283333333333333,16,4
R104960,2026-07-20 16:34:00,2026-07-20 16:40:41,Krog Street Market,Ponce City Market,member,6.683333333333334,16,0
R100157,2026-06-02 19:10:00,2026-06-02 19:35:31,Georgia State University,Atlantic Station,casual,25.516666666666666,19,1
R105985,2026-07-30 07:05:00,2026-07-30 07:20:00,Midtown MARTA,Unknown,member,15.0,7,3
R103983,2026-07-10 08:50:00,2026-07-10 09:00:41,Midtown MARTA,Atlantic Station,member,10.683333333333334,8,4
R102278,2026-06-23 08:19:00,2026-06-23 08:30:31,Georgia State University,Midtown MARTA,member,11.516666666666667,8,1
R102383,2026-06-24 16:56:00,2026-06-24 17:09:00,Piedmont Park,Ponce City Market,member,13.0,16,2
R101966,2026-06-20 16:58:00,2026-06-20 17:19:45,Midtown MARTA,Georgia State University,casual,21.75,16,5
R101959,2026-06-20 12:45:00,2026-06-20 13:29:45,Ponce City Market,Midtown MARTA,casual,44.75,12,5
R100451,2026-06-05 17:48:00,2026-06-05 18:11:03,Ponce City Market,Atlantic Station,casual,23.05,17,4
R100208,2026-06-03 18:03:00,2026-06-03 18:15:51,Ponce City Market,Atlantic Station,member,12.85,18,2
R101952,2026-06-20 07:19:00,2026-06-20 07:28:00,Midtown MARTA,Centennial Olympic Park,casual,9.0,7,5
R100595,2026-06-07 13:09:00,2026-06-07 13:14:11,Midtown MARTA,Ponce City Market,member,5.183333333333334,13,6
R103126,2026-07-02 08:44:00,2026-07-02 08:55:00,Grant Park,Ponce City Market,member,11.0,8,3
R102376,2026-06-24 08:28:00,2026-06-24 08:41:20,Ponce City Market,Midtown MARTA,member,13.333333333333334,8,2
R104624,2026-07-17 07:19:00,2026-07-17 07:26:00,Georgia State University,Little Five Points,member,7.0,7,4
R100289,2026-06-03 16:27:00,2026-06-03 16:46:51,Ponce City Market,Midtown MARTA,casual,19.85,16,2
R101642,2026-06-17 07:45:00,2026-06-17 07:47:46,Ponce City Market,Midtown MARTA,casual,2.7666666666666666,7,2
R102693,2026-06-27 17:03:00,2026-06-27 17:29:54,Georgia State University,Ponce City Market,casual,26.9,17,5
R101643,2026-06-17 10:31:00,2026-06-17 10:47:59,Ponce City Market,Midtown MARTA,member,16.983333333333334,10,2
R103147,2026-07-02 18:19:00,2026-07-02 18:27:10,Midtown MARTA,Piedmont Park,member,8.166666666666666,18,3
R101436,2026-06-15 14:42:00,2026-06-15 14:50:00,Ponce City Market,Midtown MARTA,member,8.0,14,0
R100263,2026-06-03 08:51:00,2026-06-03 09:04:39,Midtown MARTA,Centennial Olympic Park,member,13.65,8,2
R101280,2026-06-13 12:15:00,2026-06-13 12:43:40,Georgia State University,Midtown MARTA,casual,28.666666666666668,12,5
R100836,2026-06-09 19:54:00,2026-06-09 20:05:02,Centennial Olympic Park,Krog Street Market,member,11.033333333333333,19,1
R100326,2026-06-04 06:38:00,2026-06-04 06:45:41,Midtown MARTA,Piedmont Park,member,7.683333333333334,6,3
R102431,2026-06-24 06:25:00,2026-06-24 06:29:00,Centennial Olympic Park,Ponce City Market,member,4.0,6,2
R100639,2026-06-07 15:18:00,2026-06-07 15:23:00,Ponce City Market,Midtown MARTA,member,5.0,15,6
R102893,2026-06-29 04:32:00,2026-06-29 04:37:03,Midtown MARTA,Atlantic Station,member,5.05,4,0
R105843,2026-07-29 18:26:00,2026-07-29 18:36:42,Atlantic Station,Centennial Olympic Park,member,10.7,18,2
R104014,2026-07-11 03:44:00,2026-07-11 03:51:00,Midtown MARTA,West End,member,7.0,3,5
R105359,2026-07-24 17:35:00,2026-07-24 17:47:00,Ponce City Market,Centennial Olympic Park,member,12.0,17,4
R103016,2026-06-30 07:08:00,2026-06-30 07:26:22,West End,Midtown MARTA,member,18.366666666666667,7,1
R101693,2026-06-17 13:30:00,2026-06-17 13:54:00,Midtown MARTA,Ponce City Market,casual,24.0,13,2
R101223,2026-06-12 18:31:00,2026-06-12 18:38:20,Krog Street Market,Centennial Olympic Park,member,7.333333333333333,18,4
R101438,2026-06-15 08:02:00,2026-06-15 08:12:16,Ponce City Market,Midtown MARTA,member,10.266666666666667,8,0
R104381,2026-07-15 05:24:00,2026-07-15 05:33:00,Midtown MARTA,Georgia State University,member,9.0,5,2
R104345,2026-07-14 17:48:00,2026-07-14 17:59:22,Midtown MARTA,Atlantic Station,member,11.366666666666667,17,1
R100061,2026-06-01 16:36:00,2026-06-01 16:48:00,Piedmont Park,Ponce City Market,member,12.0,16,0
R105738,2026-07-28 17:08:00,2026-07-28 17:11:00,Centennial Olympic Park,Ponce City Market,member,3.0,17,1
R101808,2026-06-19 17:15:00,2026-06-19 17:32:53,Centennial Olympic Park,Atlantic Station,casual,17.883333333333333,17,4
R102514,2026-06-25 16:03:00,2026-06-25 16:09:00,Ponce City Market,Little Five Points,member,6.0,16,3
R104976,2026-07-20 05:00:00,2026-07-20 05:14:00,Midtown MARTA,Piedmont Park,member,14.0,5,0
R100927,2026-06-10 08:11:00,2026-06-10 08:38:00,Centennial Olympic Park,Atlantic Station,casual,27.0,8,2
R103965,2026-07-10 17:07:00,2026-07-10 17:26:49,West End,Ponce City Market,casual,19.816666666666666,17,4
R103678,2026-07-08 01:16:00,2026-07-08 01:21:00,Midtown MARTA,Ponce City Market,member,5.0,1,2
R101042,2026-06-11 10:14:00,2026-06-11 10:31:00,Ponce City Market,Piedmont Park,member,17.0,10,3
R100052,2026-06-01 16:22:00,2026-06-01 16:33:19,Georgia State University,Krog Street Market,member,11.316666666666666,16,0
R104956,2026-07-20 16:58:00,2026-07-20 17:14:02,Georgia State University,Midtown MARTA,member,16.033333333333335,16,0
R100193,2026-06-02 15:56:00,2026-06-02 16:06:43,Midtown MARTA,Georgia State University,member,10.716666666666667,15,1
R103209,2026-07-02 07:55:00,2026-07-02 08:02:19,Ponce City Market,Georgia State University,member,7.316666666666666,7,3
R105494,2026-07-26 08:30:00,2026-07-26 08:52:13,Ponce City Market,Midtown MARTA,casual,22.216666666666665,8,6
R101143,2026-06-12 06:52:00,2026-06-12 06:58:00,Georgia State University,Atlantic Station,member,6.0,6,4
R105507,2026-07-26 15:13:00,2026-07-26 15:19:25,Little Five Points,Atlantic Station,member,6.416666666666667,15,6
R101567,2026-06-16 16:57:00,2026-06-16 17:07:00,Ponce City Market,Atlantic Station,member,10.0,16,1
R101953,2026-06-20 07:35:00,2026-06-20 08:09:21,Midtown MARTA,Ponce City Market,casual,34.35,7,5
R104299,2026-07-14 13:31:00,2026-07-14 13:48:00,West End,Ponce City Market,member,17.0,13,1
R104550,2026-07-16 09:48:00,2026-07-16 09:54:05,Centennial Olympic Park,Midtown MARTA,member,6.083333333333333,9,3
R104981,2026-07-20 08:20:00,2026-07-20 08:50:46,Centennial Olympic Park,Georgia State University,casual,30.766666666666666,8,0
R104762,2026-07-18 11:18:00,2026-07-18 11:32:00,Georgia State University,Piedmont Park,member,14.0,11,5
R101394,2026-06-14 12:03:00,2026-06-14 12:27:36,Midtown MARTA,Atlantic Station,casual,24.6,12,6
R102145,2026-06-22 19:59:00,2026-06-22 20:09:19,Midtown MARTA,Krog Street Market,member,10.316666666666666,19,0
R101958,2026-06-20 15:24:00,2026-06-20 15:53:00,Atlantic Station,Midtown MARTA,casual,29.0,15,5
R103437,2026-07-05 14:08:00,2026-07-05 14:12:45,Centennial Olympic Park,Ponce City Market,member,4.75,14,6
R102081,2026-06-21 13:13:00,2026-06-21 13:22:32,Ponce City Market,Midtown MARTA,member,9.533333333333333,13,6
R103342,2026-07-04 11:00:00,2026-07-04 11:11:20,Midtown MARTA,Georgia State University,member,11.333333333333334,11,5
R101786,2026-06-18 09:52:00,2026-06-18 10:12:00,Centennial Olympic Park,Midtown MARTA,casual,20.0,9,3
R100172,2026-06-02 18:19:00,2026-06-02 18:29:00,Atlantic Station,Midtown MARTA,member,10.0,18,1
R101371,2026-06-14 15:29:00,2026-06-14 15:41:00,Ponce City Market,Krog Street Market,member,12.0,15,6
R105386,2026-07-24 07:18:00,2026-07-24 07:30:37,Centennial Olympic Park,Atlantic Station,member,12.616666666666667,7,4
R105289,2026-07-23 16:57:00,2026-07-23 17:05:42,Midtown MARTA,Ponce City Market,member,8.7,16,3
R102773,2026-06-28 05:22:00,2026-06-28 05:45:00,Ponce City Market,Midtown MARTA,casual,23.0,5,6
R100952,2026-06-10 20:09:00,2026-06-10 20:25:52,Ponce City Market,Midtown MARTA,casual,16.866666666666667,20,2
R105422,2026-07-25 21:11:00,2026-07-25 21:36:00,Midtown MARTA,Georgia State University,casual,25.0,21,5
R100998,2026-06-10 21:51:00,2026-06-10 22:03:27,Georgia State University,Ponce City Market,member,12.45,21,2
R101844,2026-06-19 05:04:00,2026-06-19 05:13:00,Centennial Olympic Park,Midtown MARTA,member,9.0,5,4
R105484,2026-07-26 01:32:00,2026-07-26 01:46:00,Midtown MARTA,Piedmont Park,member,14.0,1,6
R102598,2026-06-26 12:37:00,2026-06-26 12:45:34,Ponce City Market,Midtown MARTA,member,8.566666666666666,12,4
R103074,2026-07-01 16:43:00,2026-07-01 16:53:49,Midtown MARTA,Ponce City Market,member,10.816666666666666,16,2
R102757,2026-06-28 11:05:00,2026-06-28 11:17:00,Ponce City Market,Georgia State University,member,12.0,11,6
R100942,2026-06-10 16:47:00,2026-06-10 16:56:40,Midtown MARTA,Ponce City Market,member,9.666666666666666,16,2
R101241,2026-06-12 17:36:00,2026-06-12 17:46:33,Ponce City Market,Georgia State University,member,10.55,17,4
R101054,2026-06-11 07:49:00,2026-06-11 08:01:00,Piedmont Park,Atlantic Station,member,12.0,7,3
R103982,2026-07-10 18:01:00,2026-07-10 18:12:24,Ponce City Market,Centennial Olympic Park,member,11.4,18,4
R101709,2026-06-17 18:43:00,2026-06-17 18:49:00,Ponce City Market,Centennial Olympic Park,member,6.0,18,2
R101941,2026-06-20 13:03:00,2026-06-20 13:44:00,Atlantic Station,Midtown MARTA,casual,41.0,13,5
R101485,2026-06-15 18:58:00,2026-06-15 19:11:00,Midtown MARTA,Ponce City Market,member,13.0,18,0
R104855,2026-07-19 00:19:00,2026-07-19 00:23:00,Ponce City Market,Piedmont Park,member,4.0,0,6
R105493,2026-07-26 07:17:00,2026-07-26 07:22:54,Atlantic Station,Centennial Olympic Park,member,5.9,7,6
R101544,2026-06-16 18:09:00,2026-06-16 18:19:29,Georgia State University,Ponce City Market,member,10.483333333333333,18,1
R104712,2026-07-18 22:53:00,2026-07-18 23:05:35,Ponce City Market,Piedmont Park,member,12.583333333333334,22,5
R105385,2026-07-24 13:22:00,2026-07-24 13:31:00,Georgia State University,Ponce City Market,member,9.0,13,4
R100800,2026-06-08 07:57:00,2026-06-08 08:10:00,Midtown MARTA,Piedmont Park,member,13.0,7,0
R101796,2026-06-18 06:18:00,2026-06-18 06:42:44,Centennial Olympic Park,Midtown MARTA,casual,24.733333333333334,6,3
R100040,2026-06-01 11:54:00,2026-06-01 12:08:51,Midtown MARTA,Georgia State University,member,14.85,11,0
R102413,2026-06-24 10:55:00,2026-06-24 11:09:48,Ponce City Market,Georgia State University,unknown,14.8,10,2
R105503,2026-07-26 10:11:00,2026-07-26 10:34:14,Georgia State University,Ponce City Market,casual,23.233333333333334,10,6
R102080,2026-06-21 16:24:00,2026-06-21 16:49:00,Georgia State University,Ponce City Market,casual,25.0,16,6
R102295,2026-06-23 08:30:00,2026-06-23 08:40:54,Georgia State University,Midtown MARTA,member,10.9,8,1
R105852,2026-07-29 16:00:00,2026-07-29 16:12:00,Atlantic Station,Ponce City Market,member,12.0,16,2
R101594,2026-06-16 18:25:00,2026-06-16 18:49:54,Piedmont Park,Grant Park,casual,24.9,18,1
R101218,2026-06-12 17:00:00,2026-06-12 17:12:34,Atlantic Station,Ponce City Market,member,12.566666666666666,17,4
R105079,2026-07-21 14:26:00,2026-07-21 14:42:56,Midtown MARTA,Ponce City Market,casual,16.933333333333334,14,1
R102890,2026-06-29 08:42:00,2026-06-29 08:52:03,Midtown MARTA,Ponce City Market,member,10.05,8,0
R103365,2026-07-04 19:24:00,2026-07-04 19:38:06,Midtown MARTA,Piedmont Park,member,14.1,19,5
R103870,2026-07-09 18:41:00,2026-07-09 18:55:10,Georgia State University,Ponce City Market,unknown,14.166666666666666,18,3
R100792,2026-06-08 17:10:00,2026-06-08 17:25:45,Ponce City Market,Centennial Olympic Park,member,15.75,17,0
R100362,2026-06-04 18:33:00,2026-06-04 18:48:54,Midtown MARTA,Georgia State University,member,15.9,18,3
R101511,2026-06-15 19:07:00,2026-06-15 19:36:00,Midtown MARTA,Ponce City Market,casual,29.0,19,0
R101439,2026-06-15 11:19:00,2026-06-15 11:35:43,Ponce City Market,Georgia State University,member,16.716666666666665,11,0
R100197,2026-06-02 16:50:00,2026-06-02 17:04:00,Krog Street Market,Midtown MARTA,member,14.0,16,1
R101421,2026-06-15 07:24:00,2026-06-15 07:29:32,Krog Street Market,Ponce City Market,member,5.533333333333333,7,0
R104775,2026-07-18 11:52:00,2026-07-18 12:00:00,Ponce City Market,Grant Park,casual,8.0,11,5
R100804,2026-06-08 18:41:00,2026-06-08 18:52:31,Midtown MARTA,Atlantic Station,member,11.516666666666667,18,0
R101290,2026-06-13 13:26:00,2026-06-13 13:42:45,Ponce City Market,Centennial Olympic Park,casual,16.75,13,5
R102586,2026-06-26 05:55:00,2026-06-26 06:06:00,Atlantic Station,Georgia State University,member,11.0,5,4
R103591,2026-07-07 09:02:00,2026-07-07 09:12:34,Midtown MARTA,Atlantic Station,member,10.566666666666666,9,1
R104934,2026-07-20 15:42:00,2026-07-20 15:52:08,Midtown MARTA,Krog Street Market,member,10.133333333333333,15,0
R100663,2026-06-07 08:44:00,2026-06-07 09:16:42,Ponce City Market,Midtown MARTA,casual,32.7,8,6
R102742,2026-06-28 13:08:00,2026-06-28 13:21:35,Krog Street Market,Georgia State University,member,13.583333333333334,13,6
R103681,2026-07-08 08:57:00,2026-07-08 09:07:45,Georgia State University,Midtown MARTA,member,10.75,8,2
R100369,2026-06-04 19:44:00,2026-06-04 19:50:00,Midtown MARTA,Centennial Olympic Park,member,6.0,19,3
R102008,2026-06-20 11:52:00,2026-06-20 12:12:00,Midtown MARTA,Georgia State University,casual,20.0,11,5
R101839,2026-06-19 12:41:00,2026-06-19 12:55:27,Piedmont Park,Ponce City Market,member,14.45,12,4
R104253,2026-07-14 06:21:00,2026-07-14 06:34:38,Atlantic Station,Krog Street Market,casual,13.633333333333333,6,1
R101865,2026-06-19 13:40:00,2026-06-19 13:47:00,Georgia State University,Ponce City Market,member,7.0,13,4
R105716,2026-07-27 07:47:00,2026-07-27 07:58:00,Centennial Olympic Park,Midtown MARTA,member,11.0,7,0
R101229,2026-06-12 16:35:00,2026-06-12 16:44:00,Ponce City Market,Georgia State University,member,9.0,16,4
R101457,2026-06-15 08:37:00,2026-06-15 08:43:00,Midtown MARTA,Atlantic Station,member,6.0,8,0
R103411,2026-07-05 13:45:00,2026-07-05 14:10:51,Ponce City Market,Piedmont Park,casual,25.85,13,6
R105645,2026-07-27 07:35:00,2026-07-27 07:46:24,Atlantic Station,Midtown MARTA,member,11.4,7,0
R105214,2026-07-22 12:28:00,2026-07-22 12:38:22,Midtown MARTA,Piedmont Park,member,10.366666666666667,12,2
R105717,2026-07-27 17:06:00,2026-07-27 17:17:00,Centennial Olympic Park,Ponce City Market,member,11.0,17,0
R104690,2026-07-17 15:32:00,2026-07-17 15:58:46,Ponce City Market,West End,casual,26.766666666666666,15,4
R105913,2026-07-30 07:32:00,2026-07-30 07:41:00,Georgia State University,Ponce City Market,member,9.0,7,3
R101263,2026-06-13 11:18:00,2026-06-13 11:57:00,Centennial Olympic Park,Atlantic Station,casual,39.0,11,5
R102559,2026-06-25 16:50:00,2026-06-25 17:25:05,West End,Georgia State University,casual,35.083333333333336,16,3
R105466,2026-07-25 14:37:00,2026-07-25 14:51:00,Centennial Olympic Park,Midtown MARTA,member,14.0,14,5
R105231,2026-07-22 17:17:00,2026-07-22 17:34:17,Centennial Olympic Park,Ponce City Market,member,17.283333333333335,17,2
R103312,2026-07-04 11:53:00,2026-07-04 12:07:00,Ponce City Market,Georgia State University,member,14.0,11,5
R101120,2026-06-11 10:28:00,2026-06-11 10:43:42,Midtown MARTA,Ponce City Market,member,15.7,10,3
R103490,2026-07-06 16:46:00,2026-07-06 16:53:13,Midtown MARTA,Piedmont Park,casual,7.216666666666667,16,0
R102448,2026-06-24 09:31:00,2026-06-24 09:47:16,Centennial Olympic Park,Ponce City Market,casual,16.266666666666666,9,2
R102171,2026-06-22 10:38:00,2026-06-22 10:48:00,Ponce City Market,Midtown MARTA,member,10.0,10,0
R104923,2026-07-20 17:55:00,2026-07-20 18:09:00,Midtown MARTA,Georgia State University,member,14.0,17,0
R101824,2026-06-19 16:48:00,2026-06-19 16:55:37,Midtown MARTA,Atlantic Station,casual,7.616666666666666,16,4
R101102,2026-06-11 18:34:00,2026-06-11 18:42:00,Centennial Olympic Park,Little Five Points,member,8.0,18,3
R103070,2026-07-01 21:07:00,2026-07-01 21:20:00,Ponce City Market,Little Five Points,member,13.0,21,2
R101359,2026-06-14 18:25:00,2026-06-14 18:40:26,Midtown MARTA,Georgia State University,casual,15.433333333333334,18,6
R100918,2026-06-10 09:35:00,2026-06-10 09:48:53,Ponce City Market,Krog Street Market,member,13.883333333333333,9,2
R105774,2026-07-28 10:04:00,2026-07-28 10:15:13,Grant Park,Midtown MARTA,member,11.216666666666667,10,1
R104378,2026-07-15 17:53:00,2026-07-15 18:06:54,Ponce City Market,Centennial Olympic Park,member,13.9,17,2
R105310,2026-07-23 18:15:00,2026-07-23 18:33:57,Centennial Olympic Park,Atlantic Station,casual,18.95,18,3
R105959,2026-07-30 07:43:00,2026-07-30 07:52:48,Atlantic Station,Midtown MARTA,member,9.8,7,3
R101010,2026-06-11 06:19:00,2026-06-11 06:26:25,Ponce City Market,Georgia State University,member,7.416666666666667,6,3
R103089,2026-07-01 17:51:00,2026-07-01 17:55:00,Piedmont Park,Atlantic Station,member,4.0,17,2
R100696,2026-06-07 10:32:00,2026-06-07 10:48:00,Atlantic Station,Little Five Points,casual,16.0,10,6
R104831,2026-07-19 02:08:00,2026-07-19 02:17:39,Ponce City Market,Midtown MARTA,member,9.65,2,6
R105762,2026-07-28 07:18:00,2026-07-28 07:26:20,Midtown MARTA,Atlantic Station,member,8.333333333333334,7,1
R104907,2026-07-19 11:40:00,2026-07-19 11:56:10,Piedmont Park,Midtown MARTA,member,16.166666666666668,11,6
R100581,2026-06-06 14:45:00,2026-06-06 15:22:00,Midtown MARTA,Grant Park,casual,37.0,14,5
R100305,2026-06-03 16:22:00,2026-06-03 16:31:33,Georgia State University,Piedmont Park,member,9.55,16,2
R102681,2026-06-27 14:12:00,2026-06-27 14:26:26,Ponce City Market,Krog Street Market,member,14.433333333333334,14,5
R105887,2026-07-29 07:38:00,2026-07-29 07:41:00,Midtown MARTA,Georgia State University,member,3.0,7,2
R101491,2026-06-15 18:58:00,2026-06-15 19:12:26,Georgia State University,Grant Park,member,14.433333333333334,18,0
R103446,2026-07-05 13:47:00,2026-07-05 13:54:13,Ponce City Market,Centennial Olympic Park,member,7.216666666666667,13,6
R105101,2026-07-21 01:05:00,2026-07-21 01:13:00,Atlantic Station,Midtown MARTA,member,8.0,1,1
R100530,2026-06-06 18:39:00,2026-06-06 19:15:22,Midtown MARTA,Little Five Points,casual,36.36666666666667,18,5
R103775,2026-07-09 09:13:00,2026-07-09 09:38:31,Ponce City Market,Piedmont Park,casual,25.516666666666666,9,3
R100579,2026-06-06 16:26:00,2026-06-06 16:37:03,Centennial Olympic Park,Midtown MARTA,member,11.05,16,5
R102737,2026-06-28 12:58:00,2026-06-28 13:20:34,Atlantic Station,Centennial Olympic Park,casual,22.566666666666666,12,6
R100174,2026-06-02 11:05:00,2026-06-02 11:13:00,Georgia State University,Centennial Olympic Park,member,8.0,11,1
R105462,2026-07-25 13:25:00,2026-07-25 13:34:00,Georgia State University,Midtown MARTA,member,9.0,13,5
R100083,2026-06-01 07:53:00,2026-06-01 08:09:29,Piedmont Park,Midtown MARTA,member,16.483333333333334,7,0
R101404,2026-06-14 15:34:00,2026-06-14 16:18:00,Piedmont Park,Georgia State University,casual,44.0,15,6
R105822,2026-07-29 17:39:00,2026-07-29 17:54:59,Midtown MARTA,Ponce City Market,casual,15.983333333333333,17,2
R102872,2026-06-29 10:42:00,2026-06-29 10:54:03,Krog Street Market,Little Five Points,member,12.05,10,0
R105277,2026-07-23 01:18:00,2026-07-23 01:23:22,Ponce City Market,Midtown MARTA,member,5.366666666666666,1,3
R105987,2026-07-30 15:05:00,2026-07-30 15:18:00,Georgia State University,Grant Park,member,13.0,15,3
R105445,2026-07-25 03:17:00,2026-07-25 03:25:39,Piedmont Park,Krog Street Market,member,8.65,3,5
R105048,2026-07-21 18:08:00,2026-07-21 18:38:32,Georgia State University,Centennial Olympic Park,casual,30.533333333333335,18,1
R102798,2026-06-28 16:39:00,2026-06-28 17:01:11,Piedmont Park,Centennial Olympic Park,casual,22.183333333333334,16,6
R105704,2026-07-27 15:33:00,2026-07-27 15:48:54,Centennial Olympic Park,Midtown MARTA,member,15.9,15,0
R105984,2026-07-30 17:32:00,2026-07-30 17:38:00,Midtown MARTA,Grant Park,member,6.0,17,3
R101924,2026-06-19 08:26:00,2026-06-19 08:48:59,Krog Street Market,Centennial Olympic Park,member,22.983333333333334,8,4
R105904,2026-07-30 08:07:00,2026-07-30 08:20:00,Piedmont Park,Georgia State University,member,13.0,8,3
R100377,2026-06-04 18:13:00,2026-06-04 18:24:59,Atlantic Station,Georgia State University,member,11.983333333333333,18,3
R104753,2026-07-18 15:06:00,2026-07-18 15:17:58,Grant Park,Ponce City Market,member,11.966666666666667,15,5
R102558,2026-06-25 11:09:00,2026-06-25 11:23:00,Ponce City Market,Midtown MARTA,member,14.0,11,3
R101013,2026-06-11 15:24:00,2026-06-11 15:30:09,West End,Ponce City Market,member,6.15,15,3
R104347,2026-07-14 21:05:00,2026-07-14 21:19:41,Georgia State University,Midtown MARTA,member,14.683333333333334,21,1
R105605,2026-07-26 11:31:00,2026-07-26 11:52:00,Centennial Olympic Park,Midtown MARTA,casual,21.0,11,6
R100143,2026-06-02 16:54:00,2026-06-02 17:09:59,Ponce City Market,Centennial Olympic Park,member,15.983333333333333,16,1
R105964,2026-07-30 19:24:00,2026-07-30 19:32:00,Atlantic Station,Georgia State University,member,8.0,19,3
R100875,2026-06-09 21:28:00,2026-06-09 21:35:26,Georgia State University,Krog Street Market,member,7.433333333333334,21,1
R102497,2026-06-25 18:47:00,2026-06-25 19:00:00,Centennial Olympic Park,Ponce City Market,member,13.0,18,3
R103571,2026-07-07 12:30:00,2026-07-07 12:40:19,Midtown MARTA,Atlantic Station,member,10.316666666666666,12,1
R104582,2026-07-17 16:27:00,2026-07-17 16:38:00,Georgia State University,Midtown MARTA,member,11.0,16,4
R100697,2026-06-07 17:58:00,2026-06-07 18:06:00,Georgia State University,Ponce City Market,member,8.0,17,6
R105692,2026-07-27 07:15:00,2026-07-27 07:47:00,Midtown MARTA,Georgia State University,casual,32.0,7,0
R102887,2026-06-29 17:06:00,2026-06-29 17:21:15,Ponce City Market,Centennial Olympic Park,member,15.25,17,0
R100384,2026-06-04 05:22:00,2026-06-04 05:28:00,Centennial Olympic Park,Midtown MARTA,member,6.0,5,3
R105076,2026-07-21 16:46:00,2026-07-21 16:55:00,Ponce City Market,Centennial Olympic Park,member,9.0,16,1
R103587,2026-07-07 17:55:00,2026-07-07 17:59:30,Ponce City Market,Georgia State University,member,4.5,17,1
R103500,2026-07-06 13:31:00,2026-07-06 14:01:58,Ponce City Market,Georgia State University,casual,30.966666666666665,13,0
R101555,2026-06-16 21:27:00,2026-06-16 21:34:00,Georgia State University,Midtown MARTA,member,7.0,21,1
R103536,2026-07-06 19:52:00,2026-07-06 20:03:52,Krog Street Market,Midtown MARTA,member,11.866666666666667,19,0
R101788,2026-06-18 08:05:00,2026-06-18 08:23:00,Little Five Points,Centennial Olympic Park,member,18.0,8,3
R103256,2026-07-03 20:23:00,2026-07-03 20:37:31,Centennial Olympic Park,Georgia State University,member,14.516666666666667,20,4
R103588,2026-07-07 10:23:00,2026-07-07 10:41:08,Georgia State University,Ponce City Market,member,18.133333333333333,10,1
R105061,2026-07-21 12:20:00,2026-07-21 12:49:11,Ponce City Market,Piedmont Park,casual,29.183333333333334,12,1
R101366,2026-06-14 15:35:00,2026-06-14 15:42:55,Ponce City Market,Piedmont Park,member,7.916666666666667,15,6
R102260,2026-06-23 10:15:00,2026-06-23 10:28:47,Georgia State University,Midtown MARTA,member,13.783333333333333,10,1
R102748,2026-06-28 11:36:00,2026-06-28 11:56:00,Krog Street Market,Midtown MARTA,member,20.0,11,6
R103679,2026-07-08 18:00:00,2026-07-08 18:12:38,Krog Street Market,Atlantic Station,member,12.633333333333333,18,2
R104282,2026-07-14 12:43:00,2026-07-14 12:55:28,Ponce City Market,Midtown MARTA,member,12.466666666666667,12,1
R103351,2026-07-04 04:04:00,2026-07-04 04:15:14,Atlantic Station,Midtown MARTA,casual,11.233333333333333,4,5
R100023,2026-06-01 16:49:00,2026-06-01 16:59:00,Grant Park,Ponce City Market,member,10.0,16,0
R105180,2026-07-22 08:09:00,2026-07-22 08:15:41,Georgia State University,Midtown MARTA,member,6.683333333333334,8,2
R101508,2026-06-15 18:17:00,2026-06-15 18:29:57,Piedmont Park,Midtown MARTA,member,12.95,18,0
R101888,2026-06-19 07:23:00,2026-06-19 07:42:00,Midtown MARTA,Little Five Points,member,19.0,7,4
R105609,2026-07-27 11:22:00,2026-07-27 11:37:31,Piedmont Park,Midtown MARTA,member,15.516666666666667,11,0
R104217,2026-07-13 21:07:00,2026-07-13 21:08:00,Grant Park,Midtown MARTA,casual,1.0,21,0
R103586,2026-07-07 07:21:00,2026-07-07 07:36:08,Midtown MARTA,Atlantic Station,member,15.133333333333333,7,1
R105622,2026-07-27 21:21:00,2026-07-27 21:33:10,Georgia State University,Midtown MARTA,member,12.166666666666666,21,0
R101009,2026-06-11 17:39:00,2026-06-11 18:04:47,Midtown MARTA,Ponce City Market,casual,25.783333333333335,17,3
R103232,2026-07-03 19:28:00,2026-07-03 19:40:43,Ponce City Market,Midtown MARTA,member,12.716666666666667,19,4
R103551,2026-07-06 20:02:00,2026-07-06 20:33:26,Ponce City Market,Little Five Points,casual,31.433333333333334,20,0
R104383,2026-07-15 15:48:00,2026-07-15 16:03:00,Midtown MARTA,Centennial Olympic Park,casual,15.0,15,2
R105082,2026-07-21 17:22:00,2026-07-21 17:35:21,Ponce City Market,Atlantic Station,member,13.35,17,1
R101147,2026-06-12 23:04:00,2026-06-12 23:16:00,Piedmont Park,Krog Street Market,casual,12.0,23,4
R105129,2026-07-21 15:11:00,2026-07-21 15:12:00,Ponce City Market,Midtown MARTA,member,1.0,15,1
R102457,2026-06-25 07:07:00,2026-06-25 07:08:00,Midtown MARTA,Atlantic Station,casual,1.0,7,3
R103443,2026-07-05 18:32:00,2026-07-05 18:45:00,Centennial Olympic Park,Atlantic Station,member,13.0,18,6
R100412,2026-06-04 07:55:00,2026-06-04 08:04:00,Ponce City Market,Midtown MARTA,unknown,9.0,7,3
R101665,2026-06-17 08:07:00,2026-06-17 08:17:44,Georgia State University,Atlantic Station,member,10.733333333333333,8,2
R102290,2026-06-23 15:14:00,2026-06-23 15:31:08,Centennial Olympic Park,Midtown MARTA,member,17.133333333333333,15,1
R104294,2026-07-14 13:40:00,2026-07-14 14:01:00,Krog Street Market,Ponce City Market,casual,21.0,13,1
R100661,2026-06-07 07:39:00,2026-06-07 08:06:38,Ponce City Market,Midtown MARTA,casual,27.633333333333333,7,6
R105365,2026-07-24 13:17:00,2026-07-24 13:24:00,Ponce City Market,Georgia State University,member,7.0,13,4
R104179,2026-07-13 16:43:00,2026-07-13 16:57:00,Midtown MARTA,Centennial Olympic Park,member,14.0,16,0
R103032,2026-07-01 10:52:00,2026-07-01 11:01:57,Ponce City Market,Midtown MARTA,member,9.95,10,2
R100366,2026-06-04 09:47:00,2026-06-04 10:27:08,Georgia State University,Midtown MARTA,casual,40.13333333333333,9,3
R104619,2026-07-17 18:59:00,2026-07-17 19:14:00,Piedmont Park,Little Five Points,casual,15.0,18,4
R101060,2026-06-11 17:28:00,2026-06-11 17:42:00,Little Five Points,Georgia State University,member,14.0,17,3
R104694,2026-07-18 15:18:00,2026-07-18 15:28:00,Midtown MARTA,Piedmont Park,casual,10.0,15,5
R102152,2026-06-22 21:13:00,2026-06-22 21:28:31,Ponce City Market,Centennial Olympic Park,member,15.516666666666667,21,0
R104549,2026-07-16 10:18:00,2026-07-16 10:26:16,Midtown MARTA,Atlantic Station,member,8.266666666666667,10,3
R104807,2026-07-19 08:54:00,2026-07-19 09:04:06,Centennial Olympic Park,Unknown,casual,10.1,8,6
R102751,2026-06-28 19:54:00,2026-06-28 20:15:48,Atlantic Station,Ponce City Market,casual,21.8,19,6
R105452,2026-07-25 10:10:00,2026-07-25 10:23:38,Piedmont Park,Atlantic Station,member,13.633333333333333,10,5
R102970,2026-06-30 07:45:00,2026-06-30 07:59:05,Centennial Olympic Park,Ponce City Market,member,14.083333333333334,7,1
R102548,2026-06-25 08:51:00,2026-06-25 09:09:24,Atlantic Station,Ponce City Market,member,18.4,8,3
R100621,2026-06-07 05:48:00,2026-06-07 06:13:17,Midtown MARTA,Centennial Olympic Park,casual,25.283333333333335,5,6
R101331,2026-06-13 12:18:00,2026-06-13 12:36:23,Midtown MARTA,Ponce City Market,casual,18.383333333333333,12,5
R103138,2026-07-02 19:14:00,2026-07-02 19:23:00,Centennial Olympic Park,Krog Street Market,member,9.0,19,3
R100654,2026-06-07 06:55:00,2026-06-07 07:02:00,Krog Street Market,Georgia State University,member,7.0,6,6
R102720,2026-06-27 06:29:00,2026-06-27 06:37:32,Midtown MARTA,Piedmont Park,member,8.533333333333333,6,5
R101401,2026-06-14 08:46:00,2026-06-14 08:50:56,Krog Street Market,Piedmont Park,member,4.933333333333334,8,6
R103113,2026-07-02 07:23:00,2026-07-02 07:32:30,Georgia State University,Midtown MARTA,member,9.5,7,3
R105824,2026-07-29 19:27:00,2026-07-29 19:42:00,Georgia State University,Midtown MARTA,member,15.0,19,2
R103251,2026-07-03 19:33:00,2026-07-03 19:39:00,Centennial Olympic Park,Krog Street Market,member,6.0,19,4
R102513,2026-06-25 13:46:00,2026-06-25 13:54:28,Georgia State University,Atlantic Station,member,8.466666666666667,13,3
R104793,2026-07-18 11:30:00,2026-07-18 11:35:14,Atlantic Station,Georgia State University,casual,5.233333333333333,11,5
R104649,2026-07-17 15:57:00,2026-07-17 16:09:23,Georgia State University,Midtown MARTA,member,12.383333333333333,15,4
R104876,2026-07-19 08:51:00,2026-07-19 09:02:00,Atlantic Station,Centennial Olympic Park,member,11.0,8,6
R102024,2026-06-21 09:34:00,2026-06-21 09:47:00,Georgia State University,Little Five Points,member,13.0,9,6
R104166,2026-07-12 13:51:00,2026-07-12 14:06:00,Midtown MARTA,Piedmont Park,casual,15.0,13,6
R103173,2026-07-02 09:09:00,2026-07-02 09:18:54,Georgia State University,Little Five Points,member,9.9,9,3
R101804,2026-06-18 13:01:00,2026-06-18 13:07:14,Atlantic Station,Georgia State University,member,6.233333333333333,13,3
R100453,2026-06-05 08:20:00,2026-06-05 08:25:11,Midtown MARTA,Little Five Points,member,5.183333333333334,8,4
R103122,2026-07-02 02:31:00,2026-07-02 02:43:36,Midtown MARTA,Ponce City Market,member,12.6,2,3
R105845,2026-07-29 17:46:00,2026-07-29 18:02:40,Ponce City Market,Centennial Olympic Park,member,16.666666666666668,17,2
R104221,2026-07-13 18:58:00,2026-07-13 19:05:21,Centennial Olympic Park,Midtown MARTA,member,7.35,18,0
R100279,2026-06-03 18:52:00,2026-06-03 18:58:00,Ponce City Market,Little Five Points,member,6.0,18,2
R103095,2026-07-01 07:57:00,2026-07-01 08:04:46,Midtown MARTA,Krog Street Market,member,7.766666666666667,7,2
R102648,2026-06-26 21:31:00,2026-06-26 21:56:27,Midtown MARTA,Ponce City Market,casual,25.45,21,4
R104704,2026-07-18 16:43:00,2026-07-18 16:55:43,Georgia State University,Ponce City Market,member,12.716666666666667,16,5
R103229,2026-07-03 18:40:00,2026-07-03 18:55:33,Midtown MARTA,Krog Street Market,casual,15.55,18,4
R103890,2026-07-09 16:42:00,2026-07-09 16:54:40,Piedmont Park,Ponce City Market,member,12.666666666666666,16,3
R103164,2026-07-02 09:51:00,2026-07-02 10:07:20,Grant Park,Krog Street Market,member,16.333333333333332,9,3
R105245,2026-07-23 08:27:00,2026-07-23 08:32:46,Centennial Olympic Park,Krog Street Market,member,5.766666666666667,8,3
R103719,2026-07-08 06:03:00,2026-07-08 06:14:27,Grant Park,Georgia State University,member,11.45,6,2
R101993,2026-06-20 12:34:00,2026-06-20 12:46:24,Ponce City Market,Midtown MARTA,member,12.4,12,5
R100975,2026-06-10 03:25:00,2026-06-10 03:33:03,Midtown MARTA,Georgia State University,member,8.05,3,2
R103332,2026-07-04 16:06:00,2026-07-04 16:22:00,Krog Street Market,Midtown MARTA,casual,16.0,16,5
R102845,2026-06-28 07:40:00,2026-06-28 08:03:00,Ponce City Market,Georgia State University,casual,23.0,7,6
R102943,2026-06-29 04:53:00,2026-06-29 05:04:00,Atlantic Station,Midtown MARTA,member,11.0,4,0
R104933,2026-07-20 16:24:00,2026-07-20 16:34:05,Atlantic Station,Georgia State University,member,10.083333333333334,16,0
R103675,2026-07-08 18:08:00,2026-07-08 18:22:00,Midtown MARTA,West End,member,14.0,18,2
R101180,2026-06-12 06:27:00,2026-06-12 06:37:36,Georgia State University,Grant Park,member,10.6,6,4
R100343,2026-06-04 18:28:00,2026-06-04 18:42:55,Ponce City Market,Atlantic Station,member,14.916666666666666,18,3
R103847,2026-07-09 19:43:00,2026-07-09 20:06:34,Georgia State University,Krog Street Market,casual,23.566666666666666,19,3
R105045,2026-07-21 15:49:00,2026-07-21 16:04:49,Midtown MARTA,Krog Street Market,member,15.816666666666666,15,1
R105730,2026-07-28 16:20:00,2026-07-28 16:28:00,Ponce City Market,Centennial Olympic Park,member,8.0,16,1
R103916,2026-07-10 11:34:00,2026-07-10 11:56:35,Piedmont Park,Centennial Olympic Park,casual,22.583333333333332,11,4
R105343,2026-07-24 20:08:00,2026-07-24 20:15:41,Midtown MARTA,Georgia State University,unknown,7.683333333333334,20,4
R103711,2026-07-08 16:30:00,2026-07-08 16:42:35,Ponce City Market,Midtown MARTA,member,12.583333333333334,16,2
R104368,2026-07-14 22:44:00,2026-07-14 22:45:00,Atlantic Station,Krog Street Market,casual,1.0,22,1
R100868,2026-06-09 08:11:00,2026-06-09 08:27:23,Ponce City Market,Grant Park,casual,16.383333333333333,8,1
R100614,2026-06-07 21:26:00,2026-06-07 21:39:21,Georgia State University,Midtown MARTA,member,13.35,21,6
R102583,2026-06-26 18:41:00,2026-06-26 18:59:00,Centennial Olympic Park,Ponce City Market,member,18.0,18,4
R102021,2026-06-21 08:14:00,2026-06-21 08:21:43,Atlantic Station,Midtown MARTA,member,7.716666666666667,8,6
R103622,2026-07-07 07:46:00,2026-07-07 07:49:13,Midtown MARTA,Ponce City Market,casual,3.216666666666667,7,1
R100848,2026-06-09 09:42:00,2026-06-09 10:00:07,Atlantic Station,Ponce City Market,member,18.116666666666667,9,1
R102778,2026-06-28 10:54:00,2026-06-28 11:23:40,Centennial Olympic Park,Grant Park,casual,29.666666666666668,10,6
R101983,2026-06-20 10:55:00,2026-06-20 11:04:00,Midtown MARTA,Ponce City Market,member,9.0,10,5
R104234,2026-07-13 16:14:00,2026-07-13 16:26:41,Georgia State University,Centennial Olympic Park,member,12.683333333333334,16,0
R102399,2026-06-24 12:40:00,2026-06-24 12:57:00,Atlantic Station,Centennial Olympic Park,member,17.0,12,2
R101539,2026-06-16 11:40:00,2026-06-16 11:53:00,Grant Park,Centennial Olympic Park,member,13.0,11,1
R105729,2026-07-28 12:11:00,2026-07-28 12:24:25,Little Five Points,Midtown MARTA,member,13.416666666666666,12,1
R104567,2026-07-16 22:55:00,2026-07-16 23:03:05,Ponce City Market,Midtown MARTA,member,8.083333333333334,22,3
R101494,2026-06-15 09:36:00,2026-06-15 09:45:06,Midtown MARTA,Georgia State University,member,9.1,9,0
R101381,2026-06-14 13:37:00,2026-06-14 13:46:12,Atlantic Station,Midtown MARTA,member,9.2,13,6
R103499,2026-07-06 14:05:00,2026-07-06 14:13:00,Krog Street Market,Georgia State University,member,8.0,14,0
R101675,2026-06-17 18:17:00,2026-06-17 18:31:00,Ponce City Market,Atlantic Station,member,14.0,18,2
R105755,2026-07-28 12:59:00,2026-07-28 13:08:00,West End,Ponce City Market,member,9.0,12,1
R104409,2026-07-15 17:23:00,2026-07-15 17:28:00,Centennial Olympic Park,Krog Street Market,member,5.0,17,2
R105270,2026-07-23 18:37:00,2026-07-23 18:44:46,Piedmont Park,Midtown MARTA,member,7.766666666666667,18,3
R104983,2026-07-20 19:45:00,2026-07-20 19:54:15,Midtown MARTA,Piedmont Park,member,9.25,19,0
R104023,2026-07-11 12:27:00,2026-07-11 12:32:00,Centennial Olympic Park,Midtown MARTA,member,5.0,12,5
R101593,2026-06-16 06:23:00,2026-06-16 06:31:32,Piedmont Park,Georgia State University,member,8.533333333333333,6,1
R104849,2026-07-19 12:46:00,2026-07-19 13:20:45,Krog Street Market,Midtown MARTA,casual,34.75,12,6
R103789,2026-07-09 15:21:00,2026-07-09 15:22:45,Little Five Points,Midtown MARTA,casual,1.75,15,3
R100119,2026-06-01 08:01:00,2026-06-01 08:26:36,Little Five Points,Atlantic Station,casual,25.6,8,0
R100858,2026-06-09 12:39:00,2026-06-09 12:45:00,Midtown MARTA,Georgia State University,member,6.0,12,1
R103605,2026-07-07 17:48:00,2026-07-07 18:05:00,Midtown MARTA,Atlantic Station,member,17.0,17,1
R100502,2026-06-05 07:14:00,2026-06-05 07:23:00,Centennial Olympic Park,Krog Street Market,member,9.0,7,4
R101692,2026-06-17 16:47:00,2026-06-17 16:57:13,Midtown MARTA,Atlantic Station,member,10.216666666666667,16,2
R101896,2026-06-19 09:51:00,2026-06-19 10:06:46,Georgia State University,Midtown MARTA,member,15.766666666666667,9,4
R101069,2026-06-11 16:08:00,2026-06-11 16:30:00,Centennial Olympic Park,Atlantic Station,casual,22.0,16,3
R105303,2026-07-23 16:42:00,2026-07-23 16:50:00,Centennial Olympic Park,Midtown MARTA,member,8.0,16,3
R102063,2026-06-21 13:49:00,2026-06-21 14:01:30,Piedmont Park,Ponce City Market,member,12.5,13,6
R105636,2026-07-27 16:38:00,2026-07-27 16:47:23,Atlantic Station,Midtown MARTA,casual,9.383333333333333,16,0
R103187,2026-07-02 10:40:00,2026-07-02 10:49:00,Georgia State University,Krog Street Market,member,9.0,10,3
R105239,2026-07-23 17:28:00,2026-07-23 17:52:04,Midtown MARTA,Centennial Olympic Park,casual,24.066666666666666,17,3
R103777,2026-07-09 20:06:00,2026-07-09 20:19:02,Ponce City Market,Midtown MARTA,member,13.033333333333333,20,3
R102199,2026-06-22 08:31:00,2026-06-22 08:40:27,Centennial Olympic Park,Midtown MARTA,member,9.45,8,0
R104462,2026-07-16 18:36:00,2026-07-16 18:40:00,Little Five Points,Centennial Olympic Park,member,4.0,18,3
R100542,2026-06-06 13:36:00,2026-06-06 13:52:47,Midtown MARTA,Ponce City Market,casual,16.783333333333335,13,5
R103497,2026-07-06 08:51:00,2026-07-06 09:09:25,Georgia State University,Midtown MARTA,member,18.416666666666668,8,0
R100540,2026-06-06 15:01:00,2026-06-06 15:14:39,Georgia State University,West End,casual,13.65,15,5
R104112,2026-07-12 13:46:00,2026-07-12 14:16:00,Ponce City Market,Centennial Olympic Park,casual,30.0,13,6
R101979,2026-06-20 15:39:00,2026-06-20 15:46:39,Atlantic Station,Ponce City Market,member,7.65,15,5
R105641,2026-07-27 05:15:00,2026-07-27 05:44:17,Georgia State University,Ponce City Market,casual,29.283333333333335,5,0
R105971,2026-07-30 11:27:00,2026-07-30 11:47:00,Centennial Olympic Park,Georgia State University,casual,20.0,11,3
R102136,2026-06-22 13:54:00,2026-06-22 14:06:00,Ponce City Market,Atlantic Station,member,12.0,13,0
R105980,2026-07-30 19:46:00,2026-07-30 20:03:57,Little Five Points,Midtown MARTA,casual,17.95,19,3
R102962,2026-06-30 07:27:00,2026-06-30 07:39:22,Georgia State University,Ponce City Market,member,12.366666666666667,7,1
R100021,2026-06-01 05:26:00,2026-06-01 05:39:17,Ponce City Market,Georgia State University,member,13.283333333333333,5,0
R104407,2026-07-15 09:26:00,2026-07-15 09:36:00,Midtown MARTA,Unknown,member,10.0,9,2
R101020,2026-06-11 06:41:00,2026-06-11 07:11:10,Centennial Olympic Park,Midtown MARTA,casual,30.166666666666668,6,3
R104461,2026-07-16 14:42:00,2026-07-16 14:55:59,Georgia State University,Midtown MARTA,member,13.983333333333333,14,3
R105408,2026-07-25 15:50:00,2026-07-25 16:04:38,Midtown MARTA,Little Five Points,member,14.633333333333333,15,5
R103242,2026-07-03 11:04:00,2026-07-03 11:13:27,Midtown MARTA,Ponce City Market,member,9.45,11,4
R102395,2026-06-24 10:50:00,2026-06-24 11:03:00,Ponce City Market,Grant Park,member,13.0,10,2
R103797,2026-07-09 17:23:00,2026-07-09 17:41:00,Georgia State University,Centennial Olympic Park,member,18.0,17,3
R104256,2026-07-14 18:50:00,2026-07-14 18:59:00,Georgia State University,Centennial Olympic Park,member,9.0,18,1
R104628,2026-07-17 17:47:00,2026-07-17 18:04:00,Piedmont Park,Ponce City Market,casual,17.0,17,4
R103563,2026-07-06 17:27:00,2026-07-06 17:53:00,Centennial Olympic Park,Ponce City Market,unknown,26.0,17,0
R102588,2026-06-26 05:35:00,2026-06-26 05:56:40,Ponce City Market,Georgia State University,member,21.666666666666668,5,4
R100048,2026-06-01 09:04:00,2026-06-01 09:12:00,Ponce City Market,Midtown MARTA,member,8.0,9,0
R103384,2026-07-05 12:15:00,2026-07-05 12:28:00,Piedmont Park,Midtown MARTA,member,13.0,12,6
R100884,2026-06-09 17:20:00,2026-06-09 17:26:55,Midtown MARTA,Ponce City Market,member,6.916666666666667,17,1
R101242,2026-06-12 16:10:00,2026-06-12 16:20:56,Georgia State University,Midtown MARTA,member,10.933333333333334,16,4
R101938,2026-06-20 08:58:00,2026-06-20 09:12:11,Piedmont Park,Georgia State University,member,14.183333333333334,8,5
R101670,2026-06-17 19:32:00,2026-06-17 19:45:05,Krog Street Market,Ponce City Market,member,13.083333333333334,19,2
R103876,2026-07-09 09:38:00,2026-07-09 09:54:02,Little Five Points,Ponce City Market,member,16.033333333333335,9,3
R101561,2026-06-16 19:11:00,2026-06-16 19:25:24,Ponce City Market,Midtown MARTA,member,14.4,19,1
R100552,2026-06-06 14:46:00,2026-06-06 14:59:21,Atlantic Station,Piedmont Park,member,13.35,14,5
R105199,2026-07-22 10:50:00,2026-07-22 10:54:27,Midtown MARTA,Georgia State University,casual,4.45,10,2
R103168,2026-07-02 07:58:00,2026-07-02 08:26:00,Midtown MARTA,Ponce City Market,casual,28.0,7,3
R105403,2026-07-24 17:06:00,2026-07-24 17:15:23,Krog Street Market,Atlantic Station,member,9.383333333333333,17,4
R102623,2026-06-26 16:28:00,2026-06-26 16:42:00,Centennial Olympic Park,Georgia State University,member,14.0,16,4
R102493,2026-06-25 21:22:00,2026-06-25 21:32:41,Midtown MARTA,Centennial Olympic Park,member,10.683333333333334,21,3
R103904,2026-07-10 07:25:00,2026-07-10 07:44:00,Atlantic Station,Midtown MARTA,casual,19.0,7,4
R100230,2026-06-03 15:09:00,2026-06-03 15:23:00,Midtown MARTA,Centennial Olympic Park,member,14.0,15,2
R105044,2026-07-21 08:43:00,2026-07-21 08:51:00,Krog Street Market,Georgia State University,member,8.0,8,1
R105719,2026-07-27 21:39:00,2026-07-27 21:42:00,Midtown MARTA,Ponce City Market,member,3.0,21,0
R101810,2026-06-19 09:47:00,2026-06-19 10:12:00,Midtown MARTA,Georgia State University,casual,25.0,9,4
R101194,2026-06-12 18:17:00,2026-06-12 18:28:52,Centennial Olympic Park,Ponce City Market,member,11.866666666666667,18,4
R105520,2026-07-26 22:09:00,2026-07-26 22:39:06,Atlantic Station,Midtown MARTA,casual,30.1,22,6
R104632,2026-07-17 18:19:00,2026-07-17 18:50:15,Midtown MARTA,Georgia State University,casual,31.25,18,4
R103862,2026-07-09 21:59:00,2026-07-09 22:13:00,Piedmont Park,Midtown MARTA,member,14.0,21,3
R102301,2026-06-23 12:08:00,2026-06-23 12:13:29,Ponce City Market,Centennial Olympic Park,casual,5.483333333333333,12,1
R100065,2026-06-01 06:56:00,2026-06-01 07:09:39,Georgia State University,Ponce City Market,member,13.65,6,0
R103083,2026-07-01 18:22:00,2026-07-01 18:34:00,Midtown MARTA,Piedmont Park,member,12.0,18,2
R100006,2026-06-01 19:21:00,2026-06-01 19:25:58,Centennial Olympic Park,Ponce City Market,member,4.966666666666667,19,0
R100295,2026-06-03 06:45:00,2026-06-03 06:56:32,Piedmont Park,Midtown MARTA,member,11.533333333333333,6,2
R104130,2026-07-12 13:17:00,2026-07-12 13:45:00,Midtown MARTA,Atlantic Station,casual,28.0,13,6
R102964,2026-06-30 11:01:00,2026-06-30 11:09:19,Piedmont Park,Georgia State University,casual,8.316666666666666,11,1
R102555,2026-06-25 07:36:00,2026-06-25 07:50:00,Little Five Points,Krog Street Market,member,14.0,7,3
R104115,2026-07-12 13:31:00,2026-07-12 13:44:48,Midtown MARTA,Georgia State University,member,13.8,13,6
R103527,2026-07-06 06:00:00,2026-07-06 06:12:00,Midtown MARTA,Ponce City Market,member,12.0,6,0
R100489,2026-06-05 17:10:00,2026-06-05 17:53:52,Georgia State University,Ponce City Market,casual,43.86666666666667,17,4
R100203,2026-06-02 17:18:00,2026-06-02 17:54:33,Midtown MARTA,Georgia State University,casual,36.55,17,1
R100541,2026-06-06 08:12:00,2026-06-06 08:42:41,Atlantic Station,Krog Street Market,casual,30.683333333333334,8,5
R104048,2026-07-11 04:23:00,2026-07-11 04:58:00,Ponce City Market,Midtown MARTA,casual,35.0,4,5
R102288,2026-06-23 20:20:00,2026-06-23 20:28:00,Krog Street Market,Ponce City Market,member,8.0,20,1
R103503,2026-07-06 18:15:00,2026-07-06 18:16:00,Midtown MARTA,Little Five Points,member,1.0,18,0
R102371,2026-06-24 19:56:00,2026-06-24 20:11:00,Midtown MARTA,Piedmont Park,member,15.0,19,2
R101664,2026-06-17 22:47:00,2026-06-17 22:53:59,Centennial Olympic Park,Ponce City Market,member,6.983333333333333,22,2
R102618,2026-06-26 08:55:00,2026-06-26 08:58:00,Georgia State University,Ponce City Market,member,3.0,8,4
R104465,2026-07-16 18:55:00,2026-07-16 19:01:21,Centennial Olympic Park,Midtown MARTA,member,6.35,18,3
R100728,2026-06-08 17:13:00,2026-06-08 17:20:01,Centennial Olympic Park,Georgia State University,member,7.016666666666667,17,0
R101415,2026-06-15 19:33:00,2026-06-15 19:48:00,Centennial Olympic Park,Georgia State University,member,15.0,19,0
R100371,2026-06-04 09:43:00,2026-06-04 09:48:00,Ponce City Market,Atlantic Station,member,5.0,9,3
R104733,2026-07-18 16:47:00,2026-07-18 16:52:00,Atlantic Station,Piedmont Park,casual,5.0,16,5
R105307,2026-07-23 22:28:00,2026-07-23 22:36:57,Grant Park,Piedmont Park,member,8.95,22,3
R101644,2026-06-17 18:09:00,2026-06-17 18:34:05,Georgia State University,Midtown MARTA,casual,25.083333333333332,18,2
R105866,2026-07-29 07:29:00,2026-07-29 07:42:35,Ponce City Market,Midtown MARTA,member,13.583333333333334,7,2
R105189,2026-07-22 15:39:00,2026-07-22 16:04:37,Ponce City Market,Georgia State University,casual,25.616666666666667,15,2
R104837,2026-07-19 15:34:00,2026-07-19 15:46:22,Georgia State University,Ponce City Market,member,12.366666666666667,15,6
R100417,2026-06-04 07:53:00,2026-06-04 08:11:00,Piedmont Park,Midtown MARTA,casual,18.0,7,3
R104773,2026-07-18 18:36:00,2026-07-18 19:07:35,Ponce City Market,Centennial Olympic Park,casual,31.583333333333332,18,5
R105682,2026-07-27 21:56:00,2026-07-27 21:59:44,Ponce City Market,Atlantic Station,member,3.7333333333333334,21,0
R100631,2026-06-07 18:28:00,2026-06-07 19:04:04,Georgia State University,Ponce City Market,casual,36.06666666666667,18,6
R104883,2026-07-19 10:30:00,2026-07-19 10:47:28,Midtown MARTA,Ponce City Market,member,17.466666666666665,10,6
R103279,2026-07-03 08:43:00,2026-07-03 08:50:00,Ponce City Market,Midtown MARTA,member,7.0,8,4
R101064,2026-06-11 08:58:00,2026-06-11 09:29:13,Midtown MARTA,Atlantic Station,casual,31.216666666666665,8,3
R102036,2026-06-21 13:39:00,2026-06-21 13:55:00,Ponce City Market,Atlantic Station,casual,16.0,13,6
R100339,2026-06-04 06:55:00,2026-06-04 07:08:00,Centennial Olympic Park,Georgia State University,member,13.0,6,3
R102747,2026-06-28 01:02:00,2026-06-28 01:12:00,Ponce City Market,Midtown MARTA,casual,10.0,1,6
R101095,2026-06-11 08:00:00,2026-06-11 08:07:03,Ponce City Market,Georgia State University,member,7.05,8,3
R101005,2026-06-10 08:23:00,2026-06-10 08:34:17,Midtown MARTA,Centennial Olympic Park,member,11.283333333333333,8,2
R101984,2026-06-20 04:37:00,2026-06-20 04:44:23,Midtown MARTA,Krog Street Market,casual,7.383333333333334,4,5
R104436,2026-07-15 08:23:00,2026-07-15 08:32:28,Midtown MARTA,Georgia State University,member,9.466666666666667,8,2
R101382,2026-06-14 14:55:00,2026-06-14 15:25:00,Atlantic Station,Ponce City Market,casual,30.0,14,6
R103868,2026-07-09 14:01:00,2026-07-09 14:11:18,Piedmont Park,Ponce City Market,member,10.3,14,3
R101503,2026-06-15 08:06:00,2026-06-15 08:16:46,Centennial Olympic Park,Ponce City Market,member,10.766666666666667,8,0
R100218,2026-06-03 18:58:00,2026-06-03 19:05:59,Midtown MARTA,Ponce City Market,member,7.983333333333333,18,2
R105917,2026-07-30 18:53:00,2026-07-30 19:09:04,Atlantic Station,Centennial Olympic Park,member,16.066666666666666,18,3
R100953,2026-06-10 18:52:00,2026-06-10 19:21:31,Centennial Olympic Park,Ponce City Market,casual,29.516666666666666,18,2
R104432,2026-07-15 08:22:00,2026-07-15 08:26:00,Ponce City Market,Krog Street Market,member,4.0,8,2
R102150,2026-06-22 20:30:00,2026-06-22 20:32:00,Midtown MARTA,Piedmont Park,casual,2.0,20,0
R103373,2026-07-04 13:10:00,2026-07-04 13:35:02,Ponce City Market,Midtown MARTA,casual,25.033333333333335,13,5
R101365,2026-06-14 17:55:00,2026-06-14 18:04:49,Krog Street Market,Centennial Olympic Park,member,9.816666666666666,17,6
R103224,2026-07-03 16:05:00,2026-07-03 16:12:08,Centennial Olympic Park,West End,member,7.133333333333334,16,4
R105940,2026-07-30 01:20:00,2026-07-30 01:39:14,Midtown MARTA,Atlantic Station,member,19.233333333333334,1,3
R104646,2026-07-17 19:43:00,2026-07-17 19:59:00,Ponce City Market,West End,member,16.0,19,4
R104719,2026-07-18 09:33:00,2026-07-18 09:43:38,Ponce City Market,Atlantic Station,member,10.633333333333333,9,5
R104558,2026-07-16 09:04:00,2026-07-16 09:27:58,Centennial Olympic Park,Georgia State University,casual,23.966666666666665,9,3
R102717,2026-06-27 14:26:00,2026-06-27 14:35:32,Midtown MARTA,Ponce City Market,member,9.533333333333333,14,5
R103059,2026-07-01 18:42:00,2026-07-01 18:53:00,Georgia State University,Ponce City Market,member,11.0,18,2
R104507,2026-07-16 12:42:00,2026-07-16 12:50:04,Midtown MARTA,Georgia State University,member,8.066666666666666,12,3
R100958,2026-06-10 11:42:00,2026-06-10 11:50:16,Little Five Points,Ponce City Market,member,8.266666666666667,11,2
R104065,2026-07-11 08:33:00,2026-07-11 09:00:00,Centennial Olympic Park,Midtown MARTA,casual,27.0,8,5
R103612,2026-07-07 13:00:00,2026-07-07 13:09:45,Midtown MARTA,Ponce City Market,member,9.75,13,1
R103511,2026-07-06 17:11:00,2026-07-06 17:29:00,Piedmont Park,Ponce City Market,member,18.0,17,0
R102888,2026-06-29 14:35:00,2026-06-29 14:49:41,Centennial Olympic Park,Midtown MARTA,casual,14.683333333333334,14,0
R102164,2026-06-22 08:31:00,2026-06-22 08:41:00,West End,Little Five Points,member,10.0,8,0
R100460,2026-06-05 16:55:00,2026-06-05 17:04:00,Midtown MARTA,Centennial Olympic Park,member,9.0,16,4
R101201,2026-06-12 08:18:00,2026-06-12 08:33:00,Piedmont Park,Midtown MARTA,casual,15.0,8,4
R104862,2026-07-19 17:22:00,2026-07-19 17:23:00,Piedmont Park,Georgia State University,casual,1.0,17,6
R105172,2026-07-22 10:45:00,2026-07-22 11:00:42,Georgia State University,Atlantic Station,casual,15.7,10,2
R105098,2026-07-21 16:18:00,2026-07-21 16:25:09,Midtown MARTA,Ponce City Market,member,7.15,16,1
R101606,2026-06-16 09:27:00,2026-06-16 09:36:11,Midtown MARTA,Georgia State University,member,9.183333333333334,9,1
R104988,2026-07-20 21:12:00,2026-07-20 21:57:00,Midtown MARTA,Ponce City Market,casual,45.0,21,0
R105126,2026-07-21 12:18:00,2026-07-21 12:38:14,Georgia State University,Centennial Olympic Park,member,20.233333333333334,12,1
R105591,2026-07-26 19:06:00,2026-07-26 19:13:44,Georgia State University,Centennial Olympic Park,member,7.733333333333333,19,6
R100275,2026-06-03 08:53:00,2026-06-03 09:05:01,Midtown MARTA,Grant Park,member,12.016666666666667,8,2
R105868,2026-07-29 06:45:00,2026-07-29 06:57:54,Midtown MARTA,Atlantic Station,member,12.9,6,2
R104932,2026-07-20 13:58:00,2026-07-20 14:09:12,Ponce City Market,Georgia State University,member,11.2,13,0
R104805,2026-07-19 18:47:00,2026-07-19 18:59:00,Ponce City Market,Midtown MARTA,casual,12.0,18,6
R100985,2026-06-10 16:12:00,2026-06-10 16:23:39,Centennial Olympic Park,Georgia State University,member,11.65,16,2
R104766,2026-07-18 23:42:00,2026-07-19 00:10:49,Georgia State University,Ponce City Market,casual,28.816666666666666,23,5
R101868,2026-06-19 07:21:00,2026-06-19 07:35:53,Georgia State University,Ponce City Market,member,14.883333333333333,7,4
R105537,2026-07-26 12:17:00,2026-07-26 12:53:43,Midtown MARTA,Centennial Olympic Park,casual,36.71666666666667,12,6
R101789,2026-06-18 08:25:00,2026-06-18 08:36:43,Georgia State University,Ponce City Market,member,11.716666666666667,8,3
R104447,2026-07-15 16:18:00,2026-07-15 16:31:08,Piedmont Park,Midtown MARTA,member,13.133333333333333,16,2
R101455,2026-06-15 06:23:00,2026-06-15 06:37:26,Midtown MARTA,Ponce City Market,member,14.433333333333334,6,0
R100615,2026-06-07 11:59:00,2026-06-07 12:12:35,Georgia State University,Midtown MARTA,member,13.583333333333334,11,6
R103970,2026-07-10 16:05:00,2026-07-10 16:48:07,Ponce City Market,Midtown MARTA,casual,43.11666666666667,16,4
R101874,2026-06-19 09:09:00,2026-06-19 09:20:39,Midtown MARTA,Ponce City Market,member,11.65,9,4
R102972,2026-06-30 07:33:00,2026-06-30 07:41:10,Midtown MARTA,Piedmont Park,member,8.166666666666666,7,1
R101276,2026-06-13 08:51:00,2026-06-13 09:06:00,Ponce City Market,Georgia State University,member,15.0,8,5
R104556,2026-07-16 12:41:00,2026-07-16 12:45:00,Midtown MARTA,Atlantic Station,member,4.0,12,3
R100072,2026-06-01 21:42:00,2026-06-01 21:52:00,Ponce City Market,Midtown MARTA,casual,10.0,21,0
R103231,2026-07-03 07:05:00,2026-07-03 07:14:24,Ponce City Market,Centennial Olympic Park,member,9.4,7,4
R102125,2026-06-22 10:06:00,2026-06-22 10:15:38,Georgia State University,Midtown MARTA,member,9.633333333333333,10,0
R102805,2026-06-28 17:06:00,2026-06-28 17:16:31,Atlantic Station,Midtown MARTA,member,10.516666666666667,17,6
R100468,2026-06-05 09:08:00,2026-06-05 09:28:44,Centennial Olympic Park,Ponce City Market,casual,20.733333333333334,9,4
R103152,2026-07-02 14:34:00,2026-07-02 14:46:05,Midtown MARTA,Ponce City Market,member,12.083333333333334,14,3
R105909,2026-07-30 17:07:00,2026-07-30 17:25:59,Krog Street Market,Little Five Points,casual,18.983333333333334,17,3
R104089,2026-07-11 17:22:00,2026-07-11 17:31:00,Midtown MARTA,Ponce City Market,unknown,9.0,17,5
R101965,2026-06-20 17:44:00,2026-06-20 17:53:15,Georgia State University,Atlantic Station,member,9.25,17,5
R101056,2026-06-11 07:38:00,2026-06-11 07:43:56,Georgia State University,Atlantic Station,member,5.933333333333334,7,3
R102922,2026-06-29 16:23:00,2026-06-29 16:41:37,Midtown MARTA,Centennial Olympic Park,member,18.616666666666667,16,0
R100539,2026-06-06 16:04:00,2026-06-06 16:05:43,Georgia State University,Centennial Olympic Park,casual,1.7166666666666666,16,5
R101391,2026-06-14 09:04:00,2026-06-14 09:28:02,Georgia State University,Ponce City Market,casual,24.033333333333335,9,6
R104042,2026-07-11 17:29:00,2026-07-11 17:41:26,Centennial Olympic Park,Grant Park,member,12.433333333333334,17,5
R105221,2026-07-22 20:02:00,2026-07-22 20:07:51,Ponce City Market,Midtown MARTA,member,5.85,20,2
R102571,2026-06-25 13:19:00,2026-06-25 13:30:03,Georgia State University,Midtown MARTA,member,11.05,13,3
R103063,2026-07-01 20:28:00,2026-07-01 20:38:01,Ponce City Market,Centennial Olympic Park,member,10.016666666666667,20,2
R100872,2026-06-09 18:09:00,2026-06-09 18:27:00,Georgia State University,Ponce City Market,casual,18.0,18,1
R104097,2026-07-12 08:32:00,2026-07-12 08:49:00,Georgia State University,Midtown MARTA,casual,17.0,8,6
R101557,2026-06-16 18:15:00,2026-06-16 18:24:31,Midtown MARTA,Ponce City Market,member,9.516666666666667,18,1
R105900,2026-07-30 12:41:00,2026-07-30 12:50:32,Midtown MARTA,Ponce City Market,member,9.533333333333333,12,3
R100882,2026-06-09 21:22:00,2026-06-09 21:31:09,Ponce City Market,Atlantic Station,member,9.15,21,1
R100327,2026-06-04 16:20:00,2026-06-04 16:37:22,Krog Street Market,Midtown MARTA,casual,17.366666666666667,16,3
R101398,2026-06-14 01:40:00,2026-06-14 01:54:21,Ponce City Market,Midtown MARTA,casual,14.35,1,6
R102679,2026-06-27 13:50:00,2026-06-27 14:22:52,Ponce City Market,Midtown MARTA,casual,32.86666666666667,13,5
R100662,2026-06-07 14:54:00,2026-06-07 15:18:00,Georgia State University,Midtown MARTA,casual,24.0,14,6
R104355,2026-07-14 20:47:00,2026-07-14 20:57:00,Ponce City Market,Georgia State University,member,10.0,20,1
R104122,2026-07-12 11:42:00,2026-07-12 12:03:16,Ponce City Market,Georgia State University,casual,21.266666666666666,11,6
R105483,2026-07-26 07:48:00,2026-07-26 07:52:39,Georgia State University,Piedmont Park,casual,4.65,7,6
R104534,2026-07-16 13:25:00,2026-07-16 13:28:16,West End,Piedmont Park,member,3.2666666666666666,13,3
R102485,2026-06-25 06:02:00,2026-06-25 06:10:33,Georgia State University,Ponce City Market,member,8.55,6,3
R103011,2026-06-30 13:47:00,2026-06-30 14:02:12,Georgia State University,Little Five Points,member,15.2,13,1
R103958,2026-07-10 08:55:00,2026-07-10 09:15:37,Midtown MARTA,Ponce City Market,member,20.616666666666667,8,4
R105341,2026-07-24 17:03:00,2026-07-24 17:17:32,Little Five Points,Ponce City Market,member,14.533333333333333,17,4
R100026,2026-06-01 16:28:00,2026-06-01 16:41:48,Georgia State University,Midtown MARTA,member,13.8,16,0
R104292,2026-07-14 15:35:00,2026-07-14 15:42:33,West End,Midtown MARTA,casual,7.55,15,1
R103919,2026-07-10 17:07:00,2026-07-10 17:15:45,Midtown MARTA,Centennial Olympic Park,member,8.75,17,4
R104039,2026-07-11 13:45:00,2026-07-11 13:46:00,Ponce City Market,Midtown MARTA,member,1.0,13,5
R103544,2026-07-06 22:42:00,2026-07-06 23:00:11,Ponce City Market,Midtown MARTA,member,18.183333333333334,22,0
R102659,2026-06-27 09:35:00,2026-06-27 09:42:46,Ponce City Market,Krog Street Market,casual,7.766666666666667,9,5
R105601,2026-07-26 07:23:00,2026-07-26 07:33:40,Centennial Olympic Park,Midtown MARTA,member,10.666666666666666,7,6
R105390,2026-07-24 08:24:00,2026-07-24 08:36:59,Grant Park,Ponce City Market,member,12.983333333333333,8,4
R104903,2026-07-19 18:53:00,2026-07-19 19:09:29,Piedmont Park,Ponce City Market,casual,16.483333333333334,18,6
R101326,2026-06-13 14:39:00,2026-06-13 15:00:45,Midtown MARTA,Ponce City Market,member,21.75,14,5
R102656,2026-06-26 09:41:00,2026-06-26 10:16:13,Ponce City Market,West End,casual,35.21666666666667,9,4
R100837,2026-06-09 18:31:00,2026-06-09 18:39:02,Ponce City Market,Georgia State University,member,8.033333333333333,18,1
R100029,2026-06-01 20:02:00,2026-06-01 20:12:06,Midtown MARTA,Grant Park,member,10.1,20,0
R101318,2026-06-13 07:52:00,2026-06-13 08:16:38,Georgia State University,Midtown MARTA,casual,24.633333333333333,7,5
R100381,2026-06-04 02:21:00,2026-06-04 02:27:03,Centennial Olympic Park,Ponce City Market,member,6.05,2,3
R105449,2026-07-25 14:54:00,2026-07-25 14:55:00,Midtown MARTA,Ponce City Market,casual,1.0,14,5
R101476,2026-06-15 15:12:00,2026-06-15 15:58:30,Midtown MARTA,Atlantic Station,casual,46.5,15,0
R104343,2026-07-14 19:44:00,2026-07-14 19:57:23,Centennial Olympic Park,Midtown MARTA,member,13.383333333333333,19,1
R103176,2026-07-02 17:45:00,2026-07-02 17:51:09,Georgia State University,Ponce City Market,member,6.15,17,3
R100753,2026-06-08 16:17:00,2026-06-08 16:34:00,Midtown MARTA,Georgia State University,member,17.0,16,0
R102270,2026-06-23 18:55:00,2026-06-23 19:13:53,Grant Park,Midtown MARTA,casual,18.883333333333333,18,1
R103581,2026-07-07 08:57:00,2026-07-07 09:06:28,Little Five Points,Midtown MARTA,member,9.466666666666667,8,1
R102222,2026-06-22 15:13:00,2026-06-22 15:27:00,Ponce City Market,Georgia State University,member,14.0,15,0
R103614,2026-07-07 12:33:00,2026-07-07 12:46:55,Midtown MARTA,Atlantic Station,member,13.916666666666666,12,1
R104000,2026-07-10 16:14:00,2026-07-10 16:50:44,Midtown MARTA,Atlantic Station,casual,36.733333333333334,16,4
R103478,2026-07-06 20:44:00,2026-07-06 20:48:21,Georgia State University,Midtown MARTA,member,4.35,20,0
R104172,2026-07-12 17:18:00,2026-07-12 17:31:39,Piedmont Park,Georgia State University,member,13.65,17,6
R102276,2026-06-23 10:47:00,2026-06-23 10:52:19,Midtown MARTA,Centennial Olympic Park,member,5.316666666666666,10,1
R105246,2026-07-23 20:28:00,2026-07-23 21:00:04,Centennial Olympic Park,Midtown MARTA,casual,32.06666666666667,20,3
R100692,2026-06-07 17:46:00,2026-06-07 17:52:14,Midtown MARTA,Ponce City Market,member,6.233333333333333,17,6
R102003,2026-06-20 05:31:00,2026-06-20 05:49:00,Midtown MARTA,Little Five Points,member,18.0,5,5
R103956,2026-07-10 07:11:00,2026-07-10 07:23:52,Piedmont Park,Atlantic Station,casual,12.866666666666667,7,4
R101162,2026-06-12 17:53:00,2026-06-12 18:01:58,Midtown MARTA,Ponce City Market,member,8.966666666666667,17,4
R105608,2026-07-27 07:15:00,2026-07-27 07:30:46,Centennial Olympic Park,Midtown MARTA,member,15.766666666666667,7,0
R104843,2026-07-19 00:05:00,2026-07-19 00:25:52,Little Five Points,Piedmont Park,casual,20.866666666666667,0,6
R100742,2026-06-08 06:14:00,2026-06-08 06:25:04,Little Five Points,Ponce City Market,member,11.066666666666666,6,0
R105957,2026-07-30 15:46:00,2026-07-30 15:56:15,Centennial Olympic Park,Midtown MARTA,member,10.25,15,3
R105894,2026-07-29 15:51:00,2026-07-29 16:07:35,Midtown MARTA,Piedmont Park,member,16.583333333333332,15,2
R105285,2026-07-23 17:35:00,2026-07-23 17:42:00,Georgia State University,Ponce City Market,member,7.0,17,3
R102729,2026-06-27 15:31:00,2026-06-27 15:51:41,Little Five Points,Ponce City Market,member,20.683333333333334,15,5
R101898,2026-06-19 17:38:00,2026-06-19 17:49:56,Midtown MARTA,Georgia State University,member,11.933333333333334,17,4
R105268,2026-07-23 08:26:00,2026-07-23 08:27:00,Piedmont Park,Centennial Olympic Park,member,1.0,8,3
R100242,2026-06-03 18:49:00,2026-06-03 19:01:51,Ponce City Market,Krog Street Market,casual,12.85,18,2
R100554,2026-06-06 20:34:00,2026-06-06 20:37:00,Midtown MARTA,Centennial Olympic Park,member,3.0,20,5
R101838,2026-06-19 06:29:00,2026-06-19 06:36:39,Piedmont Park,Grant Park,member,7.65,6,4
R102998,2026-06-30 23:14:00,2026-06-30 23:26:00,Krog Street Market,Georgia State University,member,12.0,23,1
R103968,2026-07-10 14:12:00,2026-07-10 14:14:00,Midtown MARTA,Atlantic Station,member,2.0,14,4
R105203,2026-07-22 16:19:00,2026-07-22 16:25:00,Midtown MARTA,Centennial Olympic Park,member,6.0,16,2
R104687,2026-07-17 11:14:00,2026-07-17 11:15:29,West End,Midtown MARTA,member,1.4833333333333334,11,4
R101339,2026-06-14 19:48:00,2026-06-14 20:07:26,Centennial Olympic Park,West End,member,19.433333333333334,19,6
R101900,2026-06-19 07:15:00,2026-06-19 07:20:00,Piedmont Park,Midtown MARTA,member,5.0,7,4
R101207,2026-06-12 13:21:00,2026-06-12 14:09:47,Grant Park,Piedmont Park,casual,48.78333333333333,13,4
R102320,2026-06-23 14:19:00,2026-06-23 14:56:00,Ponce City Market,Midtown MARTA,casual,37.0,14,1
R100834,2026-06-09 18:29:00,2026-06-09 18:39:57,Midtown MARTA,Atlantic Station,casual,10.95,18,1
R104168,2026-07-12 05:24:00,2026-07-12 05:32:43,Midtown MARTA,Centennial Olympic Park,casual,8.716666666666667,5,6
R103137,2026-07-02 18:26:00,2026-07-02 18:48:00,Atlantic Station,Ponce City Market,casual,22.0,18,3
R102987,2026-06-30 13:54:00,2026-06-30 14:03:33,Ponce City Market,Piedmont Park,member,9.55,13,1
R104918,2026-07-20 18:15:00,2026-07-20 18:39:00,Atlantic Station,Georgia State University,casual,24.0,18,0
R105559,2026-07-26 06:11:00,2026-07-26 06:15:54,Midtown MARTA,Atlantic Station,member,4.9,6,6
R104034,2026-07-11 12:54:00,2026-07-11 13:08:00,Midtown MARTA,Ponce City Market,member,14.0,12,5
R101171,2026-06-12 17:14:00,2026-06-12 17:30:46,Ponce City Market,Midtown MARTA,member,16.766666666666666,17,4
R103577,2026-07-07 14:44:00,2026-07-07 14:53:08,Midtown MARTA,Krog Street Market,member,9.133333333333333,14,1
R100628,2026-06-07 14:18:00,2026-06-07 14:50:56,Georgia State University,Piedmont Park,casual,32.93333333333333,14,6
R103881,2026-07-09 15:28:00,2026-07-09 15:50:01,Georgia State University,Piedmont Park,casual,22.016666666666666,15,3
R100644,2026-06-07 07:04:00,2026-06-07 07:24:00,Krog Street Market,Midtown MARTA,casual,20.0,7,6
R104844,2026-07-19 11:08:00,2026-07-19 11:28:03,Midtown MARTA,Grant Park,casual,20.05,11,6
R104526,2026-07-16 11:05:00,2026-07-16 11:15:03,Georgia State University,Midtown MARTA,member,10.05,11,3
R101605,2026-06-16 09:28:00,2026-06-16 09:41:10,Georgia State University,Ponce City Market,member,13.166666666666666,9,1
R104193,2026-07-13 06:29:00,2026-07-13 07:08:00,Ponce City Market,Midtown MARTA,casual,39.0,6,0
R103482,2026-07-06 21:24:00,2026-07-06 21:35:32,Midtown MARTA,Piedmont Park,casual,11.533333333333333,21,0
R100249,2026-06-03 02:49:00,2026-06-03 03:03:41,Georgia State University,Midtown MARTA,casual,14.683333333333334,2,2
R102329,2026-06-24 21:16:00,2026-06-24 21:26:00,Georgia State University,West End,member,10.0,21,2
R102822,2026-06-28 12:11:00,2026-06-28 12:20:00,Midtown MARTA,Ponce City Market,member,9.0,12,6
R104163,2026-07-12 18:23:00,2026-07-12 18:39:00,Ponce City Market,Midtown MARTA,member,16.0,18,6
R100783,2026-06-08 06:57:00,2026-06-08 07:24:52,Midtown MARTA,Georgia State University,casual,27.866666666666667,6,0
R105340,2026-07-24 13:56:00,2026-07-24 14:00:02,Ponce City Market,Midtown MARTA,member,4.033333333333333,13,4
R103211,2026-07-02 19:04:00,2026-07-02 19:07:00,Ponce City Market,Grant Park,member,3.0,19,3
R105889,2026-07-29 18:09:00,2026-07-29 18:16:00,Atlantic Station,Ponce City Market,member,7.0,18,2
R104961,2026-07-20 13:55:00,2026-07-20 14:08:04,Midtown MARTA,Krog Street Market,member,13.066666666666666,13,0
R104280,2026-07-14 18:02:00,2026-07-14 18:15:53,Piedmont Park,Midtown MARTA,member,13.883333333333333,18,1
R105224,2026-07-22 15:19:00,2026-07-22 15:26:44,Midtown MARTA,Piedmont Park,member,7.733333333333333,15,2
R103672,2026-07-08 19:43:00,2026-07-08 19:49:54,Midtown MARTA,Centennial Olympic Park,member,6.9,19,2
R104268,2026-07-14 13:21:00,2026-07-14 13:50:00,Georgia State University,Grant Park,casual,29.0,13,1
R104607,2026-07-17 18:57:00,2026-07-17 19:09:43,Piedmont Park,Unknown,member,12.716666666666667,18,4
R100102,2026-06-01 11:28:00,2026-06-01 11:48:32,Ponce City Market,West End,casual,20.533333333333335,11,0
R103412,2026-07-05 05:20:00,2026-07-05 05:36:00,Atlantic Station,Georgia State University,casual,16.0,5,6
R102940,2026-06-29 00:28:00,2026-06-29 00:33:13,Grant Park,Ponce City Market,member,5.216666666666667,0,0
R103765,2026-07-08 08:03:00,2026-07-08 08:14:00,Midtown MARTA,Georgia State University,member,11.0,8,2
R105666,2026-07-27 05:39:00,2026-07-27 05:53:37,Georgia State University,Atlantic Station,casual,14.616666666666667,5,0
R104829,2026-07-19 10:16:00,2026-07-19 10:40:18,Ponce City Market,Georgia State University,casual,24.3,10,6
R102603,2026-06-26 18:54:00,2026-06-26 19:00:13,Ponce City Market,Unknown,member,6.216666666666667,18,4
R104764,2026-07-18 03:22:00,2026-07-18 03:40:41,Centennial Olympic Park,Georgia State University,casual,18.683333333333334,3,5
R103243,2026-07-03 05:14:00,2026-07-03 05:22:00,Georgia State University,Midtown MARTA,casual,8.0,5,4
R100085,2026-06-01 22:48:00,2026-06-01 22:57:51,Georgia State University,Atlantic Station,member,9.85,22,0
R102827,2026-06-28 10:50:00,2026-06-28 11:18:05,Midtown MARTA,West End,casual,28.083333333333332,10,6
R104352,2026-07-14 06:33:00,2026-07-14 07:02:54,Ponce City Market,Atlantic Station,casual,29.9,6,1
R104281,2026-07-14 16:03:00,2026-07-14 16:08:27,Midtown MARTA,Georgia State University,member,5.45,16,1
R104116,2026-07-12 12:14:00,2026-07-12 12:28:43,Midtown MARTA,Centennial Olympic Park,casual,14.716666666666667,12,6
R105812,2026-07-29 11:48:00,2026-07-29 11:58:00,Midtown MARTA,Georgia State University,member,10.0,11,2
R104052,2026-07-11 14:31:00,2026-07-11 14:40:17,Atlantic Station,Georgia State University,member,9.283333333333333,14,5
R102797,2026-06-28 10:53:00,2026-06-28 11:12:15,Georgia State University,Midtown MARTA,casual,19.25,10,6
R102017,2026-06-21 10:09:00,2026-06-21 10:36:02,Midtown MARTA,Ponce City Market,casual,27.033333333333335,10,6
R102585,2026-06-26 04:04:00,2026-06-26 04:16:22,Centennial Olympic Park,Ponce City Market,member,12.366666666666667,4,4
R104451,2026-07-15 07:44:00,2026-07-15 07:51:59,Georgia State University,Ponce City Market,member,7.983333333333333,7,2
R100925,2026-06-10 20:10:00,2026-06-10 20:54:13,Little Five Points,Ponce City Market,casual,44.21666666666667,20,2
R102545,2026-06-25 12:13:00,2026-06-25 12:23:14,Midtown MARTA,Georgia State University,member,10.233333333333333,12,3
R102835,2026-06-28 12:49:00,2026-06-28 13:18:16,Midtown MARTA,Little Five Points,casual,29.266666666666666,12,6
R103146,2026-07-02 13:20:00,2026-07-02 13:25:50,Georgia State University,Centennial Olympic Park,member,5.833333333333333,13,3
R105458,2026-07-25 07:10:00,2026-07-25 07:24:00,Little Five Points,Centennial Olympic Park,member,14.0,7,5
R103730,2026-07-08 12:18:00,2026-07-08 12:31:05,Georgia State University,Midtown MARTA,member,13.083333333333334,12,2
R102217,2026-06-22 17:31:00,2026-06-22 18:07:51,Midtown MARTA,Georgia State University,casual,36.85,17,0
R104926,2026-07-20 16:25:00,2026-07-20 16:41:15,Midtown MARTA,Georgia State University,casual,16.25,16,0
R103816,2026-07-09 17:44:00,2026-07-09 18:08:13,Centennial Olympic Park,Midtown MARTA,casual,24.216666666666665,17,3
R101962,2026-06-20 16:47:00,2026-06-20 16:53:20,Atlantic Station,Ponce City Market,member,6.333333333333333,16,5
R104258,2026-07-14 07:09:00,2026-07-14 07:13:18,Midtown MARTA,Centennial Olympic Park,member,4.3,7,1
R100650,2026-06-07 17:59:00,2026-06-07 18:33:00,Krog Street Market,Ponce City Market,casual,34.0,17,6
R102005,2026-06-20 17:19:00,2026-06-20 17:39:49,Georgia State University,Ponce City Market,casual,20.816666666666666,17,5
R101314,2026-06-13 01:52:00,2026-06-13 01:59:00,Ponce City Market,Atlantic Station,member,7.0,1,5
R103539,2026-07-06 13:47:00,2026-07-06 13:51:58,Centennial Olympic Park,Atlantic Station,member,4.966666666666667,13,0
R101072,2026-06-11 21:17:00,2026-06-11 21:27:21,Georgia State University,Midtown MARTA,member,10.35,21,3
R103990,2026-07-10 21:24:00,2026-07-10 21:28:34,Midtown MARTA,Georgia State University,member,4.566666666666666,21,4
R100719,2026-06-08 16:56:00,2026-06-08 17:11:00,Midtown MARTA,Centennial Olympic Park,member,15.0,16,0
R100093,2026-06-01 06:39:00,2026-06-01 07:06:53,Midtown MARTA,Centennial Olympic Park,casual,27.883333333333333,6,0
R103303,2026-07-04 17:01:00,2026-07-04 17:57:37,Atlantic Station,Georgia State University,casual,56.61666666666667,17,5
R101587,2026-06-16 19:43:00,2026-06-16 19:53:02,Piedmont Park,Atlantic Station,member,10.033333333333333,19,1
R100672,2026-06-07 09:41:00,2026-06-07 09:53:18,Piedmont Park,Krog Street Market,member,12.3,9,6
R105259,2026-07-23 17:16:00,2026-07-23 17:35:35,Atlantic Station,Midtown MARTA,casual,19.583333333333332,17,3
R102054,2026-06-21 10:29:00,2026-06-21 10:39:06,Midtown MARTA,Georgia State University,member,10.1,10,6
R101061,2026-06-11 15:24:00,2026-06-11 15:28:00,Midtown MARTA,Ponce City Market,member,4.0,15,3
R102771,2026-06-28 15:23:00,2026-06-28 15:44:20,Ponce City Market,Midtown MARTA,casual,21.333333333333332,15,6
R102274,2026-06-23 17:04:00,2026-06-23 17:39:00,Ponce City Market,Centennial Olympic Park,casual,35.0,17,1
R102097,2026-06-21 06:37:00,2026-06-21 06:45:54,Grant Park,Midtown MARTA,casual,8.9,6,6
R103264,2026-07-03 18:27:00,2026-07-03 18:37:42,Ponce City Market,Piedmont Park,member,10.7,18,4
R104101,2026-07-12 13:01:00,2026-07-12 13:11:00,Georgia State University,Midtown MARTA,member,10.0,13,6
R100278,2026-06-03 13:45:00,2026-06-03 13:55:50,Krog Street Market,Georgia State University,member,10.833333333333334,13,2
R102302,2026-06-23 05:55:00,2026-06-23 06:04:00,West End,Ponce City Market,member,9.0,5,1
R105241,2026-07-23 14:40:00,2026-07-23 14:45:39,Midtown MARTA,Piedmont Park,member,5.65,14,3
R102517,2026-06-25 07:08:00,2026-06-25 07:20:00,Ponce City Market,Little Five Points,casual,12.0,7,3
R103864,2026-07-09 09:03:00,2026-07-09 09:14:00,Ponce City Market,Georgia State University,member,11.0,9,3
R103853,2026-07-09 15:27:00,2026-07-09 15:52:37,Atlantic Station,Centennial Olympic Park,casual,25.616666666666667,15,3
R100675,2026-06-07 12:14:00,2026-06-07 12:48:52,Atlantic Station,Grant Park,casual,34.86666666666667,12,6
R105446,2026-07-25 17:36:00,2026-07-25 17:47:29,Ponce City Market,Centennial Olympic Park,casual,11.483333333333333,17,5
R100896,2026-06-09 17:46:00,2026-06-09 18:21:00,Midtown MARTA,Atlantic Station,casual,35.0,17,1
R105748,2026-07-28 05:26:00,2026-07-28 05:55:15,Georgia State University,Centennial Olympic Park,casual,29.25,5,1
R103793,2026-07-09 16:13:00,2026-07-09 16:18:00,Midtown MARTA,Ponce City Market,member,5.0,16,3
R105293,2026-07-23 09:53:00,2026-07-23 10:03:19,Georgia State University,Midtown MARTA,member,10.316666666666666,9,3
R101378,2026-06-14 15:11:00,2026-06-14 15:42:16,Little Five Points,Midtown MARTA,casual,31.266666666666666,15,6
R104198,2026-07-13 18:13:00,2026-07-13 18:23:42,Krog Street Market,Georgia State University,member,10.7,18,0
R104479,2026-07-16 08:58:00,2026-07-16 09:11:00,Centennial Olympic Park,Georgia State University,member,13.0,8,3
R103914,2026-07-10 07:32:00,2026-07-10 07:42:20,Midtown MARTA,Little Five Points,member,10.333333333333334,7,4
R101369,2026-06-14 18:09:00,2026-06-14 18:28:09,Midtown MARTA,Centennial Olympic Park,member,19.15,18,6
R105370,2026-07-24 11:40:00,2026-07-24 11:44:58,Centennial Olympic Park,Midtown MARTA,member,4.966666666666667,11,4
R102948,2026-06-29 02:36:00,2026-06-29 02:51:22,Georgia State University,Atlantic Station,member,15.366666666666667,2,0
R103542,2026-07-06 08:10:00,2026-07-06 08:22:00,Midtown MARTA,Little Five Points,member,12.0,8,0
R102365,2026-06-24 01:21:00,2026-06-24 01:35:05,Midtown MARTA,Georgia State University,member,14.083333333333334,1,2
R103888,2026-07-09 07:19:00,2026-07-09 07:31:00,Midtown MARTA,Atlantic Station,member,12.0,7,3
R100223,2026-06-03 17:06:00,2026-06-03 17:32:46,Midtown MARTA,Georgia State University,casual,26.766666666666666,17,2
R105416,2026-07-25 16:48:00,2026-07-25 16:55:57,Centennial Olympic Park,Piedmont Park,member,7.95,16,5
R102382,2026-06-24 20:28:00,2026-06-24 20:30:00,Georgia State University,Piedmont Park,member,2.0,20,2
R105311,2026-07-23 11:01:00,2026-07-23 11:14:51,Midtown MARTA,Ponce City Market,member,13.85,11,3
R100547,2026-06-06 14:01:00,2026-06-06 14:11:13,Centennial Olympic Park,Grant Park,member,10.216666666666667,14,5
R101274,2026-06-13 23:36:00,2026-06-13 23:48:00,Ponce City Market,Midtown MARTA,member,12.0,23,5
R104710,2026-07-18 18:56:00,2026-07-18 19:00:23,Atlantic Station,Midtown MARTA,casual,4.383333333333334,18,5
R100911,2026-06-10 16:40:00,2026-06-10 16:58:00,Ponce City Market,Krog Street Market,member,18.0,16,2
R105103,2026-07-21 12:17:00,2026-07-21 12:20:38,Ponce City Market,Piedmont Park,member,3.6333333333333333,12,1
R104059,2026-07-11 04:44:00,2026-07-11 04:54:00,Centennial Olympic Park,Unknown,member,10.0,4,5
R100095,2026-06-01 11:15:00,2026-06-01 11:26:00,Krog Street Market,Atlantic Station,member,11.0,11,0
R104453,2026-07-15 10:28:00,2026-07-15 10:33:00,Georgia State University,Midtown MARTA,member,5.0,10,2
R105650,2026-07-27 17:56:00,2026-07-27 18:12:00,Midtown MARTA,Georgia State University,member,16.0,17,0
R103346,2026-07-04 10:20:00,2026-07-04 10:30:56,Ponce City Market,Midtown MARTA,casual,10.933333333333334,10,5
R101618,2026-06-17 10:49:00,2026-06-17 10:59:15,Ponce City Market,Georgia State University,member,10.25,10,2
R102358,2026-06-24 11:06:00,2026-06-24 11:17:56,Centennial Olympic Park,Unknown,member,11.933333333333334,11,2
R100763,2026-06-08 13:42:00,2026-06-08 13:47:00,Georgia State University,Little Five Points,member,5.0,13,0
R100410,2026-06-04 07:31:00,2026-06-04 07:42:22,Atlantic Station,Georgia State University,casual,11.366666666666667,7,3
R101025,2026-06-11 12:20:00,2026-06-11 12:34:28,Midtown MARTA,Georgia State University,member,14.466666666666667,12,3
R101058,2026-06-11 09:40:00,2026-06-11 09:50:40,Grant Park,Ponce City Market,member,10.666666666666666,9,3
R100238,2026-06-03 18:43:00,2026-06-03 18:47:00,Georgia State University,Centennial Olympic Park,member,4.0,18,2
R103464,2026-07-06 12:36:00,2026-07-06 12:48:25,Georgia State University,Piedmont Park,member,12.416666666666666,12,0
R102719,2026-06-27 03:22:00,2026-06-27 03:41:01,Ponce City Market,Centennial Olympic Park,casual,19.016666666666666,3,5
R105042,2026-07-21 20:01:00,2026-07-21 20:17:52,Midtown MARTA,Atlantic Station,member,16.866666666666667,20,1
R100606,2026-06-07 11:54:00,2026-06-07 12:38:00,Midtown MARTA,Centennial Olympic Park,casual,44.0,11,6
R100114,2026-06-01 08:27:00,2026-06-01 08:33:55,Midtown MARTA,Grant Park,member,6.916666666666667,8,0
R102234,2026-06-22 14:07:00,2026-06-22 14:13:30,Ponce City Market,Midtown MARTA,member,6.5,14,0
R100873,2026-06-09 18:12:00,2026-06-09 18:30:41,Centennial Olympic Park,Georgia State University,member,18.683333333333334,18,1
R103386,2026-07-05 08:40:00,2026-07-05 09:10:04,Midtown MARTA,Ponce City Market,casual,30.066666666666666,8,6
R105706,2026-07-27 00:28:00,2026-07-27 00:44:23,Ponce City Market,Atlantic Station,member,16.383333333333333,0,0
R100531,2026-06-06 07:48:00,2026-06-06 08:07:27,Ponce City Market,Centennial Olympic Park,casual,19.45,7,5
R102654,2026-06-26 18:44:00,2026-06-26 18:49:09,Midtown MARTA,Georgia State University,member,5.15,18,4
R103191,2026-07-02 16:11:00,2026-07-02 16:26:00,Piedmont Park,Atlantic Station,member,15.0,16,3
R103212,2026-07-02 08:18:00,2026-07-02 08:36:00,Centennial Olympic Park,Grant Park,casual,18.0,8,3
R104120,2026-07-12 17:13:00,2026-07-12 17:23:56,Ponce City Market,Midtown MARTA,member,10.933333333333334,17,6
R105803,2026-07-29 19:45:00,2026-07-29 20:03:02,Midtown MARTA,Unknown,member,18.033333333333335,19,2
R105950,2026-07-30 18:40:00,2026-07-30 18:46:23,Midtown MARTA,Georgia State University,member,6.383333333333334,18,3
R101825,2026-06-19 13:43:00,2026-06-19 13:58:46,Georgia State University,Ponce City Market,member,15.766666666666667,13,4
R103379,2026-07-04 22:21:00,2026-07-04 22:58:57,Grant Park,Piedmont Park,casual,37.95,22,5
R102960,2026-06-30 00:52:00,2026-06-30 00:59:25,Midtown MARTA,Centennial Olympic Park,member,7.416666666666667,0,1
R103494,2026-07-06 16:25:00,2026-07-06 16:35:00,Midtown MARTA,Georgia State University,member,10.0,16,0
R100843,2026-06-09 12:41:00,2026-06-09 12:57:45,Midtown MARTA,Centennial Olympic Park,member,16.75,12,1
R105664,2026-07-27 03:52:00,2026-07-27 04:01:00,Centennial Olympic Park,Atlantic Station,member,9.0,3,0
R102734,2026-06-28 15:04:00,2026-06-28 15:32:00,Midtown MARTA,Ponce City Market,casual,28.0,15,6
R102767,2026-06-28 11:56:00,2026-06-28 12:15:00,Ponce City Market,Midtown MARTA,member,19.0,11,6
R104547,2026-07-16 06:02:00,2026-07-16 06:20:51,Georgia State University,Midtown MARTA,casual,18.85,6,3
R105973,2026-07-30 11:23:00,2026-07-30 11:40:21,Midtown MARTA,Krog Street Market,member,17.35,11,3
R105647,2026-07-27 08:28:00,2026-07-27 08:39:00,West End,Ponce City Market,member,11.0,8,0
R101573,2026-06-16 18:57:00,2026-06-16 19:05:05,Midtown MARTA,Ponce City Market,member,8.083333333333334,18,1
R100733,2026-06-08 08:07:00,2026-06-08 08:19:00,Ponce City Market,Georgia State University,unknown,12.0,8,0
R105573,2026-07-26 14:26:00,2026-07-26 14:47:15,Ponce City Market,Unknown,casual,21.25,14,6
R102385,2026-06-24 18:35:00,2026-06-24 18:38:36,Little Five Points,Georgia State University,member,3.6,18,2
R101498,2026-06-15 09:45:00,2026-06-15 09:56:04,Ponce City Market,Midtown MARTA,member,11.066666666666666,9,0
R105534,2026-07-26 18:11:00,2026-07-26 18:33:12,Georgia State University,Krog Street Market,casual,22.2,18,6
R104207,2026-07-13 08:21:00,2026-07-13 08:29:00,Ponce City Market,Georgia State University,member,8.0,8,0
R105368,2026-07-24 10:31:00,2026-07-24 11:00:50,Little Five Points,Georgia State University,casual,29.833333333333332,10,4
R101307,2026-06-13 13:00:00,2026-06-13 13:14:00,Centennial Olympic Park,Midtown MARTA,member,14.0,13,5
R103589,2026-07-07 18:36:00,2026-07-07 18:45:49,Georgia State University,Atlantic Station,member,9.816666666666666,18,1
R104996,2026-07-20 08:11:00,2026-07-20 08:22:00,Piedmont Park,Ponce City Market,member,11.0,8,0
R103974,2026-07-10 07:45:00,2026-07-10 07:55:00,Ponce City Market,Piedmont Park,member,10.0,7,4
R102134,2026-06-22 18:47:00,2026-06-22 18:58:28,West End,Krog Street Market,casual,11.466666666666667,18,0
R105392,2026-07-24 20:50:00,2026-07-24 21:06:00,Midtown MARTA,Georgia State University,casual,16.0,20,4
R104518,2026-07-16 09:03:00,2026-07-16 09:13:00,Centennial Olympic Park,Georgia State University,member,10.0,9,3
R104455,2026-07-15 05:16:00,2026-07-15 05:25:00,Centennial Olympic Park,Ponce City Market,member,9.0,5,2
R100548,2026-06-06 08:59:00,2026-06-06 09:08:00,Midtown MARTA,Georgia State University,member,9.0,8,5
R103220,2026-07-03 07:16:00,2026-07-03 07:20:00,Atlantic Station,Georgia State University,member,4.0,7,4
R103901,2026-07-10 06:34:00,2026-07-10 06:48:35,Centennial Olympic Park,Georgia State University,member,14.583333333333334,6,4
R105709,2026-07-27 08:58:00,2026-07-27 09:03:30,Centennial Olympic Park,Georgia State University,member,5.5,8,0
R104218,2026-07-13 08:12:00,2026-07-13 08:37:49,Centennial Olympic Park,Georgia State University,casual,25.816666666666666,8,0
R102760,2026-06-28 15:35:00,2026-06-28 15:36:00,Ponce City Market,Krog Street Market,casual,1.0,15,6
R105249,2026-07-23 18:36:00,2026-07-23 18:42:53,Midtown MARTA,Ponce City Market,member,6.883333333333334,18,3
R100520,2026-06-06 00:10:00,2026-06-06 00:28:15,Georgia State University,Piedmont Park,member,18.25,0,5
R103067,2026-07-01 16:53:00,2026-07-01 16:59:00,Midtown MARTA,Ponce City Market,member,6.0,16,2
R102351,2026-06-24 12:16:00,2026-06-24 12:31:00,Ponce City Market,Atlantic Station,member,15.0,12,2
R103261,2026-07-03 07:43:00,2026-07-03 07:54:00,Ponce City Market,Midtown MARTA,member,11.0,7,4
R104827,2026-07-19 12:07:00,2026-07-19 12:17:41,Georgia State University,Little Five Points,casual,10.683333333333334,12,6
R100293,2026-06-03 13:46:00,2026-06-03 14:32:14,Georgia State University,Piedmont Park,casual,46.233333333333334,13,2
R102184,2026-06-22 09:21:00,2026-06-22 09:47:00,Georgia State University,Ponce City Market,casual,26.0,9,0
R103842,2026-07-09 16:29:00,2026-07-09 16:47:17,Ponce City Market,Georgia State University,casual,18.283333333333335,16,3
R105021,2026-07-20 09:44:00,2026-07-20 09:54:44,Ponce City Market,Georgia State University,member,10.733333333333333,9,0
R101139,2026-06-12 13:52:00,2026-06-12 14:10:00,Georgia State University,Centennial Olympic Park,member,18.0,13,4
R104985,2026-07-20 13:21:00,2026-07-20 13:41:00,Ponce City Market,Centennial Olympic Park,member,20.0,13,0
R105081,2026-07-21 09:42:00,2026-07-21 09:53:56,Georgia State University,Ponce City Market,member,11.933333333333334,9,1
R103495,2026-07-06 06:13:00,2026-07-06 06:27:49,Midtown MARTA,Atlantic Station,member,14.816666666666666,6,0
R103575,2026-07-07 07:12:00,2026-07-07 07:26:50,Centennial Olympic Park,Midtown MARTA,casual,14.833333333333334,7,1
R104800,2026-07-19 19:13:00,2026-07-19 19:50:14,Midtown MARTA,Atlantic Station,casual,37.233333333333334,19,6
R101951,2026-06-20 03:17:00,2026-06-20 03:30:30,Krog Street Market,Atlantic Station,member,13.5,3,5
R101971,2026-06-20 10:05:00,2026-06-20 10:20:51,Ponce City Market,Atlantic Station,member,15.85,10,5
R100231,2026-06-03 12:58:00,2026-06-03 13:22:14,Atlantic Station,Midtown MARTA,casual,24.233333333333334,12,2
R102350,2026-06-24 16:36:00,2026-06-24 16:50:00,Georgia State University,Ponce City Market,member,14.0,16,2
R103819,2026-07-09 18:39:00,2026-07-09 18:56:00,Atlantic Station,Grant Park,casual,17.0,18,3
R104186,2026-07-13 10:26:00,2026-07-13 11:02:00,Ponce City Market,Midtown MARTA,casual,36.0,10,0
R103635,2026-07-07 07:07:00,2026-07-07 07:20:00,Georgia State University,Krog Street Market,member,13.0,7,1
R101065,2026-06-11 07:35:00,2026-06-11 07:47:00,Piedmont Park,Ponce City Market,member,12.0,7,3
R105644,2026-07-27 17:09:00,2026-07-27 17:36:14,Midtown MARTA,Georgia State University,casual,27.233333333333334,17,0
R103715,2026-07-08 09:21:00,2026-07-08 09:25:21,Georgia State University,Piedmont Park,member,4.35,9,2
R100191,2026-06-02 09:47:00,2026-06-02 10:13:24,Krog Street Market,Little Five Points,casual,26.4,9,1
R103677,2026-07-08 08:20:00,2026-07-08 08:49:00,Atlantic Station,Krog Street Market,casual,29.0,8,2
R100092,2026-06-01 10:30:00,2026-06-01 10:34:54,Midtown MARTA,Atlantic Station,member,4.9,10,0
R102973,2026-06-30 18:21:00,2026-06-30 18:31:30,Centennial Olympic Park,Atlantic Station,member,10.5,18,1
R103467,2026-07-06 13:07:00,2026-07-06 13:17:00,Ponce City Market,Georgia State University,member,10.0,13,0
R104208,2026-07-13 07:58:00,2026-07-13 08:10:31,Midtown MARTA,Ponce City Market,member,12.516666666666667,7,0
R101109,2026-06-11 11:10:00,2026-06-11 11:18:47,Centennial Olympic Park,Atlantic Station,member,8.783333333333333,11,3
R103246,2026-07-03 18:51:00,2026-07-03 19:02:08,Centennial Olympic Park,Georgia State University,member,11.133333333333333,18,4
R103992,2026-07-10 07:23:00,2026-07-10 07:24:00,Midtown MARTA,Georgia State University,member,1.0,7,4
R103779,2026-07-09 05:46:00,2026-07-09 05:57:00,Ponce City Market,Midtown MARTA,member,11.0,5,3
R101976,2026-06-20 19:19:00,2026-06-20 19:24:40,Georgia State University,Ponce City Market,casual,5.666666666666667,19,5
R101756,2026-06-18 19:52:00,2026-06-18 20:03:41,Georgia State University,Ponce City Market,member,11.683333333333334,19,3
R105761,2026-07-28 21:39:00,2026-07-28 22:00:55,Midtown MARTA,West End,casual,21.916666666666668,21,1
R105616,2026-07-27 18:28:00,2026-07-27 18:34:00,Ponce City Market,Georgia State University,member,6.0,18,0
R103834,2026-07-09 19:36:00,2026-07-09 19:47:00,Centennial Olympic Park,Georgia State University,member,11.0,19,3
R101467,2026-06-15 14:45:00,2026-06-15 14:54:00,Midtown MARTA,Ponce City Market,member,9.0,14,0
R104559,2026-07-16 07:16:00,2026-07-16 07:35:51,Ponce City Market,Georgia State University,member,19.85,7,3
R102795,2026-06-28 10:17:00,2026-06-28 10:46:00,Centennial Olympic Park,Midtown MARTA,casual,29.0,10,6
R100312,2026-06-03 18:54:00,2026-06-03 19:08:27,Ponce City Market,Midtown MARTA,member,14.45,18,2
R103912,2026-07-10 16:24:00,2026-07-10 16:33:07,Atlantic Station,West End,member,9.116666666666667,16,4
R105489,2026-07-26 10:29:00,2026-07-26 10:57:20,Atlantic Station,Ponce City Market,casual,28.333333333333332,10,6
R104194,2026-07-13 10:29:00,2026-07-13 10:46:00,Atlantic Station,Ponce City Market,casual,17.0,10,0
R105139,2026-07-21 08:01:00,2026-07-21 08:10:44,Georgia State University,Piedmont Park,member,9.733333333333333,8,1
R102127,2026-06-22 07:23:00,2026-06-22 07:35:15,Little Five Points,Centennial Olympic Park,member,12.25,7,0
R105586,2026-07-26 08:04:00,2026-07-26 08:11:59,Krog Street Market,Georgia State University,member,7.983333333333333,8,6
R100730,2026-06-08 20:12:00,2026-06-08 20:33:00,Centennial Olympic Park,Georgia State University,member,21.0,20,0
R102534,2026-06-25 13:00:00,2026-06-25 13:22:59,Georgia State University,Atlantic Station,casual,22.983333333333334,13,3
R105791,2026-07-28 20:00:00,2026-07-28 20:11:00,Ponce City Market,Piedmont Park,member,11.0,20,1
R100470,2026-06-05 08:08:00,2026-06-05 08:23:08,Ponce City Market,Centennial Olympic Park,casual,15.133333333333333,8,4
R103350,2026-07-04 12:41:00,2026-07-04 13:00:02,Atlantic Station,Midtown MARTA,casual,19.033333333333335,12,5
R104856,2026-07-19 10:11:00,2026-07-19 10:37:39,Ponce City Market,Krog Street Market,casual,26.65,10,6
R105069,2026-07-21 15:42:00,2026-07-21 15:57:32,Georgia State University,Ponce City Market,member,15.533333333333333,15,1
R102319,2026-06-23 21:12:00,2026-06-23 21:26:15,Ponce City Market,Midtown MARTA,member,14.25,21,1
R100311,2026-06-03 16:42:00,2026-06-03 16:53:21,Piedmont Park,Centennial Olympic Park,member,11.35,16,2
R104669,2026-07-17 16:54:00,2026-07-17 17:04:00,Midtown MARTA,Ponce City Market,member,10.0,16,4
R105648,2026-07-27 17:12:00,2026-07-27 17:21:21,West End,Midtown MARTA,member,9.35,17,0
R103012,2026-06-30 11:55:00,2026-06-30 12:07:00,Centennial Olympic Park,Midtown MARTA,casual,12.0,11,1
R105505,2026-07-26 06:18:00,2026-07-26 06:32:00,Georgia State University,Piedmont Park,casual,14.0,6,6
R102330,2026-06-24 08:03:00,2026-06-24 08:14:36,Atlantic Station,Piedmont Park,member,11.6,8,2
R101752,2026-06-18 16:37:00,2026-06-18 16:52:00,Ponce City Market,Midtown MARTA,member,15.0,16,3
R100398,2026-06-04 19:30:00,2026-06-04 19:38:57,Midtown MARTA,Centennial Olympic Park,member,8.95,19,3
R103366,2026-07-04 09:32:00,2026-07-04 09:50:22,Georgia State University,Atlantic Station,member,18.366666666666667,9,5
R101409,2026-06-14 19:00:00,2026-06-14 19:14:27,Midtown MARTA,Grant Park,member,14.45,19,6
R104033,2026-07-11 17:16:00,2026-07-11 17:30:21,Atlantic Station,Piedmont Park,member,14.35,17,5
R101677,2026-06-17 15:53:00,2026-06-17 16:03:00,Centennial Olympic Park,Ponce City Market,member,10.0,15,2
R105675,2026-07-27 04:00:00,2026-07-27 04:10:01,Midtown MARTA,Piedmont Park,member,10.016666666666667,4,0
R101037,2026-06-11 19:03:00,2026-06-11 19:11:00,Centennial Olympic Park,Georgia State University,member,8.0,19,3
R105457,2026-07-25 16:35:00,2026-07-25 16:51:49,Centennial Olympic Park,Little Five Points,casual,16.816666666666666,16,5
R102115,2026-06-21 07:09:00,2026-06-21 07:18:00,Ponce City Market,Midtown MARTA,member,9.0,7,6
R105167,2026-07-22 17:09:00,2026-07-22 17:26:00,Ponce City Market,Atlantic Station,member,17.0,17,2
R103026,2026-07-01 17:18:00,2026-07-01 17:53:49,Ponce City Market,Centennial Olympic Park,casual,35.81666666666667,17,2
R103546,2026-07-06 08:46:00,2026-07-06 08:51:32,Midtown MARTA,Centennial Olympic Park,member,5.533333333333333,8,0
R105850,2026-07-29 08:51:00,2026-07-29 09:08:00,Grant Park,Centennial Olympic Park,member,17.0,8,2
R100566,2026-06-06 17:12:00,2026-06-06 17:45:29,Centennial Olympic Park,Georgia State University,casual,33.483333333333334,17,5
R101182,2026-06-12 08:19:00,2026-06-12 08:29:40,Midtown MARTA,Georgia State University,member,10.666666666666666,8,4
R100294,2026-06-03 13:50:00,2026-06-03 14:00:00,Midtown MARTA,Ponce City Market,member,10.0,13,2
R101447,2026-06-15 13:39:00,2026-06-15 14:10:00,Ponce City Market,Centennial Olympic Park,casual,31.0,13,0
R102387,2026-06-24 21:21:00,2026-06-24 21:35:40,Midtown MARTA,West End,member,14.666666666666666,21,2
R104210,2026-07-13 18:58:00,2026-07-13 19:34:53,Midtown MARTA,Georgia State University,casual,36.88333333333333,18,0
R100323,2026-06-04 07:20:00,2026-06-04 07:23:00,Georgia State University,Centennial Olympic Park,casual,3.0,7,3
R102697,2026-06-27 12:01:00,2026-06-27 12:19:00,Midtown MARTA,Georgia State University,casual,18.0,12,5
R102155,2026-06-22 10:57:00,2026-06-22 11:10:01,Georgia State University,Unknown,member,13.016666666666667,10,0
R104361,2026-07-14 08:01:00,2026-07-14 08:05:33,Midtown MARTA,Georgia State University,member,4.55,8,1
R101845,2026-06-19 08:56:00,2026-06-19 09:08:15,Midtown MARTA,Atlantic Station,member,12.25,8,4
R105322,2026-07-24 17:22:00,2026-07-24 17:32:00,Ponce City Market,Atlantic Station,member,10.0,17,4
R103610,2026-07-07 16:11:00,2026-07-07 16:18:51,Midtown MARTA,Atlantic Station,member,7.85,16,1
R104599,2026-07-17 07:23:00,2026-07-17 07:41:56,Georgia State University,Atlantic Station,member,18.933333333333334,7,4
R104477,2026-07-16 07:30:00,2026-07-16 07:50:46,Atlantic Station,Midtown MARTA,casual,20.766666666666666,7,3
R105991,2026-07-30 17:30:00,2026-07-30 17:36:25,Midtown MARTA,Atlantic Station,member,6.416666666666667,17,3
R103288,2026-07-04 10:53:00,2026-07-04 11:06:06,Ponce City Market,Georgia State University,member,13.1,10,5
R101313,2026-06-13 12:14:00,2026-06-13 12:21:24,Midtown MARTA,Grant Park,casual,7.4,12,5
R105879,2026-07-29 19:36:00,2026-07-29 19:45:18,Ponce City Market,Midtown MARTA,casual,9.3,19,2
R101883,2026-06-19 09:24:00,2026-06-19 09:28:22,Krog Street Market,Ponce City Market,member,4.366666666666666,9,4
R103735,2026-07-08 08:50:00,2026-07-08 09:03:00,Centennial Olympic Park,Georgia State University,casual,13.0,8,2
R102132,2026-06-22 07:18:00,2026-06-22 07:30:00,Midtown MARTA,Centennial Olympic Park,member,12.0,7,0
R105749,2026-07-28 12:04:00,2026-07-28 12:14:58,Piedmont Park,Georgia State University,member,10.966666666666667,12,1
R103937,2026-07-10 17:10:00,2026-07-10 17:24:00,Midtown MARTA,Centennial Olympic Park,member,14.0,17,4
R104536,2026-07-16 19:12:00,2026-07-16 19:14:29,Georgia State University,Little Five Points,member,2.4833333333333334,19,3
R103651,2026-07-07 07:26:00,2026-07-07 07:36:08,Midtown MARTA,Ponce City Market,member,10.133333333333333,7,1
R104066,2026-07-11 08:19:00,2026-07-11 08:36:13,Centennial Olympic Park,Midtown MARTA,member,17.216666666666665,8,5
R103738,2026-07-08 15:19:00,2026-07-08 15:32:00,Ponce City Market,Georgia State University,member,13.0,15,2
R101823,2026-06-19 17:10:00,2026-06-19 17:19:24,Centennial Olympic Park,Ponce City Market,member,9.4,17,4
R100744,2026-06-08 06:48:00,2026-06-08 07:14:37,Midtown MARTA,Little Five Points,casual,26.616666666666667,6,0
R105332,2026-07-24 14:15:00,2026-07-24 14:24:36,Little Five Points,Atlantic Station,member,9.6,14,4
R103843,2026-07-09 15:08:00,2026-07-09 15:15:00,Centennial Olympic Park,Ponce City Market,member,7.0,15,3
R102159,2026-06-22 05:53:00,2026-06-22 06:06:29,Centennial Olympic Park,Ponce City Market,casual,13.483333333333333,5,0
R101148,2026-06-12 12:58:00,2026-06-12 13:04:51,Atlantic Station,Georgia State University,member,6.85,12,4
R101973,2026-06-20 09:11:00,2026-06-20 09:27:38,Midtown MARTA,West End,member,16.633333333333333,9,5
R103019,2026-06-30 04:54:00,2026-06-30 05:15:40,Midtown MARTA,Centennial Olympic Park,member,21.666666666666668,4,1
R102429,2026-06-24 11:44:00,2026-06-24 11:57:00,Ponce City Market,Midtown MARTA,member,13.0,11,2
R102453,2026-06-24 05:50:00,2026-06-24 06:24:00,Ponce City Market,Georgia State University,casual,34.0,5,2
R105611,2026-07-27 06:58:00,2026-07-27 07:06:05,Ponce City Market,Centennial Olympic Park,member,8.083333333333334,6,0
R100446,2026-06-05 21:37:00,2026-06-05 21:44:00,Centennial Olympic Park,Atlantic Station,member,7.0,21,4
R103930,2026-07-10 21:15:00,2026-07-10 21:23:00,Centennial Olympic Park,Atlantic Station,member,8.0,21,4
R102221,2026-06-22 14:58:00,2026-06-22 15:07:00,Centennial Olympic Park,Atlantic Station,member,9.0,14,0
R103831,2026-07-09 17:06:00,2026-07-09 17:22:02,Piedmont Park,Ponce City Market,member,16.033333333333335,17,3
R101884,2026-06-19 21:59:00,2026-06-19 22:07:56,Ponce City Market,Georgia State University,member,8.933333333333334,21,4
R101354,2026-06-14 14:53:00,2026-06-14 15:24:59,Atlantic Station,Ponce City Market,casual,31.983333333333334,14,6
R105284,2026-07-23 07:00:00,2026-07-23 07:03:00,Centennial Olympic Park,Midtown MARTA,member,3.0,7,3
R101885,2026-06-19 19:27:00,2026-06-19 19:36:52,Atlantic Station,Midtown MARTA,member,9.866666666666667,19,4
R102165,2026-06-22 08:22:00,2026-06-22 08:35:45,Piedmont Park,Atlantic Station,member,13.75,8,0
R105323,2026-07-24 07:50:00,2026-07-24 08:12:22,Midtown MARTA,Ponce City Market,casual,22.366666666666667,7,4
R101713,2026-06-17 16:10:00,2026-06-17 16:18:30,Atlantic Station,Centennial Olympic Park,casual,8.5,16,2
R101560,2026-06-16 07:05:00,2026-06-16 07:14:16,Midtown MARTA,Centennial Olympic Park,member,9.266666666666667,7,1
R102157,2026-06-22 17:00:00,2026-06-22 17:09:00,Midtown MARTA,Centennial Olympic Park,member,9.0,17,0
R103044,2026-07-01 16:38:00,2026-07-01 16:46:58,Midtown MARTA,Georgia State University,member,8.966666666666667,16,2
R105309,2026-07-23 17:02:00,2026-07-23 17:18:00,Ponce City Market,Georgia State University,member,16.0,17,3
R104380,2026-07-15 07:19:00,2026-07-15 07:28:00,Centennial Olympic Park,Krog Street Market,member,9.0,7,2
R103723,2026-07-08 09:43:00,2026-07-08 10:11:32,Midtown MARTA,Atlantic Station,casual,28.533333333333335,9,2
R104267,2026-07-14 16:09:00,2026-07-14 16:22:54,Midtown MARTA,Piedmont Park,member,13.9,16,1
R104495,2026-07-16 10:47:00,2026-07-16 10:54:57,Midtown MARTA,Georgia State University,member,7.95,10,3
R101712,2026-06-17 07:20:00,2026-06-17 07:29:00,Midtown MARTA,Krog Street Market,member,9.0,7,2
R102061,2026-06-21 11:44:00,2026-06-21 11:56:39,Midtown MARTA,Georgia State University,casual,12.65,11,6
R103811,2026-07-09 07:47:00,2026-07-09 07:58:00,Georgia State University,Ponce City Market,member,11.0,7,3
R103283,2026-07-04 11:32:00,2026-07-04 11:43:15,Ponce City Market,Midtown MARTA,member,11.25,11,5
R103980,2026-07-10 05:40:00,2026-07-10 05:47:04,Ponce City Market,Midtown MARTA,member,7.066666666666666,5,4
R101967,2026-06-20 09:30:00,2026-06-20 09:41:05,Georgia State University,Krog Street Market,casual,11.083333333333334,9,5
R101324,2026-06-13 11:44:00,2026-06-13 12:00:11,Midtown MARTA,Atlantic Station,casual,16.183333333333334,11,5
R102733,2026-06-28 16:41:00,2026-06-28 16:56:27,Atlantic Station,Centennial Olympic Park,casual,15.45,16,6
R105856,2026-07-29 20:06:00,2026-07-29 20:14:20,Midtown MARTA,Ponce City Market,member,8.333333333333334,20,2
R103404,2026-07-05 17:25:00,2026-07-05 17:40:36,Midtown MARTA,Centennial Olympic Park,casual,15.6,17,6
R104512,2026-07-16 16:07:00,2026-07-16 16:14:55,Georgia State University,Ponce City Market,member,7.916666666666667,16,3
R101876,2026-06-19 14:14:00,2026-06-19 14:29:13,Georgia State University,West End,member,15.216666666666667,14,4
R102632,2026-06-26 13:05:00,2026-06-26 13:19:18,Georgia State University,Midtown MARTA,member,14.3,13,4
R100592,2026-06-06 06:03:00,2026-06-06 06:34:00,Midtown MARTA,Georgia State University,casual,31.0,6,5
R103859,2026-07-09 08:44:00,2026-07-09 09:09:49,Georgia State University,Midtown MARTA,casual,25.816666666666666,8,3
R100750,2026-06-08 08:26:00,2026-06-08 08:36:09,Georgia State University,Midtown MARTA,member,10.15,8,0
R103659,2026-07-08 18:33:00,2026-07-08 18:43:53,Centennial Olympic Park,Georgia State University,member,10.883333333333333,18,2
R103058,2026-07-01 21:21:00,2026-07-01 21:32:16,Georgia State University,Ponce City Market,member,11.266666666666667,21,2
R104751,2026-07-18 09:43:00,2026-07-18 10:28:50,Centennial Olympic Park,Georgia State University,casual,45.833333333333336,9,5
R101860,2026-06-19 12:10:00,2026-06-19 12:13:41,Georgia State University,Centennial Olympic Park,member,3.683333333333333,12,4
R104419,2026-07-15 18:20:00,2026-07-15 18:28:00,Ponce City Market,Midtown MARTA,member,8.0,18,2
R100183,2026-06-02 17:32:00,2026-06-02 17:51:00,Ponce City Market,West End,unknown,19.0,17,1
R103562,2026-07-06 05:43:00,2026-07-06 05:57:00,Atlantic Station,Centennial Olympic Park,member,14.0,5,0
R104309,2026-07-14 08:53:00,2026-07-14 09:11:19,Georgia State University,Midtown MARTA,casual,18.316666666666666,8,1
R103504,2026-07-06 17:47:00,2026-07-06 17:53:00,Ponce City Market,Krog Street Market,member,6.0,17,0
R104990,2026-07-20 16:15:00,2026-07-20 16:22:00,Georgia State University,Atlantic Station,member,7.0,16,0
R100636,2026-06-07 14:28:00,2026-06-07 14:56:34,Centennial Olympic Park,Midtown MARTA,casual,28.566666666666666,14,6
R101659,2026-06-17 08:26:00,2026-06-17 08:37:44,Midtown MARTA,Georgia State University,member,11.733333333333333,8,2
R104767,2026-07-18 16:45:00,2026-07-18 16:46:00,Atlantic Station,Ponce City Market,casual,1.0,16,5
R104538,2026-07-16 22:05:00,2026-07-16 22:15:00,Centennial Olympic Park,Little Five Points,member,10.0,22,3
R105495,2026-07-26 10:02:00,2026-07-26 10:47:00,Midtown MARTA,Centennial Olympic Park,casual,45.0,10,6
R102955,2026-06-30 07:53:00,2026-06-30 08:04:00,Little Five Points,Midtown MARTA,member,11.0,7,1
R103179,2026-07-02 18:28:00,2026-07-02 18:29:46,Midtown MARTA,Ponce City Market,member,1.7666666666666666,18,3
R102181,2026-06-22 09:22:00,2026-06-22 09:28:00,Piedmont Park,Grant Park,member,6.0,9,0
R104491,2026-07-16 12:57:00,2026-07-16 13:07:44,Midtown MARTA,Ponce City Market,member,10.733333333333333,12,3
R100247,2026-06-03 18:42:00,2026-06-03 18:58:13,Atlantic Station,Midtown MARTA,member,16.216666666666665,18,2
R104511,2026-07-16 12:09:00,2026-07-16 12:22:59,Centennial Olympic Park,Ponce City Market,member,13.983333333333333,12,3
R101903,2026-06-19 12:46:00,2026-06-19 12:59:50,Ponce City Market,Little Five Points,member,13.833333333333334,12,4
R103186,2026-07-02 14:22:00,2026-07-02 14:47:00,Ponce City Market,Centennial Olympic Park,casual,25.0,14,3
R100501,2026-06-05 16:43:00,2026-06-05 17:11:09,West End,Georgia State University,casual,28.15,16,4
R103010,2026-06-30 11:41:00,2026-06-30 11:45:00,Atlantic Station,Midtown MARTA,member,4.0,11,1
R101940,2026-06-20 08:00:00,2026-06-20 08:31:00,Piedmont Park,Atlantic Station,casual,31.0,8,5
R105400,2026-07-24 12:46:00,2026-07-24 12:58:12,Midtown MARTA,Atlantic Station,member,12.2,12,4
R102352,2026-06-24 15:34:00,2026-06-24 15:50:55,Piedmont Park,Georgia State University,member,16.916666666666668,15,2
R105147,2026-07-21 16:07:00,2026-07-21 16:35:00,Georgia State University,Krog Street Market,casual,28.0,16,1
R102528,2026-06-25 06:11:00,2026-06-25 06:22:00,Atlantic Station,Krog Street Market,member,11.0,6,3
R103458,2026-07-05 14:42:00,2026-07-05 14:47:22,Ponce City Market,Midtown MARTA,member,5.366666666666666,14,6
R102699,2026-06-27 10:00:00,2026-06-27 10:20:00,Ponce City Market,Centennial Olympic Park,casual,20.0,10,5
R104594,2026-07-17 11:09:00,2026-07-17 11:21:00,Ponce City Market,Midtown MARTA,member,12.0,11,4
R101299,2026-06-13 14:32:00,2026-06-13 15:15:44,Midtown MARTA,Piedmont Park,casual,43.733333333333334,14,5
R102032,2026-06-21 17:45:00,2026-06-21 17:54:26,Ponce City Market,Atlantic Station,member,9.433333333333334,17,6
R102323,2026-06-23 12:35:00,2026-06-23 12:53:43,Ponce City Market,Piedmont Park,casual,18.716666666666665,12,1
R105571,2026-07-26 10:04:00,2026-07-26 10:11:00,Ponce City Market,Centennial Olympic Park,casual,7.0,10,6
R100042,2026-06-01 08:29:00,2026-06-01 08:35:00,Georgia State University,Centennial Olympic Park,member,6.0,8,0
R105063,2026-07-21 07:55:00,2026-07-21 08:22:45,Ponce City Market,Georgia State University,unknown,27.75,7,1
R104625,2026-07-17 13:10:00,2026-07-17 13:25:00,Midtown MARTA,West End,member,15.0,13,4
R102968,2026-06-30 14:17:00,2026-06-30 14:35:00,Ponce City Market,Krog Street Market,member,18.0,14,1
R105016,2026-07-20 12:32:00,2026-07-20 12:44:16,Georgia State University,Ponce City Market,member,12.266666666666667,12,0
R100399,2026-06-04 20:54:00,2026-06-04 21:03:35,Centennial Olympic Park,Ponce City Market,member,9.583333333333334,20,3
R101278,2026-06-13 14:17:00,2026-06-13 14:26:04,Centennial Olympic Park,Ponce City Market,casual,9.066666666666666,14,5
R104899,2026-07-19 15:50:00,2026-07-19 15:58:29,Ponce City Market,Georgia State University,casual,8.483333333333333,15,6
R105579,2026-07-26 12:09:00,2026-07-26 12:19:00,Atlantic Station,Piedmont Park,member,10.0,12,6
R104741,2026-07-18 12:54:00,2026-07-18 13:22:00,Centennial Olympic Park,Georgia State University,casual,28.0,12,5
R102169,2026-06-22 19:21:00,2026-06-22 19:35:30,Ponce City Market,Midtown MARTA,unknown,14.5,19,0
R103984,2026-07-10 07:19:00,2026-07-10 07:35:30,Atlantic Station,Midtown MARTA,member,16.5,7,4
R103299,2026-07-04 10:02:00,2026-07-04 10:24:00,Georgia State University,Ponce City Market,casual,22.0,10,5
R101750,2026-06-18 14:47:00,2026-06-18 15:00:54,Georgia State University,Midtown MARTA,member,13.9,14,3
R100220,2026-06-03 18:08:00,2026-06-03 18:19:52,Ponce City Market,Midtown MARTA,member,11.866666666666667,18,2
R100494,2026-06-05 09:27:00,2026-06-05 10:03:00,Georgia State University,Ponce City Market,casual,36.0,9,4
R103545,2026-07-06 07:08:00,2026-07-06 07:24:36,Midtown MARTA,Ponce City Market,member,16.6,7,0
R101736,2026-06-18 17:32:00,2026-06-18 17:45:28,Midtown MARTA,West End,member,13.466666666666667,17,3
R105938,2026-07-30 08:01:00,2026-07-30 08:20:45,Centennial Olympic Park,Midtown MARTA,member,19.75,8,3
R103573,2026-07-07 20:04:00,2026-07-07 20:12:16,Krog Street Market,Grant Park,member,8.266666666666667,20,1
R102117,2026-06-21 21:21:00,2026-06-21 21:29:57,Atlantic Station,Midtown MARTA,member,8.95,21,6
R100698,2026-06-07 16:42:00,2026-06-07 17:06:05,West End,Krog Street Market,casual,24.083333333333332,16,6
R102138,2026-06-22 17:15:00,2026-06-22 17:19:31,Ponce City Market,Midtown MARTA,member,4.516666666666667,17,0
R102172,2026-06-22 15:23:00,2026-06-22 15:49:56,Krog Street Market,Midtown MARTA,casual,26.933333333333334,15,0
R104418,2026-07-15 18:07:00,2026-07-15 18:27:43,Piedmont Park,Centennial Olympic Park,member,20.716666666666665,18,2
R104136,2026-07-12 08:49:00,2026-07-12 09:04:00,Midtown MARTA,Atlantic Station,casual,15.0,8,6
R105007,2026-07-20 15:13:00,2026-07-20 15:21:00,Midtown MARTA,West End,member,8.0,15,0
R102674,2026-06-27 18:39:00,2026-06-27 19:07:34,Centennial Olympic Park,Georgia State University,casual,28.566666666666666,18,5
R104939,2026-07-20 09:18:00,2026-07-20 09:24:40,Centennial Olympic Park,Piedmont Park,member,6.666666666666667,9,0
R104954,2026-07-20 17:30:00,2026-07-20 17:38:10,Georgia State University,Piedmont Park,member,8.166666666666666,17,0
R101114,2026-06-11 14:21:00,2026-06-11 14:47:46,Georgia State University,Midtown MARTA,casual,26.766666666666666,14,3
R104664,2026-07-17 17:40:00,2026-07-17 17:51:01,Ponce City Market,Piedmont Park,member,11.016666666666667,17,4
R103344,2026-07-04 07:56:00,2026-07-04 08:00:32,Atlantic Station,Midtown MARTA,unknown,4.533333333333333,7,5
R104481,2026-07-16 16:38:00,2026-07-16 16:47:58,Georgia State University,Piedmont Park,member,9.966666666666667,16,3
R101138,2026-06-12 15:55:00,2026-06-12 16:01:41,Piedmont Park,Georgia State University,member,6.683333333333334,15,4
R102952,2026-06-30 09:39:00,2026-06-30 09:49:00,West End,Centennial Olympic Park,member,10.0,9,1
R103104,2026-07-02 05:33:00,2026-07-02 05:48:00,Centennial Olympic Park,Midtown MARTA,casual,15.0,5,3
R104636,2026-07-17 03:48:00,2026-07-17 03:58:45,Georgia State University,Piedmont Park,casual,10.75,3,4
R101070,2026-06-11 19:54:00,2026-06-11 20:03:00,Midtown MARTA,Centennial Olympic Park,member,9.0,19,3
R101315,2026-06-13 13:45:00,2026-06-13 14:11:36,Midtown MARTA,Georgia State University,casual,26.6,13,5
R103549,2026-07-06 11:58:00,2026-07-06 12:13:00,Georgia State University,Piedmont Park,member,15.0,11,0
R102446,2026-06-24 18:18:00,2026-06-24 18:30:24,Georgia State University,Piedmont Park,member,12.4,18,2
R102343,2026-06-24 08:10:00,2026-06-24 08:26:00,Ponce City Market,Midtown MARTA,member,16.0,8,2
R102349,2026-06-24 07:35:00,2026-06-24 07:38:22,Krog Street Market,Georgia State University,member,3.3666666666666667,7,2
R105920,2026-07-30 09:19:00,2026-07-30 09:33:00,Georgia State University,Atlantic Station,member,14.0,9,3
R103165,2026-07-02 10:54:00,2026-07-02 11:07:33,Atlantic Station,Ponce City Market,member,13.55,10,3
R103667,2026-07-08 09:34:00,2026-07-08 09:43:05,Midtown MARTA,Ponce City Market,member,9.083333333333334,9,2
R101968,2026-06-20 16:30:00,2026-06-20 16:38:11,Centennial Olympic Park,Atlantic Station,member,8.183333333333334,16,5
R102279,2026-06-23 08:10:00,2026-06-23 08:24:34,Centennial Olympic Park,Midtown MARTA,member,14.566666666666666,8,1
R101444,2026-06-15 18:05:00,2026-06-15 18:30:29,Georgia State University,Krog Street Market,casual,25.483333333333334,18,0
R101827,2026-06-19 05:15:00,2026-06-19 05:27:25,Atlantic Station,Midtown MARTA,casual,12.416666666666666,5,4
R101045,2026-06-11 10:56:00,2026-06-11 11:09:29,Midtown MARTA,Centennial Olympic Park,member,13.483333333333333,10,3
R101220,2026-06-12 18:03:00,2026-06-12 18:42:55,Ponce City Market,Little Five Points,casual,39.916666666666664,18,4
R105201,2026-07-22 08:20:00,2026-07-22 08:45:00,Ponce City Market,Centennial Olympic Park,casual,25.0,8,2
R103687,2026-07-08 12:10:00,2026-07-08 12:35:06,Krog Street Market,Midtown MARTA,casual,25.1,12,2
R104043,2026-07-11 17:59:00,2026-07-11 18:24:45,Georgia State University,Midtown MARTA,casual,25.75,17,5
R102884,2026-06-29 13:59:00,2026-06-29 14:05:00,Midtown MARTA,Atlantic Station,member,6.0,13,0
R104592,2026-07-17 16:07:00,2026-07-17 16:19:58,Ponce City Market,Georgia State University,member,12.966666666666667,16,4
R104143,2026-07-12 06:28:00,2026-07-12 06:38:56,Midtown MARTA,Atlantic Station,casual,10.933333333333334,6,6
R102882,2026-06-29 04:57:00,2026-06-29 05:05:14,West End,Midtown MARTA,member,8.233333333333333,4,0
R104203,2026-07-13 01:16:00,2026-07-13 01:23:29,Ponce City Market,Atlantic Station,member,7.483333333333333,1,0
R104713,2026-07-18 08:18:00,2026-07-18 08:48:10,Midtown MARTA,Centennial Olympic Park,casual,30.166666666666668,8,5
R103053,2026-07-01 19:32:00,2026-07-01 19:48:57,Ponce City Market,Grant Park,member,16.95,19,2
R102864,2026-06-29 17:12:00,2026-06-29 17:26:50,Midtown MARTA,Georgia State University,casual,14.833333333333334,17,0
R105525,2026-07-26 22:40:00,2026-07-26 23:11:55,Ponce City Market,Centennial Olympic Park,casual,31.916666666666668,22,6
R100535,2026-06-06 06:27:00,2026-06-06 06:59:00,Ponce City Market,Atlantic Station,casual,32.0,6,5
R102868,2026-06-29 18:58:00,2026-06-29 19:06:55,Midtown MARTA,Grant Park,member,8.916666666666666,18,0
R101291,2026-06-13 11:24:00,2026-06-13 11:33:21,Georgia State University,Krog Street Market,member,9.35,11,5
R104182,2026-07-13 07:16:00,2026-07-13 07:27:15,Centennial Olympic Park,Midtown MARTA,member,11.25,7,0
R101882,2026-06-19 11:05:00,2026-06-19 11:16:01,Midtown MARTA,Georgia State University,member,11.016666666666667,11,4
R103343,2026-07-04 17:41:00,2026-07-04 18:04:00,Atlantic Station,Midtown MARTA,casual,23.0,17,5
R104045,2026-07-11 11:01:00,2026-07-11 11:13:03,Georgia State University,Centennial Olympic Park,member,12.05,11,5
R101189,2026-06-12 13:05:00,2026-06-12 13:18:50,Atlantic Station,Krog Street Market,member,13.833333333333334,13,4
R104892,2026-07-19 14:52:00,2026-07-19 15:07:30,Ponce City Market,Georgia State University,member,15.5,14,6
R100209,2026-06-03 08:31:00,2026-06-03 08:54:00,Centennial Olympic Park,Atlantic Station,casual,23.0,8,2
R105635,2026-07-27 14:08:00,2026-07-27 14:20:16,Ponce City Market,Midtown MARTA,member,12.266666666666667,14,0
R101910,2026-06-19 09:37:00,2026-06-19 09:42:00,Atlantic Station,Piedmont Park,member,5.0,9,4
R100476,2026-06-05 19:32:00,2026-06-05 19:40:26,Piedmont Park,Midtown MARTA,member,8.433333333333334,19,4
R102754,2026-06-28 19:04:00,2026-06-28 19:21:15,Centennial Olympic Park,Krog Street Market,casual,17.25,19,6
R100747,2026-06-08 08:54:00,2026-06-08 09:06:26,Krog Street Market,Piedmont Park,member,12.433333333333334,8,0
R105841,2026-07-29 08:13:00,2026-07-29 08:24:00,Atlantic Station,West End,member,11.0,8,2
R103585,2026-07-07 06:58:00,2026-07-07 07:11:00,Atlantic Station,Centennial Olympic Park,casual,13.0,6,1
R105793,2026-07-28 19:58:00,2026-07-28 20:13:54,Ponce City Market,Little Five Points,member,15.9,19,1
R104460,2026-07-16 07:17:00,2026-07-16 07:23:16,Little Five Points,Ponce City Market,member,6.266666666666667,7,3
R102685,2026-06-27 08:10:00,2026-06-27 08:22:00,Georgia State University,Ponce City Market,member,12.0,8,5
R102518,2026-06-25 01:44:00,2026-06-25 01:52:00,Ponce City Market,Midtown MARTA,member,8.0,1,3
R105073,2026-07-21 05:53:00,2026-07-21 06:06:14,Ponce City Market,Piedmont Park,member,13.233333333333333,5,1
R105690,2026-07-27 11:25:00,2026-07-27 11:38:42,Grant Park,Georgia State University,member,13.7,11,0
R103740,2026-07-08 12:20:00,2026-07-08 12:30:19,Midtown MARTA,Ponce City Market,member,10.316666666666666,12,2
R100078,2026-06-01 06:20:00,2026-06-01 06:24:00,Ponce City Market,Midtown MARTA,member,4.0,6,0
R104998,2026-07-20 09:49:00,2026-07-20 09:58:21,Atlantic Station,Centennial Olympic Park,member,9.35,9,0
R101762,2026-06-18 18:35:00,2026-06-18 18:59:17,Centennial Olympic Park,West End,casual,24.283333333333335,18,3
R104842,2026-07-19 10:09:00,2026-07-19 10:56:00,Midtown MARTA,Centennial Olympic Park,casual,47.0,10,6
R105217,2026-07-22 17:18:00,2026-07-22 17:26:00,Ponce City Market,Centennial Olympic Park,member,8.0,17,2
R104846,2026-07-19 15:12:00,2026-07-19 15:32:08,Georgia State University,Midtown MARTA,casual,20.133333333333333,15,6
R105176,2026-07-22 13:27:00,2026-07-22 13:41:23,Midtown MARTA,Atlantic Station,member,14.383333333333333,13,2
R105077,2026-07-21 08:28:00,2026-07-21 08:42:52,West End,Piedmont Park,member,14.866666666666667,8,1
R100807,2026-06-09 08:45:00,2026-06-09 08:51:00,Midtown MARTA,Piedmont Park,member,6.0,8,1
R102481,2026-06-25 17:55:00,2026-06-25 18:09:07,Ponce City Market,Midtown MARTA,member,14.116666666666667,17,3
R101175,2026-06-12 09:51:00,2026-06-12 09:57:13,Georgia State University,Centennial Olympic Park,member,6.216666666666667,9,4
R104233,2026-07-13 05:14:00,2026-07-13 05:22:23,Midtown MARTA,Ponce City Market,casual,8.383333333333333,5,0
R102313,2026-06-23 06:21:00,2026-06-23 06:32:13,Midtown MARTA,Georgia State University,member,11.216666666666667,6,1
R100039,2026-06-01 11:53:00,2026-06-01 12:01:45,Midtown MARTA,Georgia State University,member,8.75,11,0
R100899,2026-06-09 16:15:00,2026-06-09 16:37:41,Atlantic Station,Piedmont Park,casual,22.683333333333334,16,1
R100164,2026-06-02 18:23:00,2026-06-02 18:39:46,Centennial Olympic Park,Georgia State University,member,16.766666666666666,18,1
R105931,2026-07-30 12:58:00,2026-07-30 13:09:13,Atlantic Station,Midtown MARTA,member,11.216666666666667,12,3
R102642,2026-06-26 13:51:00,2026-06-26 14:04:02,Centennial Olympic Park,Atlantic Station,casual,13.033333333333333,13,4
R105914,2026-07-30 16:43:00,2026-07-30 16:48:00,Krog Street Market,Georgia State University,member,5.0,16,3
R100734,2026-06-08 14:57:00,2026-06-08 15:02:25,Midtown MARTA,Grant Park,member,5.416666666666667,14,0
R103630,2026-07-07 17:50:00,2026-07-07 18:26:42,Piedmont Park,Krog Street Market,casual,36.7,17,1
R105934,2026-07-30 12:06:00,2026-07-30 12:16:03,Georgia State University,Midtown MARTA,unknown,10.05,12,3
R101386,2026-06-14 22:49:00,2026-06-14 23:10:17,Ponce City Market,Centennial Olympic Park,member,21.283333333333335,22,6
R104240,2026-07-13 19:39:00,2026-07-13 19:47:00,Piedmont Park,Ponce City Market,member,8.0,19,0
R100760,2026-06-08 06:06:00,2026-06-08 06:13:00,Centennial Olympic Park,Ponce City Market,member,7.0,6,0
R103683,2026-07-08 01:21:00,2026-07-08 01:33:35,Ponce City Market,Georgia State University,member,12.583333333333334,1,2
R101047,2026-06-11 10:13:00,2026-06-11 10:21:50,Krog Street Market,Centennial Olympic Park,member,8.833333333333334,10,3
R104877,2026-07-19 08:27:00,2026-07-19 08:37:40,Midtown MARTA,Unknown,member,10.666666666666666,8,6
R100110,2026-06-01 16:10:00,2026-06-01 16:32:42,Ponce City Market,Atlantic Station,casual,22.7,16,0
R101459,2026-06-15 07:26:00,2026-06-15 07:37:07,Midtown MARTA,Georgia State University,member,11.116666666666667,7,0
R104602,2026-07-17 12:26:00,2026-07-17 12:40:59,Midtown MARTA,Atlantic Station,member,14.983333333333333,12,4
R102646,2026-06-26 15:13:00,2026-06-26 15:36:14,Atlantic Station,Midtown MARTA,casual,23.233333333333334,15,4
R100244,2026-06-03 00:51:00,2026-06-03 01:05:59,Georgia State University,Centennial Olympic Park,member,14.983333333333333,0,2
R100418,2026-06-04 19:51:00,2026-06-04 19:58:00,Ponce City Market,Midtown MARTA,member,7.0,19,3
R103646,2026-07-07 16:56:00,2026-07-07 17:03:44,Midtown MARTA,Georgia State University,member,7.733333333333333,16,1
R104647,2026-07-17 13:35:00,2026-07-17 13:57:00,Ponce City Market,Midtown MARTA,casual,22.0,13,4
R105523,2026-07-26 11:30:00,2026-07-26 11:37:00,Georgia State University,Little Five Points,member,7.0,11,6
R103331,2026-07-04 12:26:00,2026-07-04 12:39:45,Centennial Olympic Park,Midtown MARTA,member,13.75,12,5
R105982,2026-07-30 15:15:00,2026-07-30 15:28:06,Ponce City Market,Krog Street Market,member,13.1,15,3
R101107,2026-06-11 19:55:00,2026-06-11 20:07:55,Georgia State University,Midtown MARTA,member,12.916666666666666,19,3
R101128,2026-06-12 18:12:00,2026-06-12 18:26:00,West End,Ponce City Market,unknown,14.0,18,4
R101877,2026-06-19 17:27:00,2026-06-19 17:43:00,Georgia State University,Ponce City Market,member,16.0,17,4
R104320,2026-07-14 17:27:00,2026-07-14 17:34:00,Ponce City Market,Midtown MARTA,unknown,7.0,17,1
R103401,2026-07-05 11:06:00,2026-07-05 11:34:53,Centennial Olympic Park,Little Five Points,casual,28.883333333333333,11,6
R103661,2026-07-08 17:34:00,2026-07-08 17:57:00,Atlantic Station,Midtown MARTA,casual,23.0,17,2
R102919,2026-06-29 17:41:00,2026-06-29 17:52:00,Centennial Olympic Park,Georgia State University,member,11.0,17,0
R104794,2026-07-18 16:20:00,2026-07-18 16:34:35,Centennial Olympic Park,Midtown MARTA,casual,14.583333333333334,16,5
R103387,2026-07-05 10:26:00,2026-07-05 11:11:20,Atlantic Station,Midtown MARTA,casual,45.333333333333336,10,6
R105936,2026-07-30 17:49:00,2026-07-30 17:57:00,Ponce City Market,Midtown MARTA,member,8.0,17,3
R102670,2026-06-27 10:05:00,2026-06-27 10:21:00,Centennial Olympic Park,Little Five Points,casual,16.0,10,5
R103780,2026-07-09 19:48:00,2026-07-09 19:54:59,Piedmont Park,Centennial Olympic Park,member,6.983333333333333,19,3
R103071,2026-07-01 00:50:00,2026-07-01 01:10:00,Midtown MARTA,Ponce City Market,member,20.0,0,2
R103867,2026-07-09 18:50:00,2026-07-09 19:14:00,Ponce City Market,Krog Street Market,casual,24.0,18,3
R102198,2026-06-22 08:35:00,2026-06-22 08:48:06,Centennial Olympic Park,Atlantic Station,member,13.1,8,0
R103057,2026-07-01 08:59:00,2026-07-01 09:00:00,Midtown MARTA,Centennial Olympic Park,casual,1.0,8,2
R101113,2026-06-11 13:03:00,2026-06-11 13:08:24,Krog Street Market,Grant Park,member,5.4,13,3
R100945,2026-06-10 18:41:00,2026-06-10 19:08:17,Centennial Olympic Park,Piedmont Park,casual,27.283333333333335,18,2
R103709,2026-07-08 07:45:00,2026-07-08 08:00:57,Piedmont Park,Midtown MARTA,member,15.95,7,2
R104464,2026-07-16 09:13:00,2026-07-16 09:30:03,Georgia State University,Midtown MARTA,casual,17.05,9,3
R105854,2026-07-29 18:14:00,2026-07-29 18:32:44,Midtown MARTA,Little Five Points,casual,18.733333333333334,18,2
R100651,2026-06-07 16:38:00,2026-06-07 16:57:00,Midtown MARTA,Centennial Olympic Park,casual,19.0,16,6
R105553,2026-07-26 22:45:00,2026-07-26 22:52:13,Ponce City Market,Atlantic Station,member,7.216666666666667,22,6
R101821,2026-06-19 12:01:00,2026-06-19 12:11:39,Ponce City Market,West End,member,10.65,12,4
R104156,2026-07-12 15:27:00,2026-07-12 15:36:34,Little Five Points,Midtown MARTA,member,9.566666666666666,15,6
R101597,2026-06-16 19:06:00,2026-06-16 19:19:00,Centennial Olympic Park,Georgia State University,member,13.0,19,1
R104548,2026-07-16 13:43:00,2026-07-16 13:47:25,Piedmont Park,Centennial Olympic Park,casual,4.416666666666667,13,3
R102901,2026-06-29 17:38:00,2026-06-29 17:54:01,Midtown MARTA,Piedmont Park,casual,16.016666666666666,17,0
R102787,2026-06-28 07:35:00,2026-06-28 07:45:19,Krog Street Market,Grant Park,member,10.316666666666666,7,6
R104499,2026-07-16 06:09:00,2026-07-16 06:19:42,Centennial Olympic Park,Little Five Points,member,10.7,6,3
R105278,2026-07-23 17:04:00,2026-07-23 17:12:00,Centennial Olympic Park,Midtown MARTA,member,8.0,17,3
R104817,2026-07-19 16:16:00,2026-07-19 16:23:19,Midtown MARTA,Ponce City Market,member,7.316666666666666,16,6
R101578,2026-06-16 18:31:00,2026-06-16 18:39:07,Georgia State University,Midtown MARTA,member,8.116666666666667,18,1
R101853,2026-06-19 09:49:00,2026-06-19 09:53:00,Little Five Points,Atlantic Station,member,4.0,9,4
R102082,2026-06-21 02:58:00,2026-06-21 03:15:00,Georgia State University,Little Five Points,member,17.0,2,6
R102804,2026-06-28 05:52:00,2026-06-28 06:26:00,Georgia State University,Midtown MARTA,casual,34.0,5,6
R102357,2026-06-24 17:38:00,2026-06-24 17:44:58,Centennial Olympic Park,Midtown MARTA,member,6.966666666666667,17,2
R100811,2026-06-09 07:13:00,2026-06-09 07:32:12,Ponce City Market,Georgia State University,casual,19.2,7,1
R105681,2026-07-27 13:50:00,2026-07-27 13:58:00,Centennial Olympic Park,Midtown MARTA,member,8.0,13,0
R101886,2026-06-19 18:12:00,2026-06-19 18:25:00,Ponce City Market,Centennial Olympic Park,member,13.0,18,4
R102602,2026-06-26 17:01:00,2026-06-26 17:07:16,Georgia State University,Ponce City Market,member,6.266666666666667,17,4
R102019,2026-06-21 13:52:00,2026-06-21 14:19:18,Midtown MARTA,Ponce City Market,casual,27.3,13,6
R102460,2026-06-25 14:07:00,2026-06-25 14:28:36,Midtown MARTA,West End,casual,21.6,14,3
R100841,2026-06-09 17:57:00,2026-06-09 18:11:45,Midtown MARTA,Krog Street Market,member,14.75,17,1
R103062,2026-07-01 17:57:00,2026-07-01 18:12:00,Midtown MARTA,Unknown,member,15.0,17,2
R105665,2026-07-27 08:55:00,2026-07-27 09:19:43,Midtown MARTA,Georgia State University,casual,24.716666666666665,8,0
R101131,2026-06-12 16:54:00,2026-06-12 17:06:00,Ponce City Market,West End,member,12.0,16,4
R101805,2026-06-18 14:14:00,2026-06-18 14:25:59,Piedmont Park,Midtown MARTA,member,11.983333333333333,14,3
R104718,2026-07-18 03:05:00,2026-07-18 03:17:53,Ponce City Market,Little Five Points,member,12.883333333333333,3,5
R103064,2026-07-01 07:12:00,2026-07-01 07:26:00,Krog Street Market,Atlantic Station,member,14.0,7,2
R102820,2026-06-28 09:42:00,2026-06-28 09:52:55,Georgia State University,Centennial Olympic Park,member,10.916666666666666,9,6
R103046,2026-07-01 05:18:00,2026-07-01 05:48:56,Krog Street Market,Atlantic Station,casual,30.933333333333334,5,2
R100880,2026-06-09 18:29:00,2026-06-09 18:40:46,Midtown MARTA,Piedmont Park,member,11.766666666666667,18,1
R105132,2026-07-21 08:48:00,2026-07-21 08:55:18,Georgia State University,Piedmont Park,member,7.3,8,1
R105744,2026-07-28 16:41:00,2026-07-28 16:51:24,Ponce City Market,West End,member,10.4,16,1
R105448,2026-07-25 15:41:00,2026-07-25 15:56:00,Centennial Olympic Park,Ponce City Market,member,15.0,15,5
R100255,2026-06-03 17:29:00,2026-06-03 17:48:48,Georgia State University,Midtown MARTA,casual,19.8,17,2
R102254,2026-06-23 08:15:00,2026-06-23 08:30:00,Ponce City Market,Georgia State University,casual,15.0,8,1
R102121,2026-06-21 10:30:00,2026-06-21 10:43:58,Ponce City Market,Centennial Olympic Park,member,13.966666666666667,10,6
R102769,2026-06-28 12:58:00,2026-06-28 13:27:00,Georgia State University,Ponce City Market,casual,29.0,12,6
R104326,2026-07-14 17:57:00,2026-07-14 18:09:41,Grant Park,Ponce City Market,member,12.683333333333334,17,1
R103874,2026-07-09 21:02:00,2026-07-09 21:14:48,Grant Park,Ponce City Market,casual,12.8,21,3
R104916,2026-07-20 09:05:00,2026-07-20 09:13:30,Centennial Olympic Park,Atlantic Station,member,8.5,9,0
R100009,2026-06-01 08:38:00,2026-06-01 08:50:52,Georgia State University,Midtown MARTA,member,12.866666666666667,8,0
R103431,2026-07-05 12:10:00,2026-07-05 12:36:00,Ponce City Market,West End,casual,26.0,12,6
R104745,2026-07-18 09:37:00,2026-07-18 09:49:29,Ponce City Market,Midtown MARTA,member,12.483333333333333,9,5
R103492,2026-07-06 08:12:00,2026-07-06 08:28:00,Midtown MARTA,Georgia State University,member,16.0,8,0
R104324,2026-07-14 10:19:00,2026-07-14 10:29:31,Midtown MARTA,Ponce City Market,member,10.516666666666667,10,1
R103728,2026-07-08 15:28:00,2026-07-08 15:40:13,Grant Park,Krog Street Market,casual,12.216666666666667,15,2
R105000,2026-07-20 05:05:00,2026-07-20 05:19:59,Midtown MARTA,Ponce City Market,member,14.983333333333333,5,0
R100895,2026-06-09 13:56:00,2026-06-09 14:15:25,Piedmont Park,Midtown MARTA,member,19.416666666666668,13,1
R105093,2026-07-21 15:45:00,2026-07-21 16:04:45,Midtown MARTA,Georgia State University,member,19.75,15,1
R101152,2026-06-12 17:17:00,2026-06-12 17:28:00,Ponce City Market,Georgia State University,member,11.0,17,4
R102856,2026-06-28 11:09:00,2026-06-28 11:49:04,Georgia State University,Centennial Olympic Park,casual,40.06666666666667,11,6
R105630,2026-07-27 17:21:00,2026-07-27 17:42:52,Midtown MARTA,Ponce City Market,casual,21.866666666666667,17,0
R100709,2026-06-08 14:51:00,2026-06-08 15:00:31,Midtown MARTA,Ponce City Market,member,9.516666666666667,14,0
R101509,2026-06-15 17:38:00,2026-06-15 18:03:09,Midtown MARTA,Centennial Olympic Park,casual,25.15,17,0
R104205,2026-07-13 18:39:00,2026-07-13 18:49:09,Midtown MARTA,Ponce City Market,member,10.15,18,0
R105642,2026-07-27 18:40:00,2026-07-27 18:49:55,Midtown MARTA,Piedmont Park,member,9.916666666666666,18,0
R100090,2026-06-01 11:18:00,2026-06-01 11:32:32,Georgia State University,Midtown MARTA,member,14.533333333333333,11,0
R104752,2026-07-18 08:01:00,2026-07-18 08:17:11,Centennial Olympic Park,Ponce City Market,member,16.183333333333334,8,5
R103534,2026-07-06 08:43:00,2026-07-06 08:57:50,West End,Midtown MARTA,member,14.833333333333334,8,0
R105456,2026-07-25 11:30:00,2026-07-25 11:47:00,Midtown MARTA,Centennial Olympic Park,member,17.0,11,5
R102398,2026-06-24 07:57:00,2026-06-24 08:01:00,Midtown MARTA,Ponce City Market,member,4.0,7,2
R101813,2026-06-19 12:31:00,2026-06-19 12:40:09,Midtown MARTA,Grant Park,member,9.15,12,4
R103976,2026-07-10 19:56:00,2026-07-10 20:02:03,Georgia State University,Krog Street Market,member,6.05,19,4
R105049,2026-07-21 06:39:00,2026-07-21 07:07:25,Ponce City Market,Atlantic Station,casual,28.416666666666668,6,1
R100818,2026-06-09 20:19:00,2026-06-09 20:40:00,Midtown MARTA,Atlantic Station,casual,21.0,20,1
R102992,2026-06-30 15:30:00,2026-06-30 15:47:36,Midtown MARTA,Centennial Olympic Park,member,17.6,15,1
R105915,2026-07-30 22:39:00,2026-07-30 22:50:00,Midtown MARTA,Atlantic Station,member,11.0,22,3
R100161,2026-06-02 15:17:00,2026-06-02 15:23:00,Ponce City Market,Midtown MARTA,casual,6.0,15,1
R102435,2026-06-24 11:42:00,2026-06-24 12:03:23,Ponce City Market,Grant Park,casual,21.383333333333333,11,2
R104834,2026-07-19 19:52:00,2026-07-19 20:11:00,Ponce City Market,West End,casual,19.0,19,6
R102902,2026-06-29 15:45:00,2026-06-29 15:52:00,Midtown MARTA,Ponce City Market,member,7.0,15,0
R104820,2026-07-19 14:34:00,2026-07-19 14:48:00,Midtown MARTA,Ponce City Market,member,14.0,14,6
R100544,2026-06-06 12:04:00,2026-06-06 12:21:00,Midtown MARTA,Grant Park,casual,17.0,12,5
R101995,2026-06-20 09:35:00,2026-06-20 10:08:44,Ponce City Market,Midtown MARTA,casual,33.733333333333334,9,5
R102958,2026-06-30 06:17:00,2026-06-30 06:30:20,Centennial Olympic Park,Midtown MARTA,member,13.333333333333334,6,1
R105840,2026-07-29 11:27:00,2026-07-29 11:35:00,Ponce City Market,Centennial Olympic Park,member,8.0,11,2
R100018,2026-06-01 19:02:00,2026-06-01 19:19:00,Midtown MARTA,Georgia State University,member,17.0,19,0
R102326,2026-06-24 13:57:00,2026-06-24 14:06:34,West End,Georgia State University,member,9.566666666666666,13,2
R100457,2026-06-05 18:08:00,2026-06-05 18:18:12,Atlantic Station,Piedmont Park,member,10.2,18,4
R104629,2026-07-17 08:50:00,2026-07-17 08:57:23,Georgia State University,Midtown MARTA,member,7.383333333333334,8,4
R101654,2026-06-17 07:24:00,2026-06-17 07:29:10,Midtown MARTA,Georgia State University,member,5.166666666666667,7,2
R103708,2026-07-08 21:38:00,2026-07-08 21:50:00,Centennial Olympic Park,Krog Street Market,member,12.0,21,2
R102924,2026-06-29 08:38:00,2026-06-29 08:45:57,Centennial Olympic Park,Georgia State University,member,7.95,8,0
R104072,2026-07-11 13:34:00,2026-07-11 13:40:12,Georgia State University,Centennial Olympic Park,unknown,6.2,13,5
R102507,2026-06-25 18:32:00,2026-06-25 18:39:14,Atlantic Station,Ponce City Market,member,7.233333333333333,18,3
R102039,2026-06-21 18:00:00,2026-06-21 18:49:09,Ponce City Market,Midtown MARTA,casual,49.15,18,6
R103225,2026-07-03 05:36:00,2026-07-03 05:39:26,Ponce City Market,Centennial Olympic Park,member,3.433333333333333,5,4
R105271,2026-07-23 10:44:00,2026-07-23 10:56:00,Ponce City Market,Atlantic Station,member,12.0,10,3
R105024,2026-07-20 12:44:00,2026-07-20 13:02:51,Ponce City Market,Midtown MARTA,member,18.85,12,0
R100397,2026-06-04 16:16:00,2026-06-04 16:25:00,Atlantic Station,Midtown MARTA,member,9.0,16,3
R101450,2026-06-15 14:13:00,2026-06-15 14:38:00,Ponce City Market,Centennial Olympic Park,casual,25.0,14,0
R104866,2026-07-19 07:06:00,2026-07-19 07:21:38,Centennial Olympic Park,Georgia State University,member,15.633333333333333,7,6
R105471,2026-07-25 02:14:00,2026-07-25 02:19:47,Georgia State University,Ponce City Market,casual,5.783333333333333,2,5
R103325,2026-07-04 22:59:00,2026-07-04 23:26:10,Georgia State University,Centennial Olympic Park,casual,27.166666666666668,22,5
R100694,2026-06-07 12:59:00,2026-06-07 13:28:53,Georgia State University,Little Five Points,casual,29.883333333333333,12,6
R102777,2026-06-28 13:19:00,2026-06-28 13:37:55,Atlantic Station,Midtown MARTA,member,18.916666666666668,13,6
R103795,2026-07-09 18:45:00,2026-07-09 19:03:24,Midtown MARTA,Piedmont Park,member,18.4,18,3
R101161,2026-06-12 07:13:00,2026-06-12 07:18:28,Georgia State University,Midtown MARTA,member,5.466666666666667,7,4
R104085,2026-07-11 22:36:00,2026-07-11 23:01:00,Midtown MARTA,Georgia State University,casual,25.0,22,5
R105968,2026-07-30 19:28:00,2026-07-30 19:44:19,Piedmont Park,Georgia State University,casual,16.316666666666666,19,3
R103425,2026-07-05 12:56:00,2026-07-05 13:08:33,Atlantic Station,Grant Park,member,12.55,12,6
R103934,2026-07-10 17:08:00,2026-07-10 17:21:37,Georgia State University,Centennial Olympic Park,member,13.616666666666667,17,4
R104776,2026-07-18 12:21:00,2026-07-18 12:26:00,Midtown MARTA,Atlantic Station,member,5.0,12,5
R100510,2026-06-05 07:53:00,2026-06-05 08:01:00,Georgia State University,Grant Park,member,8.0,7,4
R104300,2026-07-14 06:52:00,2026-07-14 07:01:00,Ponce City Market,Georgia State University,member,9.0,6,1
R102990,2026-06-30 18:00:00,2026-06-30 18:08:05,Atlantic Station,Georgia State University,member,8.083333333333334,18,1
R101546,2026-06-16 06:15:00,2026-06-16 06:20:04,Piedmont Park,Midtown MARTA,member,5.066666666666666,6,1
R102937,2026-06-29 15:32:00,2026-06-29 15:45:37,Centennial Olympic Park,Ponce City Market,member,13.616666666666667,15,0
R100920,2026-06-10 11:43:00,2026-06-10 11:55:54,Ponce City Market,Midtown MARTA,member,12.9,11,2
R105625,2026-07-27 13:13:00,2026-07-27 13:31:47,Ponce City Market,Piedmont Park,casual,18.783333333333335,13,0
R103433,2026-07-05 01:59:00,2026-07-05 02:19:41,Ponce City Market,Georgia State University,member,20.683333333333334,1,6
R103109,2026-07-02 07:52:00,2026-07-02 08:04:20,Centennial Olympic Park,Midtown MARTA,member,12.333333333333334,7,3
R100525,2026-06-06 21:05:00,2026-06-06 21:24:23,Midtown MARTA,Piedmont Park,member,19.383333333333333,21,5
R104946,2026-07-20 07:43:00,2026-07-20 08:10:27,Midtown MARTA,Krog Street Market,casual,27.45,7,0
R100905,2026-06-09 08:54:00,2026-06-09 09:03:49,Piedmont Park,Georgia State University,member,9.816666666666666,8,1
R101794,2026-06-18 16:31:00,2026-06-18 16:44:38,Atlantic Station,Ponce City Market,member,13.633333333333333,16,3
R105792,2026-07-28 18:22:00,2026-07-28 18:55:45,Ponce City Market,Midtown MARTA,casual,33.75,18,1
R102216,2026-06-22 17:22:00,2026-06-22 17:31:23,Little Five Points,Midtown MARTA,member,9.383333333333333,17,0
R103794,2026-07-09 11:22:00,2026-07-09 11:32:20,Georgia State University,West End,member,10.333333333333334,11,3
R102407,2026-06-24 22:56:00,2026-06-24 23:05:00,Georgia State University,Atlantic Station,casual,9.0,22,2
R100464,2026-06-05 17:23:00,2026-06-05 17:29:24,Piedmont Park,Krog Street Market,casual,6.4,17,4
R102001,2026-06-20 10:11:00,2026-06-20 10:58:46,Atlantic Station,Ponce City Market,casual,47.766666666666666,10,5
R101612,2026-06-17 17:58:00,2026-06-17 18:00:00,Atlantic Station,Ponce City Market,member,2.0,17,2
R103153,2026-07-02 13:55:00,2026-07-02 14:05:00,Centennial Olympic Park,Georgia State University,member,10.0,13,3
R100402,2026-06-04 08:58:00,2026-06-04 09:11:00,Little Five Points,Midtown MARTA,member,13.0,8,3
R101913,2026-06-19 18:17:00,2026-06-19 18:32:09,Ponce City Market,Midtown MARTA,casual,15.15,18,4
R104605,2026-07-17 12:30:00,2026-07-17 12:39:15,Georgia State University,Krog Street Market,member,9.25,12,4
R104965,2026-07-20 09:56:00,2026-07-20 10:06:35,Ponce City Market,Midtown MARTA,member,10.583333333333334,9,0
R105426,2026-07-25 10:25:00,2026-07-25 10:39:39,West End,Atlantic Station,member,14.65,10,5
R104722,2026-07-18 10:50:00,2026-07-18 11:08:30,Ponce City Market,Piedmont Park,member,18.5,10,5
R100810,2026-06-09 20:37:00,2026-06-09 20:46:46,Midtown MARTA,Grant Park,member,9.766666666666667,20,1
R103127,2026-07-02 14:56:00,2026-07-02 15:39:00,Midtown MARTA,Georgia State University,casual,43.0,14,3
R104265,2026-07-14 06:40:00,2026-07-14 07:06:59,Midtown MARTA,Georgia State University,casual,26.983333333333334,6,1
R102929,2026-06-29 19:08:00,2026-06-29 19:13:53,Midtown MARTA,Atlantic Station,member,5.883333333333334,19,0
R102842,2026-06-28 07:00:00,2026-06-28 07:19:13,Centennial Olympic Park,Little Five Points,casual,19.216666666666665,7,6
R105344,2026-07-24 17:35:00,2026-07-24 17:58:10,Centennial Olympic Park,Midtown MARTA,member,23.166666666666668,17,4
R105444,2026-07-25 08:13:00,2026-07-25 08:50:00,Ponce City Market,Midtown MARTA,casual,37.0,8,5
R105567,2026-07-26 11:10:00,2026-07-26 11:23:34,Georgia State University,Midtown MARTA,member,13.566666666666666,11,6
R100976,2026-06-10 06:19:00,2026-06-10 06:28:13,Georgia State University,Ponce City Market,member,9.216666666666667,6,2
R104944,2026-07-20 06:26:00,2026-07-20 06:44:42,Georgia State University,Ponce City Market,member,18.7,6,0
R100891,2026-06-09 06:59:00,2026-06-09 07:02:13,Georgia State University,Midtown MARTA,member,3.216666666666667,6,1
R104323,2026-07-14 16:12:00,2026-07-14 16:17:11,Midtown MARTA,Atlantic Station,member,5.183333333333334,16,1
R100950,2026-06-10 07:09:00,2026-06-10 07:14:21,Ponce City Market,Centennial Olympic Park,member,5.35,7,2
R102539,2026-06-25 09:26:00,2026-06-25 09:46:24,Georgia State University,Atlantic Station,casual,20.4,9,3
R103609,2026-07-07 07:08:00,2026-07-07 07:19:00,Centennial Olympic Park,Midtown MARTA,member,11.0,7,1
R103383,2026-07-05 11:19:00,2026-07-05 11:57:46,Atlantic Station,Centennial Olympic Park,casual,38.766666666666666,11,6
R101970,2026-06-20 15:34:00,2026-06-20 15:57:00,Georgia State University,Piedmont Park,casual,23.0,15,5
R105223,2026-07-22 17:08:00,2026-07-22 17:21:24,Midtown MARTA,Grant Park,member,13.4,17,2
R101760,2026-06-18 06:09:00,2026-06-18 06:18:00,Ponce City Market,Piedmont Park,member,9.0,6,3
R101224,2026-06-12 21:36:00,2026-06-12 21:43:12,Georgia State University,Midtown MARTA,member,7.2,21,4
R102836,2026-06-28 17:26:00,2026-06-28 17:37:06,Midtown MARTA,Ponce City Market,member,11.1,17,6
R102847,2026-06-28 08:31:00,2026-06-28 08:56:01,Midtown MARTA,Centennial Olympic Park,casual,25.016666666666666,8,6
R100947,2026-06-10 15:34:00,2026-06-10 16:03:02,Georgia State University,Midtown MARTA,casual,29.033333333333335,15,2
R105474,2026-07-25 00:17:00,2026-07-25 00:33:47,Ponce City Market,Georgia State University,casual,16.783333333333335,0,5
R101608,2026-06-17 17:04:00,2026-06-17 17:08:00,Atlantic Station,Centennial Olympic Park,member,4.0,17,2
R101372,2026-06-14 09:40:00,2026-06-14 10:12:00,Midtown MARTA,Krog Street Market,casual,32.0,9,6
R100137,2026-06-02 05:38:00,2026-06-02 05:45:00,Midtown MARTA,Grant Park,member,7.0,5,1
R103268,2026-07-03 07:33:00,2026-07-03 07:46:00,Ponce City Market,Atlantic Station,member,13.0,7,4
R100292,2026-06-03 12:58:00,2026-06-03 13:09:46,Georgia State University,Midtown MARTA,member,11.766666666666667,12,2
R102096,2026-06-21 14:00:00,2026-06-21 14:23:00,West End,Krog Street Market,casual,23.0,14,6
R104173,2026-07-12 10:28:00,2026-07-12 10:54:44,Ponce City Market,Midtown MARTA,casual,26.733333333333334,10,6
R104317,2026-07-14 18:27:00,2026-07-14 18:38:16,Midtown MARTA,West End,member,11.266666666666667,18,1
R103009,2026-06-30 07:06:00,2026-06-30 07:31:31,Atlantic Station,Little Five Points,casual,25.516666666666666,7,1
R101453,2026-06-15 16:39:00,2026-06-15 16:52:17,Georgia State University,Ponce City Market,member,13.283333333333333,16,0
R101933,2026-06-20 17:04:00,2026-06-20 17:19:19,Piedmont Park,Centennial Olympic Park,member,15.316666666666666,17,5
R102721,2026-06-27 13:24:00,2026-06-27 13:31:52,Centennial Olympic Park,Midtown MARTA,casual,7.866666666666666,13,5
R104080,2026-07-11 17:56:00,2026-07-11 18:12:50,Midtown MARTA,Ponce City Market,member,16.833333333333332,17,5
R101775,2026-06-18 11:54:00,2026-06-18 12:07:52,Midtown MARTA,Ponce City Market,member,13.866666666666667,11,3
R103550,2026-07-06 17:09:00,2026-07-06 17:17:10,Midtown MARTA,Georgia State University,member,8.166666666666666,17,0
R104062,2026-07-11 14:01:00,2026-07-11 14:21:00,Georgia State University,Ponce City Market,casual,20.0,14,5
R105742,2026-07-28 18:08:00,2026-07-28 18:17:38,Georgia State University,Midtown MARTA,member,9.633333333333333,18,1
R101480,2026-06-15 14:15:00,2026-06-15 14:23:43,Midtown MARTA,Atlantic Station,member,8.716666666666667,14,0
R101360,2026-06-14 21:10:00,2026-06-14 21:44:00,Georgia State University,Ponce City Market,casual,34.0,21,6
R102156,2026-06-22 08:03:00,2026-06-22 08:07:00,Atlantic Station,Georgia State University,member,4.0,8,0
R100404,2026-06-04 08:37:00,2026-06-04 08:47:00,Midtown MARTA,Ponce City Market,member,10.0,8,3
R104358,2026-07-14 17:02:00,2026-07-14 17:10:15,Ponce City Market,Centennial Olympic Park,member,8.25,17,1
R104593,2026-07-17 12:39:00,2026-07-17 12:54:14,Midtown MARTA,Georgia State University,member,15.233333333333333,12,4
R102251,2026-06-23 17:06:00,2026-06-23 17:16:00,Ponce City Market,Piedmont Park,member,10.0,17,1
R103981,2026-07-10 21:05:00,2026-07-10 21:23:48,Atlantic Station,Ponce City Market,member,18.8,21,4
R104885,2026-07-19 11:15:00,2026-07-19 11:16:00,Georgia State University,West End,casual,1.0,11,6
R103362,2026-07-04 14:17:00,2026-07-04 14:55:01,Centennial Olympic Park,Midtown MARTA,casual,38.016666666666666,14,5
R102386,2026-06-24 08:33:00,2026-06-24 08:48:00,Ponce City Market,Piedmont Park,member,15.0,8,2
R101683,2026-06-17 17:33:00,2026-06-17 18:00:00,Midtown MARTA,Grant Park,casual,27.0,17,2
R103846,2026-07-09 11:56:00,2026-07-09 12:05:43,Atlantic Station,Centennial Olympic Park,member,9.716666666666667,11,3
R105815,2026-07-29 05:42:00,2026-07-29 05:56:48,Georgia State University,Midtown MARTA,member,14.8,5,2
R104171,2026-07-12 12:49:00,2026-07-12 13:06:00,Piedmont Park,Midtown MARTA,casual,17.0,12,6
R100038,2026-06-01 08:36:00,2026-06-01 08:44:59,Ponce City Market,Centennial Olympic Park,member,8.983333333333333,8,0
R100568,2026-06-06 12:37:00,2026-06-06 12:47:29,Georgia State University,Centennial Olympic Park,member,10.483333333333333,12,5
R105451,2026-07-25 21:36:00,2026-07-25 21:52:00,West End,Centennial Olympic Park,casual,16.0,21,5
R102816,2026-06-28 15:18:00,2026-06-28 15:31:46,Ponce City Market,Piedmont Park,casual,13.766666666666667,15,6
R102512,2026-06-25 02:21:00,2026-06-25 02:29:44,Georgia State University,Centennial Olympic Park,member,8.733333333333333,2,3
R101164,2026-06-12 15:02:00,2026-06-12 15:15:03,Georgia State University,Midtown MARTA,member,13.05,15,4
R100251,2026-06-03 08:23:00,2026-06-03 08:45:21,Midtown MARTA,Ponce City Market,casual,22.35,8,2
R104735,2026-07-18 07:46:00,2026-07-18 07:53:04,Krog Street Market,Unknown,member,7.066666666666666,7,5
R101686,2026-06-17 17:21:00,2026-06-17 17:31:28,Ponce City Market,Midtown MARTA,member,10.466666666666667,17,2
R104118,2026-07-12 12:39:00,2026-07-12 12:45:37,Georgia State University,Midtown MARTA,member,6.616666666666666,12,6
R105610,2026-07-27 18:03:00,2026-07-27 18:17:00,Midtown MARTA,Georgia State University,member,14.0,18,0
R102838,2026-06-28 09:39:00,2026-06-28 09:55:47,Ponce City Market,Atlantic Station,casual,16.783333333333335,9,6
R104655,2026-07-17 08:44:00,2026-07-17 08:59:00,Atlantic Station,Midtown MARTA,member,15.0,8,4
R104900,2026-07-19 12:15:00,2026-07-19 12:21:45,Centennial Olympic Park,Georgia State University,member,6.75,12,6
R103674,2026-07-08 11:37:00,2026-07-08 11:54:00,Midtown MARTA,Centennial Olympic Park,member,17.0,11,2
R103421,2026-07-05 08:37:00,2026-07-05 09:07:29,Midtown MARTA,Atlantic Station,casual,30.483333333333334,8,6
R100393,2026-06-04 11:25:00,2026-06-04 11:34:32,Ponce City Market,Krog Street Market,member,9.533333333333333,11,3
R102354,2026-06-24 16:46:00,2026-06-24 16:50:18,Midtown MARTA,Ponce City Market,member,4.3,16,2
R100336,2026-06-04 21:12:00,2026-06-04 21:15:00,West End,Atlantic Station,member,3.0,21,3
R100324,2026-06-04 16:10:00,2026-06-04 16:21:13,Atlantic Station,Georgia State University,member,11.216666666666667,16,3
R100194,2026-06-02 00:33:00,2026-06-02 00:48:27,Midtown MARTA,Ponce City Market,member,15.45,0,1
R104763,2026-07-18 09:40:00,2026-07-18 09:49:44,Midtown MARTA,Piedmont Park,member,9.733333333333333,9,5
R102541,2026-06-25 17:12:00,2026-06-25 17:19:18,Grant Park,Midtown MARTA,member,7.3,17,3
R100062,2026-06-01 14:31:00,2026-06-01 14:40:00,Midtown MARTA,Georgia State University,member,9.0,14,0
R100283,2026-06-03 17:48:00,2026-06-03 17:57:00,Ponce City Market,Georgia State University,member,9.0,17,2
R100823,2026-06-09 17:21:00,2026-06-09 17:30:00,Midtown MARTA,Centennial Olympic Park,member,9.0,17,1
R105834,2026-07-29 18:17:00,2026-07-29 18:22:14,Ponce City Market,Georgia State University,member,5.233333333333333,18,2
R104405,2026-07-15 08:10:00,2026-07-15 08:21:00,Midtown MARTA,Atlantic Station,member,11.0,8,2
R104133,2026-07-12 08:49:00,2026-07-12 09:04:50,Georgia State University,Centennial Olympic Park,member,15.833333333333334,8,6
R100724,2026-06-08 07:48:00,2026-06-08 07:59:17,Piedmont Park,Ponce City Market,member,11.283333333333333,7,0
R100287,2026-06-03 07:36:00,2026-06-03 07:50:00,Krog Street Market,Midtown MARTA,member,14.0,7,2
R100337,2026-06-04 02:08:00,2026-06-04 02:23:00,Centennial Olympic Park,Grant Park,member,15.0,2,3
R101779,2026-06-18 17:51:00,2026-06-18 18:07:03,Georgia State University,Atlantic Station,member,16.05,17,3
R100306,2026-06-03 20:14:00,2026-06-03 20:23:11,Georgia State University,Midtown MARTA,member,9.183333333333334,20,2
R101999,2026-06-20 15:33:00,2026-06-20 15:37:02,Midtown MARTA,Piedmont Park,casual,4.033333333333333,15,5
R101711,2026-06-17 12:03:00,2026-06-17 12:23:00,Atlantic Station,Ponce City Market,casual,20.0,12,2
R104090,2026-07-11 05:47:00,2026-07-11 06:15:39,Midtown MARTA,Little Five Points,casual,28.65,5,5
R102228,2026-06-22 16:36:00,2026-06-22 16:50:52,Little Five Points,West End,member,14.866666666666667,16,0
R100063,2026-06-01 09:45:00,2026-06-01 09:55:00,Midtown MARTA,Krog Street Market,casual,10.0,9,0
R101499,2026-06-15 11:29:00,2026-06-15 12:01:07,Centennial Olympic Park,Krog Street Market,casual,32.11666666666667,11,0
R103358,2026-07-04 16:39:00,2026-07-04 17:11:03,Krog Street Market,Ponce City Market,casual,32.05,16,5
R103582,2026-07-07 07:17:00,2026-07-07 07:33:00,Centennial Olympic Park,Georgia State University,member,16.0,7,1
R105469,2026-07-25 12:03:00,2026-07-25 12:13:00,Centennial Olympic Park,Midtown MARTA,casual,10.0,12,5
R101596,2026-06-16 20:14:00,2026-06-16 20:25:00,Ponce City Market,Krog Street Market,member,11.0,20,1
R102852,2026-06-28 11:11:00,2026-06-28 11:14:49,Midtown MARTA,Ponce City Market,casual,3.816666666666667,11,6
R102297,2026-06-23 17:03:00,2026-06-23 17:19:24,Piedmont Park,Midtown MARTA,member,16.4,17,1
R102236,2026-06-22 13:41:00,2026-06-22 13:47:00,Midtown MARTA,Georgia State University,member,6.0,13,0
R103948,2026-07-10 11:07:00,2026-07-10 11:23:04,Little Five Points,Georgia State University,casual,16.066666666666666,11,4
R100478,2026-06-05 17:55:00,2026-06-05 18:01:34,Little Five Points,Atlantic Station,member,6.566666666666666,17,4
R102277,2026-06-23 07:00:00,2026-06-23 07:16:31,Centennial Olympic Park,Georgia State University,member,16.516666666666666,7,1
R103705,2026-07-08 14:14:00,2026-07-08 14:23:27,Atlantic Station,Centennial Olympic Park,member,9.45,14,2
R101474,2026-06-15 17:26:00,2026-06-15 17:39:48,Little Five Points,Midtown MARTA,member,13.8,17,0
R103879,2026-07-09 09:36:00,2026-07-09 09:47:02,Atlantic Station,Georgia State University,member,11.033333333333333,9,3
R105225,2026-07-22 12:34:00,2026-07-22 12:47:43,Centennial Olympic Park,Atlantic Station,member,13.716666666666667,12,2
R100561,2026-06-06 13:35:00,2026-06-06 14:05:38,Ponce City Market,Georgia State University,casual,30.633333333333333,13,5
R101093,2026-06-11 08:23:00,2026-06-11 08:27:23,Midtown MARTA,Grant Park,member,4.383333333333334,8,3
R103448,2026-07-05 10:04:00,2026-07-05 10:38:46,Ponce City Market,Georgia State University,casual,34.766666666666666,10,6
R101537,2026-06-16 07:58:00,2026-06-16 08:11:00,Piedmont Park,Georgia State University,casual,13.0,7,1
R105963,2026-07-30 12:53:00,2026-07-30 13:20:00,Little Five Points,Atlantic Station,casual,27.0,12,3
R101275,2026-06-13 09:45:00,2026-06-13 09:52:05,Georgia State University,Ponce City Market,member,7.083333333333333,9,5
R101478,2026-06-15 09:39:00,2026-06-15 10:07:00,Ponce City Market,Little Five Points,casual,28.0,9,0
R105933,2026-07-30 16:48:00,2026-07-30 17:04:36,Midtown MARTA,Piedmont Park,member,16.6,16,3
R100344,2026-06-04 22:17:00,2026-06-04 22:22:24,Ponce City Market,Georgia State University,member,5.4,22,3
R101249,2026-06-12 08:00:00,2026-06-12 08:15:15,Atlantic Station,Midtown MARTA,member,15.25,8,4
R100610,2026-06-07 17:50:00,2026-06-07 18:03:59,Ponce City Market,Midtown MARTA,member,13.983333333333333,17,6
R104627,2026-07-17 14:04:00,2026-07-17 14:15:00,Midtown MARTA,Ponce City Market,member,11.0,14,4
R102093,2026-06-21 14:05:00,2026-06-21 14:40:31,Little Five Points,Midtown MARTA,casual,35.516666666666666,14,6
R104576,2026-07-16 15:14:00,2026-07-16 15:30:34,Little Five Points,Centennial Olympic Park,member,16.566666666666666,15,3
R103552,2026-07-06 19:11:00,2026-07-06 19:20:22,Midtown MARTA,Atlantic Station,member,9.366666666666667,19,0
R101388,2026-06-14 14:45:00,2026-06-14 15:32:09,Atlantic Station,Piedmont Park,casual,47.15,14,6
R103653,2026-07-07 16:02:00,2026-07-07 16:15:51,Centennial Olympic Park,Georgia State University,member,13.85,16,1
R104859,2026-07-19 08:13:00,2026-07-19 08:40:20,Georgia State University,Midtown MARTA,casual,27.333333333333332,8,6
R105078,2026-07-21 11:46:00,2026-07-21 12:20:29,Krog Street Market,Ponce City Market,casual,34.483333333333334,11,1
R100405,2026-06-04 13:55:00,2026-06-04 14:04:44,Ponce City Market,Midtown MARTA,member,9.733333333333333,13,3
R105885,2026-07-29 16:26:00,2026-07-29 16:29:48,Midtown MARTA,Krog Street Market,member,3.8,16,2
R102194,2026-06-22 08:59:00,2026-06-22 09:08:39,Ponce City Market,Midtown MARTA,member,9.65,8,0
R105220,2026-07-22 08:44:00,2026-07-22 08:52:17,Midtown MARTA,Centennial Olympic Park,member,8.283333333333333,8,2
R101739,2026-06-18 09:52:00,2026-06-18 10:03:50,Ponce City Market,Atlantic Station,member,11.833333333333334,9,3
R102025,2026-06-21 12:26:00,2026-06-21 12:33:00,Atlantic Station,West End,casual,7.0,12,6
R102912,2026-06-29 08:03:00,2026-06-29 08:14:10,Atlantic Station,Ponce City Market,member,11.166666666666666,8,0
R103998,2026-07-10 08:03:00,2026-07-10 08:08:42,Piedmont Park,Georgia State University,member,5.7,8,4
R103745,2026-07-08 07:24:00,2026-07-08 07:35:14,Georgia State University,Midtown MARTA,member,11.233333333333333,7,2
R104980,2026-07-20 17:16:00,2026-07-20 17:33:00,Ponce City Market,Krog Street Market,member,17.0,17,0
R102111,2026-06-21 11:56:00,2026-06-21 12:25:00,Georgia State University,Midtown MARTA,casual,29.0,11,6
R103703,2026-07-08 18:01:00,2026-07-08 18:23:50,West End,Ponce City Market,casual,22.833333333333332,18,2
R100846,2026-06-09 08:19:00,2026-06-09 08:27:00,Midtown MARTA,Grant Park,member,8.0,8,1
R102611,2026-06-26 11:41:00,2026-06-26 11:53:21,Centennial Olympic Park,West End,unknown,12.35,11,4
R102212,2026-06-22 10:24:00,2026-06-22 10:58:00,Georgia State University,Centennial Olympic Park,casual,34.0,10,0
R103465,2026-07-06 06:37:00,2026-07-06 06:56:00,Atlantic Station,Midtown MARTA,casual,19.0,6,0
R105809,2026-07-29 09:18:00,2026-07-29 09:37:10,Centennial Olympic Park,Midtown MARTA,member,19.166666666666668,9,2
R102744,2026-06-28 08:38:00,2026-06-28 08:49:16,Ponce City Market,Midtown MARTA,member,11.266666666666667,8,6
R102191,2026-06-22 07:56:00,2026-06-22 08:02:46,Atlantic Station,Piedmont Park,unknown,6.766666666666667,7,0
R101319,2026-06-13 11:22:00,2026-06-13 11:47:50,Little Five Points,Ponce City Market,casual,25.833333333333332,11,5
R105871,2026-07-29 04:25:00,2026-07-29 04:35:00,Atlantic Station,Centennial Olympic Park,member,10.0,4,2
R102794,2026-06-28 12:32:00,2026-06-28 12:45:00,Midtown MARTA,Georgia State University,member,13.0,12,6
R100934,2026-06-10 09:13:00,2026-06-10 09:36:00,Little Five Points,Midtown MARTA,unknown,23.0,9,2
R100316,2026-06-04 18:06:00,2026-06-04 18:20:00,Atlantic Station,Midtown MARTA,member,14.0,18,3
R101500,2026-06-15 13:25:00,2026-06-15 13:30:27,Atlantic Station,Krog Street Market,member,5.45,13,0
R103741,2026-07-08 04:22:00,2026-07-08 04:26:03,Piedmont Park,Georgia State University,member,4.05,4,2
R104416,2026-07-15 01:31:00,2026-07-15 01:48:33,Ponce City Market,Midtown MARTA,member,17.55,1,2
R104364,2026-07-14 12:11:00,2026-07-14 12:20:54,Georgia State University,Midtown MARTA,member,9.9,12,1
R103444,2026-07-05 12:24:00,2026-07-05 12:46:58,Georgia State University,Ponce City Market,casual,22.966666666666665,12,6
R103579,2026-07-07 17:39:00,2026-07-07 17:49:00,Ponce City Market,Centennial Olympic Park,member,10.0,17,1
R102589,2026-06-26 16:02:00,2026-06-26 16:10:04,Ponce City Market,Georgia State University,member,8.066666666666666,16,4
R101867,2026-06-19 22:18:00,2026-06-19 22:33:31,Atlantic Station,Ponce City Market,member,15.516666666666667,22,4
R100088,2026-06-01 09:28:00,2026-06-01 09:45:56,Midtown MARTA,Centennial Olympic Park,member,17.933333333333334,9,0
R103277,2026-07-03 12:30:00,2026-07-03 12:42:19,Georgia State University,Piedmont Park,member,12.316666666666666,12,4
R102600,2026-06-26 16:57:00,2026-06-26 17:11:00,Little Five Points,Centennial Olympic Park,member,14.0,16,4
R101426,2026-06-15 09:37:00,2026-06-15 09:50:00,Georgia State University,Atlantic Station,member,13.0,9,0
R104351,2026-07-14 07:43:00,2026-07-14 07:58:24,Midtown MARTA,Atlantic Station,member,15.4,7,1
R104658,2026-07-17 17:40:00,2026-07-17 18:05:13,Midtown MARTA,Centennial Olympic Park,casual,25.216666666666665,17,4
R102891,2026-06-29 20:05:00,2026-06-29 20:08:15,Ponce City Market,Georgia State University,member,3.25,20,0
R102130,2026-06-22 11:37:00,2026-06-22 11:45:00,Centennial Olympic Park,Atlantic Station,member,8.0,11,0
R104570,2026-07-16 11:32:00,2026-07-16 11:46:48,Midtown MARTA,Georgia State University,member,14.8,11,3
R101798,2026-06-18 07:48:00,2026-06-18 08:04:45,Midtown MARTA,Atlantic Station,member,16.75,7,3
R100173,2026-06-02 06:14:00,2026-06-02 06:22:23,Ponce City Market,Piedmont Park,member,8.383333333333333,6,1
R103360,2026-07-04 08:30:00,2026-07-04 09:01:17,Midtown MARTA,Krog Street Market,casual,31.283333333333335,8,5
R103370,2026-07-04 07:46:00,2026-07-04 08:00:29,Atlantic Station,Centennial Olympic Park,member,14.483333333333333,7,5
R100260,2026-06-03 16:31:00,2026-06-03 16:53:58,Midtown MARTA,Grant Park,casual,22.966666666666665,16,2
R103666,2026-07-08 17:54:00,2026-07-08 18:01:56,Midtown MARTA,Atlantic Station,member,7.933333333333334,17,2
R100509,2026-06-05 17:23:00,2026-06-05 17:34:04,Krog Street Market,Midtown MARTA,casual,11.066666666666666,17,4
R105140,2026-07-21 19:59:00,2026-07-21 20:10:30,Ponce City Market,Grant Park,member,11.5,19,1
R104768,2026-07-18 15:11:00,2026-07-18 15:43:43,Midtown MARTA,Ponce City Market,casual,32.71666666666667,15,5
R105613,2026-07-27 13:38:00,2026-07-27 13:44:00,Georgia State University,Krog Street Market,member,6.0,13,0
R102298,2026-06-23 19:43:00,2026-06-23 20:06:38,Midtown MARTA,Grant Park,casual,23.633333333333333,19,1
R104630,2026-07-17 11:24:00,2026-07-17 11:31:30,Midtown MARTA,Georgia State University,member,7.5,11,4
R100325,2026-06-04 17:33:00,2026-06-04 17:49:00,Little Five Points,Krog Street Market,member,16.0,17,3
R100037,2026-06-01 16:37:00,2026-06-01 16:46:23,Grant Park,Georgia State University,member,9.383333333333333,16,0
R103320,2026-07-04 17:34:00,2026-07-04 17:51:08,Atlantic Station,Georgia State University,casual,17.133333333333333,17,5
R102826,2026-06-28 21:30:00,2026-06-28 21:39:00,Midtown MARTA,Centennial Olympic Park,member,9.0,21,6
R104957,2026-07-20 01:13:00,2026-07-20 01:36:00,Ponce City Market,Atlantic Station,casual,23.0,1,0
R101341,2026-06-14 15:46:00,2026-06-14 16:01:39,Atlantic Station,Midtown MARTA,casual,15.65,15,6
R102013,2026-06-21 09:22:00,2026-06-21 09:23:00,Midtown MARTA,Centennial Olympic Park,casual,1.0,9,6
R102870,2026-06-29 15:44:00,2026-06-29 15:52:32,Midtown MARTA,Centennial Olympic Park,member,8.533333333333333,15,0
R104399,2026-07-15 06:14:00,2026-07-15 06:32:01,Atlantic Station,Ponce City Market,member,18.016666666666666,6,2
R101725,2026-06-17 13:41:00,2026-06-17 13:49:50,Midtown MARTA,Ponce City Market,member,8.833333333333334,13,2
R102246,2026-06-23 12:58:00,2026-06-23 13:12:58,Ponce City Market,Midtown MARTA,member,14.966666666666667,12,1
R101691,2026-06-17 18:30:00,2026-06-17 18:44:01,Little Five Points,Piedmont Park,member,14.016666666666667,18,2
R100704,2026-06-07 05:14:00,2026-06-07 05:35:00,Midtown MARTA,Little Five Points,casual,21.0,5,6
R103844,2026-07-09 00:29:00,2026-07-09 00:41:00,Georgia State University,Midtown MARTA,member,12.0,0,3
R101183,2026-06-12 18:06:00,2026-06-12 18:27:00,Georgia State University,Midtown MARTA,casual,21.0,18,4
R104814,2026-07-19 08:02:00,2026-07-19 08:36:33,Atlantic Station,Georgia State University,casual,34.55,8,6
R104670,2026-07-17 19:18:00,2026-07-17 19:40:56,Ponce City Market,Atlantic Station,casual,22.933333333333334,19,4
R100970,2026-06-10 07:01:00,2026-06-10 07:13:59,Georgia State University,Midtown MARTA,member,12.983333333333333,7,2
R105015,2026-07-20 21:08:00,2026-07-20 21:22:00,Midtown MARTA,Little Five Points,member,14.0,21,0
R104196,2026-07-13 18:06:00,2026-07-13 18:17:00,Midtown MARTA,Georgia State University,member,11.0,18,0
R103201,2026-07-02 18:07:00,2026-07-02 18:15:29,Georgia State University,Midtown MARTA,member,8.483333333333333,18,3
R101075,2026-06-11 19:06:00,2026-06-11 19:20:54,Georgia State University,Ponce City Market,member,14.9,19,3
R105763,2026-07-28 17:15:00,2026-07-28 17:47:02,Ponce City Market,Georgia State University,casual,32.03333333333333,17,1
R103555,2026-07-06 07:01:00,2026-07-06 07:07:22,Centennial Olympic Park,Atlantic Station,member,6.366666666666666,7,0
R105552,2026-07-26 12:52:00,2026-07-26 12:57:38,Ponce City Market,Centennial Olympic Park,member,5.633333333333334,12,6
R105197,2026-07-22 03:07:00,2026-07-22 03:20:51,Ponce City Market,Piedmont Park,member,13.85,3,2
R103833,2026-07-09 16:55:00,2026-07-09 17:03:00,Centennial Olympic Park,Ponce City Market,member,8.0,16,3
R102587,2026-06-26 17:01:00,2026-06-26 17:20:27,Centennial Olympic Park,Georgia State University,member,19.45,17,4
R100794,2026-06-08 08:03:00,2026-06-08 08:26:00,Midtown MARTA,Piedmont Park,casual,23.0,8,0
R102362,2026-06-24 20:43:00,2026-06-24 20:54:00,Georgia State University,Little Five Points,member,11.0,20,2
R105726,2026-07-27 18:20:00,2026-07-27 18:29:19,Krog Street Market,Georgia State University,member,9.316666666666666,18,0
R103836,2026-07-09 18:52:00,2026-07-09 19:02:43,Georgia State University,Little Five Points,member,10.716666666666667,18,3
R103060,2026-07-01 07:37:00,2026-07-01 07:46:00,Atlantic Station,Midtown MARTA,member,9.0,7,2
R105500,2026-07-26 14:53:00,2026-07-26 15:02:00,Atlantic Station,Piedmont Park,member,9.0,14,6
R105297,2026-07-23 08:17:00,2026-07-23 08:32:14,Centennial Olympic Park,Midtown MARTA,member,15.233333333333333,8,3
R104165,2026-07-12 14:23:00,2026-07-12 14:30:00,Piedmont Park,Ponce City Market,member,7.0,14,6
R100909,2026-06-10 04:40:00,2026-06-10 04:46:38,West End,Georgia State University,member,6.633333333333334,4,2
R100668,2026-06-07 19:23:00,2026-06-07 19:54:00,Ponce City Market,Midtown MARTA,casual,31.0,19,6
R105628,2026-07-27 06:17:00,2026-07-27 06:30:00,Georgia State University,Centennial Olympic Park,member,13.0,6,0
R104736,2026-07-18 06:11:00,2026-07-18 06:33:13,Centennial Olympic Park,Ponce City Market,casual,22.216666666666665,6,5
R101002,2026-06-10 10:02:00,2026-06-10 10:49:57,Midtown MARTA,West End,casual,47.95,10,2
R103891,2026-07-09 18:25:00,2026-07-09 18:44:00,Midtown MARTA,Georgia State University,casual,19.0,18,3
R100774,2026-06-08 16:22:00,2026-06-08 16:38:53,Georgia State University,Ponce City Market,member,16.883333333333333,16,0
R104867,2026-07-19 06:32:00,2026-07-19 06:43:00,Georgia State University,West End,member,11.0,6,6
R103601,2026-07-07 18:14:00,2026-07-07 18:19:00,Georgia State University,Midtown MARTA,member,5.0,18,1
R102524,2026-06-25 16:43:00,2026-06-25 16:49:04,Georgia State University,Ponce City Market,member,6.066666666666666,16,3
R101809,2026-06-19 16:31:00,2026-06-19 16:38:22,Krog Street Market,Atlantic Station,member,7.366666666666666,16,4
R100860,2026-06-09 14:04:00,2026-06-09 14:12:51,West End,Midtown MARTA,member,8.85,14,1
R105925,2026-07-30 16:03:00,2026-07-30 16:16:00,Ponce City Market,Midtown MARTA,casual,13.0,16,3
R100461,2026-06-05 06:14:00,2026-06-05 06:31:05,Ponce City Market,Georgia State University,member,17.083333333333332,6,4
R104930,2026-07-20 15:53:00,2026-07-20 16:09:57,Ponce City Market,Centennial Olympic Park,member,16.95,15,0
R104183,2026-07-13 10:46:00,2026-07-13 11:04:21,Grant Park,Ponce City Market,casual,18.35,10,0
R103963,2026-07-10 19:23:00,2026-07-10 19:34:41,Ponce City Market,Midtown MARTA,member,11.683333333333334,19,4
R100151,2026-06-02 17:54:00,2026-06-02 18:05:14,Centennial Olympic Park,Ponce City Market,member,11.233333333333333,17,1
R103183,2026-07-02 18:58:00,2026-07-02 19:06:41,Midtown MARTA,Georgia State University,member,8.683333333333334,18,3
R102974,2026-06-30 06:24:00,2026-06-30 06:35:10,Midtown MARTA,Centennial Olympic Park,member,11.166666666666666,6,1
R104005,2026-07-10 18:05:00,2026-07-10 18:11:00,Ponce City Market,Centennial Olympic Park,member,6.0,18,4
R105712,2026-07-27 18:35:00,2026-07-27 18:46:53,Midtown MARTA,Ponce City Market,member,11.883333333333333,18,0
R100139,2026-06-02 14:05:00,2026-06-02 14:17:00,Grant Park,Midtown MARTA,member,12.0,14,1
R105418,2026-07-25 12:55:00,2026-07-25 13:09:35,Atlantic Station,Ponce City Market,casual,14.583333333333334,12,5
R102508,2026-06-25 07:20:00,2026-06-25 07:30:37,West End,Midtown MARTA,member,10.616666666666667,7,3
R102535,2026-06-25 05:40:00,2026-06-25 05:52:16,Ponce City Market,Midtown MARTA,member,12.266666666666667,5,3
R104519,2026-07-16 13:44:00,2026-07-16 14:01:46,Atlantic Station,Georgia State University,casual,17.766666666666666,13,3
R105387,2026-07-24 07:49:00,2026-07-24 08:16:43,Midtown MARTA,Piedmont Park,casual,27.716666666666665,7,4
R103931,2026-07-10 20:33:00,2026-07-10 20:46:00,Centennial Olympic Park,Midtown MARTA,member,13.0,20,4
R105804,2026-07-29 07:18:00,2026-07-29 07:26:15,West End,Midtown MARTA,unknown,8.25,7,2
R101057,2026-06-11 07:35:00,2026-06-11 07:47:00,Krog Street Market,Georgia State University,casual,12.0,7,3
R104888,2026-07-19 08:42:00,2026-07-19 08:53:16,Centennial Olympic Park,Krog Street Market,member,11.266666666666667,8,6
R103073,2026-07-01 14:19:00,2026-07-01 14:28:05,Georgia State University,Unknown,member,9.083333333333334,14,2
R100480,2026-06-05 15:41:00,2026-06-05 16:27:55,Little Five Points,Ponce City Market,casual,46.916666666666664,15,4
R105911,2026-07-30 08:18:00,2026-07-30 08:30:22,Midtown MARTA,Centennial Olympic Park,member,12.366666666666667,8,3
R100993,2026-06-10 10:43:00,2026-06-10 10:54:46,Centennial Olympic Park,Piedmont Park,member,11.766666666666667,10,2
R102825,2026-06-28 17:06:00,2026-06-28 17:52:17,Grant Park,Ponce City Market,casual,46.28333333333333,17,6
R103815,2026-07-09 07:49:00,2026-07-09 08:02:00,Georgia State University,Unknown,member,13.0,7,3
R103461,2026-07-05 13:30:00,2026-07-05 13:39:00,Piedmont Park,Centennial Olympic Park,casual,9.0,13,6
R100567,2026-06-06 07:44:00,2026-06-06 08:04:20,Georgia State University,Ponce City Market,casual,20.333333333333332,7,5
R103903,2026-07-10 08:19:00,2026-07-10 08:36:44,Midtown MARTA,Ponce City Market,casual,17.733333333333334,8,4
R101831,2026-06-19 18:38:00,2026-06-19 19:05:00,Midtown MARTA,Piedmont Park,casual,27.0,18,4
R102626,2026-06-26 22:17:00,2026-06-26 22:23:20,Piedmont Park,Atlantic Station,member,6.333333333333333,22,4
R105193,2026-07-22 08:42:00,2026-07-22 08:50:30,Midtown MARTA,Piedmont Park,member,8.5,8,2
R101489,2026-06-15 16:23:00,2026-06-15 16:57:00,Midtown MARTA,Centennial Olympic Park,casual,34.0,16,0
R101818,2026-06-19 23:24:00,2026-06-19 23:52:15,Georgia State University,Midtown MARTA,casual,28.25,23,4
R104551,2026-07-16 06:34:00,2026-07-16 06:39:20,Midtown MARTA,Centennial Olympic Park,member,5.333333333333333,6,3
R102595,2026-06-26 08:25:00,2026-06-26 08:26:47,Atlantic Station,Midtown MARTA,member,1.7833333333333334,8,4
R105378,2026-07-24 07:19:00,2026-07-24 07:30:50,Midtown MARTA,Atlantic Station,member,11.833333333333334,7,4
R101915,2026-06-19 21:27:00,2026-06-19 21:40:08,Atlantic Station,Ponce City Market,member,13.133333333333333,21,4
R105910,2026-07-30 06:43:00,2026-07-30 06:49:00,Atlantic Station,Midtown MARTA,member,6.0,6,3
R103313,2026-07-04 15:25:00,2026-07-04 15:47:44,Centennial Olympic Park,Piedmont Park,casual,22.733333333333334,15,5
R102745,2026-06-28 11:56:00,2026-06-28 12:08:00,Midtown MARTA,Ponce City Market,member,12.0,11,6
R103886,2026-07-09 09:32:00,2026-07-09 09:44:14,Ponce City Market,Midtown MARTA,member,12.233333333333333,9,3
R101828,2026-06-19 09:05:00,2026-06-19 09:17:10,Georgia State University,Little Five Points,member,12.166666666666666,9,4
R103693,2026-07-08 07:41:00,2026-07-08 07:51:39,Midtown MARTA,Atlantic Station,member,10.65,7,2
R101591,2026-06-16 20:15:00,2026-06-16 20:22:34,Georgia State University,Midtown MARTA,member,7.566666666666666,20,1
R104588,2026-07-17 15:52:00,2026-07-17 16:01:25,Ponce City Market,Piedmont Park,member,9.416666666666666,15,4
R104131,2026-07-12 18:12:00,2026-07-12 18:33:39,Krog Street Market,Centennial Olympic Park,casual,21.65,18,6
R102197,2026-06-22 07:05:00,2026-06-22 07:09:00,Georgia State University,Centennial Olympic Park,member,4.0,7,0
R103932,2026-07-10 18:27:00,2026-07-10 18:36:00,Ponce City Market,Atlantic Station,member,9.0,18,4
R102107,2026-06-21 15:24:00,2026-06-21 15:33:02,Ponce City Market,West End,member,9.033333333333333,15,6
R100681,2026-06-07 15:08:00,2026-06-07 15:36:00,West End,Midtown MARTA,unknown,28.0,15,6
R103695,2026-07-08 17:37:00,2026-07-08 18:10:00,Centennial Olympic Park,Grant Park,casual,33.0,17,2
R103994,2026-07-10 19:01:00,2026-07-10 19:33:46,Ponce City Market,Midtown MARTA,casual,32.766666666666666,19,4
R105789,2026-07-28 06:31:00,2026-07-28 06:40:00,Midtown MARTA,Georgia State University,member,9.0,6,1
R100180,2026-06-02 18:35:00,2026-06-02 18:46:26,Centennial Olympic Park,Georgia State University,member,11.433333333333334,18,1
R103368,2026-07-04 16:56:00,2026-07-04 17:10:00,Ponce City Market,Krog Street Market,member,14.0,16,5
R100380,2026-06-04 11:36:00,2026-06-04 12:17:00,Georgia State University,Ponce City Market,casual,41.0,11,3
R102101,2026-06-21 18:17:00,2026-06-21 19:11:07,Georgia State University,Little Five Points,casual,54.11666666666667,18,6
R103364,2026-07-04 10:09:00,2026-07-04 10:18:13,Krog Street Market,Ponce City Market,member,9.216666666666667,10,5
R103944,2026-07-10 06:29:00,2026-07-10 06:38:00,Centennial Olympic Park,Georgia State University,casual,9.0,6,4
R100014,2026-06-01 20:22:00,2026-06-01 20:33:00,Midtown MARTA,Georgia State University,member,11.0,20,0
R101014,2026-06-11 07:49:00,2026-06-11 07:59:00,Midtown MARTA,Georgia State University,unknown,10.0,7,3
R100758,2026-06-08 18:07:00,2026-06-08 18:20:48,Midtown MARTA,Piedmont Park,member,13.8,18,0
R102282,2026-06-23 09:43:00,2026-06-23 09:54:00,Georgia State University,Atlantic Station,member,11.0,9,1
R102327,2026-06-24 14:49:00,2026-06-24 15:03:00,Piedmont Park,Ponce City Market,member,14.0,14,2
R100973,2026-06-10 09:47:00,2026-06-10 10:11:52,Krog Street Market,Little Five Points,casual,24.866666666666667,9,2
R102740,2026-06-28 14:30:00,2026-06-28 14:43:01,Georgia State University,Centennial Olympic Park,member,13.016666666666667,14,6
R100560,2026-06-06 15:16:00,2026-06-06 15:26:02,Georgia State University,Krog Street Market,casual,10.033333333333333,15,5
R100659,2026-06-07 17:48:00,2026-06-07 18:04:00,West End,Ponce City Market,member,16.0,17,6
R102170,2026-06-22 19:35:00,2026-06-22 19:42:07,Midtown MARTA,Ponce City Market,member,7.116666666666666,19,0
R100521,2026-06-06 12:51:00,2026-06-06 13:07:18,Centennial Olympic Park,Midtown MARTA,member,16.3,12,5
R101403,2026-06-14 09:35:00,2026-06-14 09:40:00,Georgia State University,Piedmont Park,member,5.0,9,6
R100988,2026-06-10 10:18:00,2026-06-10 10:25:20,Georgia State University,Ponce City Market,member,7.333333333333333,10,2
R105574,2026-07-26 11:21:00,2026-07-26 11:29:06,Ponce City Market,Atlantic Station,member,8.1,11,6
R102563,2026-06-25 10:04:00,2026-06-25 10:22:22,Little Five Points,Ponce City Market,casual,18.366666666666667,10,3
R105443,2026-07-25 21:54:00,2026-07-25 22:12:47,Centennial Olympic Park,Midtown MARTA,casual,18.783333333333335,21,5
R104639,2026-07-17 17:06:00,2026-07-17 17:07:00,Georgia State University,Midtown MARTA,member,1.0,17,4
R102562,2026-06-25 17:04:00,2026-06-25 17:10:31,Midtown MARTA,Piedmont Park,member,6.516666666666667,17,3
R100261,2026-06-03 07:26:00,2026-06-03 07:37:01,Georgia State University,Midtown MARTA,member,11.016666666666667,7,2
R100596,2026-06-07 15:43:00,2026-06-07 16:19:27,Centennial Olympic Park,Georgia State University,casual,36.45,15,6
R105393,2026-07-24 17:09:00,2026-07-24 17:23:00,Midtown MARTA,Centennial Olympic Park,member,14.0,17,4
R101321,2026-06-13 15:45:00,2026-06-13 16:23:52,Piedmont Park,Atlantic Station,casual,38.86666666666667,15,5
R101165,2026-06-12 18:43:00,2026-06-12 18:50:46,Ponce City Market,Midtown MARTA,member,7.766666666666667,18,4
R101547,2026-06-16 07:42:00,2026-06-16 07:49:53,Ponce City Market,Midtown MARTA,member,7.883333333333334,7,1
R103359,2026-07-04 15:38:00,2026-07-04 15:48:21,Centennial Olympic Park,Ponce City Market,member,10.35,15,5
R105430,2026-07-25 08:42:00,2026-07-25 08:48:23,Ponce City Market,Midtown MARTA,unknown,6.383333333333334,8,5
R102146,2026-06-22 19:27:00,2026-06-22 19:40:47,Centennial Olympic Park,Ponce City Market,casual,13.783333333333333,19,0
R105597,2026-07-26 11:58:00,2026-07-26 12:19:04,Centennial Olympic Park,Little Five Points,casual,21.066666666666666,11,6
R103022,2026-07-01 16:12:00,2026-07-01 16:22:52,Midtown MARTA,Ponce City Market,member,10.866666666666667,16,2
R103193,2026-07-02 13:03:00,2026-07-02 13:27:00,Midtown MARTA,Georgia State University,casual,24.0,13,3
R103898,2026-07-10 04:54:00,2026-07-10 05:04:31,Georgia State University,Atlantic Station,member,10.516666666666667,4,4
R105564,2026-07-26 16:28:00,2026-07-26 16:29:00,Midtown MARTA,Georgia State University,member,1.0,16,6
R101154,2026-06-12 17:02:00,2026-06-12 17:12:00,Midtown MARTA,Georgia State University,member,10.0,17,4
R105491,2026-07-26 03:45:00,2026-07-26 03:56:56,Centennial Olympic Park,Krog Street Market,member,11.933333333333334,3,6
R103569,2026-07-07 19:07:00,2026-07-07 19:28:08,Georgia State University,Midtown MARTA,casual,21.133333333333333,19,1
R103061,2026-07-01 20:33:00,2026-07-01 20:48:35,Ponce City Market,Midtown MARTA,member,15.583333333333334,20,2
R101875,2026-06-19 08:00:00,2026-06-19 08:14:31,Ponce City Market,Little Five Points,member,14.516666666666667,8,4
R105232,2026-07-22 07:55:00,2026-07-22 08:03:50,Krog Street Market,Centennial Olympic Park,member,8.833333333333334,7,2
R100153,2026-06-02 18:28:00,2026-06-02 18:34:51,Midtown MARTA,Centennial Olympic Park,member,6.85,18,1
R101357,2026-06-14 15:42:00,2026-06-14 16:19:16,Atlantic Station,Centennial Olympic Park,casual,37.266666666666666,15,6
R103644,2026-07-07 07:29:00,2026-07-07 07:48:41,Atlantic Station,Ponce City Market,casual,19.683333333333334,7,1
R100070,2026-06-01 08:31:00,2026-06-01 08:46:23,Centennial Olympic Park,Midtown MARTA,member,15.383333333333333,8,0
R103462,2026-07-05 11:32:00,2026-07-05 11:41:08,Midtown MARTA,Krog Street Market,member,9.133333333333333,11,6
R105981,2026-07-30 18:16:00,2026-07-30 18:34:25,Krog Street Market,Georgia State University,member,18.416666666666668,18,3
R100706,2026-06-08 21:28:00,2026-06-08 21:51:50,Midtown MARTA,Centennial Olympic Park,casual,23.833333333333332,21,0
R104962,2026-07-20 08:57:00,2026-07-20 09:06:26,Midtown MARTA,Ponce City Market,member,9.433333333333334,8,0
R105312,2026-07-23 17:08:00,2026-07-23 17:24:00,Ponce City Market,Atlantic Station,member,16.0,17,3
R100171,2026-06-02 08:58:00,2026-06-02 09:17:00,Georgia State University,Ponce City Market,member,19.0,8,1
R100285,2026-06-03 00:36:00,2026-06-03 00:55:16,Ponce City Market,Midtown MARTA,unknown,19.266666666666666,0,2
R101652,2026-06-17 17:02:00,2026-06-17 17:12:38,Piedmont Park,Ponce City Market,member,10.633333333333333,17,2
R102664,2026-06-27 20:19:00,2026-06-27 20:35:00,Piedmont Park,Atlantic Station,casual,16.0,20,5
R102711,2026-06-27 22:54:00,2026-06-27 23:22:00,Atlantic Station,Midtown MARTA,casual,28.0,22,5
R102649,2026-06-26 17:22:00,2026-06-26 17:33:00,Atlantic Station,Midtown MARTA,member,11.0,17,4
R104542,2026-07-16 13:52:00,2026-07-16 14:34:48,Little Five Points,Ponce City Market,casual,42.8,13,3
R104144,2026-07-12 06:23:00,2026-07-12 06:51:05,Piedmont Park,Georgia State University,casual,28.083333333333332,6,6
R102566,2026-06-25 18:46:00,2026-06-25 18:51:03,Georgia State University,Ponce City Market,member,5.05,18,3
R101101,2026-06-11 12:24:00,2026-06-11 12:38:15,Piedmont Park,Atlantic Station,member,14.25,12,3
R100058,2026-06-01 08:22:00,2026-06-01 08:41:00,West End,Centennial Olympic Park,casual,19.0,8,0
R105545,2026-07-26 18:47:00,2026-07-26 19:02:47,Ponce City Market,Midtown MARTA,member,15.783333333333333,18,6
R100458,2026-06-05 18:27:00,2026-06-05 18:40:23,Midtown MARTA,Piedmont Park,member,13.383333333333333,18,4
R105703,2026-07-27 12:43:00,2026-07-27 12:56:42,Centennial Olympic Park,Ponce City Market,member,13.7,12,0
R104041,2026-07-11 22:06:00,2026-07-11 22:19:00,Ponce City Market,Centennial Olympic Park,member,13.0,22,5
R105517,2026-07-26 13:12:00,2026-07-26 13:26:59,Krog Street Market,Atlantic Station,member,14.983333333333333,13,6
R101272,2026-06-13 13:59:00,2026-06-13 14:06:45,Ponce City Market,Midtown MARTA,member,7.75,13,5
R102858,2026-06-29 07:14:00,2026-06-29 07:24:28,Piedmont Park,West End,member,10.466666666666667,7,0
R104211,2026-07-13 08:51:00,2026-07-13 09:05:00,Midtown MARTA,Georgia State University,member,14.0,8,0
R104195,2026-07-13 18:37:00,2026-07-13 18:53:23,Midtown MARTA,Georgia State University,member,16.383333333333333,18,0
R104353,2026-07-14 17:00:00,2026-07-14 17:25:35,Atlantic Station,Midtown MARTA,casual,25.583333333333332,17,1
R104979,2026-07-20 20:52:00,2026-07-20 21:03:00,Midtown MARTA,Centennial Olympic Park,member,11.0,20,0
R101895,2026-06-19 15:25:00,2026-06-19 15:33:36,Midtown MARTA,Ponce City Market,member,8.6,15,4
R103177,2026-07-02 06:16:00,2026-07-02 06:29:53,Atlantic Station,Midtown MARTA,member,13.883333333333333,6,3
R101684,2026-06-17 20:25:00,2026-06-17 20:52:00,Centennial Olympic Park,Midtown MARTA,casual,27.0,20,2
R102980,2026-06-30 08:44:00,2026-06-30 08:52:29,Midtown MARTA,Georgia State University,member,8.483333333333333,8,1
R100832,2026-06-09 08:01:00,2026-06-09 08:37:49,Atlantic Station,Georgia State University,casual,36.81666666666667,8,1
R102755,2026-06-28 04:45:00,2026-06-28 04:58:00,Piedmont Park,Atlantic Station,member,13.0,4,6
R102420,2026-06-24 20:27:00,2026-06-24 20:56:50,Piedmont Park,Ponce City Market,casual,29.833333333333332,20,2
R101397,2026-06-14 09:19:00,2026-06-14 09:30:28,Atlantic Station,Midtown MARTA,member,11.466666666666667,9,6
R100641,2026-06-07 11:46:00,2026-06-07 11:58:00,Little Five Points,Centennial Olympic Park,member,12.0,11,6
R102135,2026-06-22 19:03:00,2026-06-22 19:20:00,Midtown MARTA,Georgia State University,member,17.0,19,0
R105751,2026-07-28 19:23:00,2026-07-28 19:26:53,Centennial Olympic Park,Piedmont Park,member,3.8833333333333333,19,1
R105820,2026-07-29 18:36:00,2026-07-29 18:50:00,Midtown MARTA,Georgia State University,member,14.0,18,2
R102415,2026-06-24 08:41:00,2026-06-24 08:52:00,Atlantic Station,Georgia State University,member,11.0,8,2
R100538,2026-06-06 17:06:00,2026-06-06 17:16:34,Ponce City Market,Centennial Olympic Park,member,10.566666666666666,17,5
R102122,2026-06-22 06:33:00,2026-06-22 06:46:57,Georgia State University,Ponce City Market,member,13.95,6,0
R102900,2026-06-29 16:38:00,2026-06-29 16:53:05,Atlantic Station,Midtown MARTA,member,15.083333333333334,16,0
R100762,2026-06-08 08:33:00,2026-06-08 08:51:00,Krog Street Market,Grant Park,member,18.0,8,0
R105568,2026-07-26 12:54:00,2026-07-26 13:05:00,Krog Street Market,Midtown MARTA,member,11.0,12,6
R101641,2026-06-17 17:49:00,2026-06-17 17:59:44,Piedmont Park,Ponce City Market,member,10.733333333333333,17,2
R104765,2026-07-18 13:06:00,2026-07-18 13:35:01,Centennial Olympic Park,Ponce City Market,casual,29.016666666666666,13,5
R101003,2026-06-10 06:53:00,2026-06-10 07:00:33,Midtown MARTA,Atlantic Station,member,7.55,6,2
R101657,2026-06-17 17:01:00,2026-06-17 17:12:38,Centennial Olympic Park,Georgia State University,member,11.633333333333333,17,2
R105017,2026-07-20 06:43:00,2026-07-20 06:49:41,Ponce City Market,West End,member,6.683333333333334,6,0
R100620,2026-06-07 09:11:00,2026-06-07 09:53:00,Midtown MARTA,Ponce City Market,casual,42.0,9,6
R102140,2026-06-22 17:22:00,2026-06-22 17:37:26,Centennial Olympic Park,Georgia State University,member,15.433333333333334,17,0
R104366,2026-07-14 20:57:00,2026-07-14 21:10:34,Midtown MARTA,Centennial Olympic Park,casual,13.566666666666666,20,1
R105464,2026-07-25 19:26:00,2026-07-25 19:28:17,Georgia State University,Ponce City Market,member,2.283333333333333,19,5
R104878,2026-07-19 15:22:00,2026-07-19 15:23:00,Centennial Olympic Park,Georgia State University,casual,1.0,15,6
R105313,2026-07-23 18:08:00,2026-07-23 18:12:24,Georgia State University,Ponce City Market,member,4.4,18,3
R101939,2026-06-20 07:28:00,2026-06-20 07:29:00,Midtown MARTA,Atlantic Station,member,1.0,7,5
R101892,2026-06-19 17:51:00,2026-06-19 18:00:55,Midtown MARTA,Ponce City Market,casual,9.916666666666666,17,4
R100507,2026-06-05 08:56:00,2026-06-05 09:10:32,Ponce City Market,Centennial Olympic Park,member,14.533333333333333,8,4
R100785,2026-06-08 07:39:00,2026-06-08 07:57:33,Centennial Olympic Park,Midtown MARTA,member,18.55,7,0
R101414,2026-06-14 14:51:00,2026-06-14 14:57:00,Georgia State University,Piedmont Park,casual,6.0,14,6
R104450,2026-07-15 20:14:00,2026-07-15 20:30:00,Ponce City Market,Georgia State University,member,16.0,20,2
R100281,2026-06-03 16:59:00,2026-06-03 17:22:37,Midtown MARTA,Ponce City Market,casual,23.616666666666667,16,2
R105513,2026-07-26 09:49:00,2026-07-26 10:05:58,Ponce City Market,Midtown MARTA,member,16.966666666666665,9,6
R100775,2026-06-08 17:07:00,2026-06-08 17:34:03,Atlantic Station,Ponce City Market,casual,27.05,17,0
R105037,2026-07-21 07:51:00,2026-07-21 07:59:21,Georgia State University,Midtown MARTA,member,8.35,7,1
R102906,2026-06-29 19:48:00,2026-06-29 20:00:00,Piedmont Park,Midtown MARTA,member,12.0,19,0
R103854,2026-07-09 07:27:00,2026-07-09 07:43:18,Atlantic Station,Midtown MARTA,casual,16.3,7,3
R101799,2026-06-18 06:42:00,2026-06-18 06:59:00,Ponce City Market,Midtown MARTA,member,17.0,6,3
R100225,2026-06-03 23:31:00,2026-06-03 23:37:00,Piedmont Park,West End,member,6.0,23,2
R103608,2026-07-07 09:02:00,2026-07-07 09:19:55,Georgia State University,Atlantic Station,member,17.916666666666668,9,1
R102340,2026-06-24 08:37:00,2026-06-24 08:48:00,Midtown MARTA,Centennial Olympic Park,member,11.0,8,2
R105907,2026-07-30 09:38:00,2026-07-30 09:58:12,Centennial Olympic Park,Ponce City Market,member,20.2,9,3
R102187,2026-06-22 09:50:00,2026-06-22 10:08:29,Ponce City Market,Midtown MARTA,casual,18.483333333333334,9,0
R101792,2026-06-18 21:25:00,2026-06-18 21:40:00,Georgia State University,Midtown MARTA,member,15.0,21,3
R101482,2026-06-15 08:02:00,2026-06-15 08:14:27,Georgia State University,Atlantic Station,member,12.45,8,0
R101914,2026-06-19 18:06:00,2026-06-19 18:23:31,Midtown MARTA,Ponce City Market,casual,17.516666666666666,18,4
R105476,2026-07-25 16:54:00,2026-07-25 17:00:20,Midtown MARTA,Ponce City Market,member,6.333333333333333,16,5
R101899,2026-06-19 18:48:00,2026-06-19 19:02:16,Ponce City Market,Midtown MARTA,member,14.266666666666667,18,4
R101317,2026-06-13 12:22:00,2026-06-13 12:46:01,Ponce City Market,Georgia State University,casual,24.016666666666666,12,5
R104688,2026-07-17 08:02:00,2026-07-17 08:21:09,Centennial Olympic Park,Krog Street Market,member,19.15,8,4
R100966,2026-06-10 05:34:00,2026-06-10 05:48:55,Ponce City Market,Centennial Olympic Park,member,14.916666666666666,5,2
R100513,2026-06-05 08:35:00,2026-06-05 08:51:29,Atlantic Station,Georgia State University,member,16.483333333333334,8,4
R105032,2026-07-21 00:43:00,2026-07-21 00:49:00,Ponce City Market,Midtown MARTA,member,6.0,0,1
R102939,2026-06-29 08:50:00,2026-06-29 09:03:00,Centennial Olympic Park,Midtown MARTA,member,13.0,8,0
R102492,2026-06-25 08:46:00,2026-06-25 08:54:00,Georgia State University,Ponce City Market,member,8.0,8,3
R102934,2026-06-29 18:43:00,2026-06-29 18:46:41,Midtown MARTA,Georgia State University,member,3.683333333333333,18,0
R103281,2026-07-03 12:30:00,2026-07-03 12:41:39,Ponce City Market,Centennial Olympic Park,member,11.65,12,4
R101519,2026-06-15 11:08:00,2026-06-15 11:29:04,Ponce City Market,Little Five Points,casual,21.066666666666666,11,0
R105924,2026-07-30 08:32:00,2026-07-30 08:51:11,Midtown MARTA,Ponce City Market,casual,19.183333333333334,8,3
R102851,2026-06-28 11:33:00,2026-06-28 11:41:32,Krog Street Market,Georgia State University,member,8.533333333333333,11,6
R100559,2026-06-06 12:05:00,2026-06-06 12:19:34,Grant Park,West End,member,14.566666666666666,12,5
R105764,2026-07-28 15:15:00,2026-07-28 15:26:44,Midtown MARTA,Krog Street Market,member,11.733333333333333,15,1
R103270,2026-07-03 07:20:00,2026-07-03 07:39:00,Piedmont Park,Midtown MARTA,casual,19.0,7,4
R102328,2026-06-24 21:49:00,2026-06-24 21:53:23,West End,Georgia State University,member,4.383333333333334,21,2
R103883,2026-07-09 09:22:00,2026-07-09 09:34:59,Ponce City Market,Georgia State University,member,12.983333333333333,9,3
R102252,2026-06-23 09:15:00,2026-06-23 09:35:50,Ponce City Market,Georgia State University,member,20.833333333333332,9,1
R100886,2026-06-09 12:12:00,2026-06-09 12:22:56,Georgia State University,Ponce City Market,unknown,10.933333333333334,12,1
R102112,2026-06-21 16:37:00,2026-06-21 16:47:45,Piedmont Park,Midtown MARTA,member,10.75,16,6
R102726,2026-06-27 07:13:00,2026-06-27 07:21:00,Krog Street Market,Centennial Olympic Park,member,8.0,7,5
R101126,2026-06-11 13:21:00,2026-06-11 13:29:00,Midtown MARTA,Centennial Olympic Park,member,8.0,13,3
R103086,2026-07-01 09:16:00,2026-07-01 09:23:38,Midtown MARTA,Centennial Olympic Park,member,7.633333333333334,9,2
R101715,2026-06-17 07:50:00,2026-06-17 08:22:49,Centennial Olympic Park,Ponce City Market,casual,32.81666666666667,7,2
R103724,2026-07-08 09:12:00,2026-07-08 09:28:00,Centennial Olympic Park,Atlantic Station,member,16.0,9,2
R100603,2026-06-07 19:10:00,2026-06-07 19:32:00,Centennial Olympic Park,Georgia State University,member,22.0,19,6
R104021,2026-07-11 13:33:00,2026-07-11 13:57:00,Georgia State University,Unknown,casual,24.0,13,5
R104909,2026-07-19 14:53:00,2026-07-19 14:59:36,Georgia State University,Midtown MARTA,member,6.6,14,6
R101227,2026-06-12 18:09:00,2026-06-12 18:20:00,Georgia State University,Piedmont Park,member,11.0,18,4
R101166,2026-06-12 20:53:00,2026-06-12 21:09:00,Midtown MARTA,Centennial Olympic Park,member,16.0,20,4
R103971,2026-07-10 12:31:00,2026-07-10 12:41:28,Midtown MARTA,Ponce City Market,member,10.466666666666667,12,4
R100726,2026-06-08 12:35:00,2026-06-08 12:48:04,Georgia State University,Centennial Olympic Park,member,13.066666666666666,12,0
R102176,2026-06-22 09:41:00,2026-06-22 10:01:31,Midtown MARTA,Ponce City Market,casual,20.516666666666666,9,0
R103851,2026-07-09 16:52:00,2026-07-09 17:03:00,Ponce City Market,Midtown MARTA,member,11.0,16,3
R105672,2026-07-27 22:06:00,2026-07-27 22:14:00,Ponce City Market,Atlantic Station,member,8.0,22,0
R101502,2026-06-15 07:28:00,2026-06-15 07:36:37,Midtown MARTA,Georgia State University,member,8.616666666666667,7,0
R104841,2026-07-19 13:12:00,2026-07-19 13:21:38,Ponce City Market,Centennial Olympic Park,member,9.633333333333333,13,6
R103718,2026-07-08 19:29:00,2026-07-08 19:30:00,Ponce City Market,Midtown MARTA,unknown,1.0,19,2
R104749,2026-07-18 10:45:00,2026-07-18 10:59:27,Ponce City Market,Midtown MARTA,member,14.45,10,5
R103309,2026-07-04 08:35:00,2026-07-04 08:44:23,Midtown MARTA,Centennial Olympic Park,member,9.383333333333333,8,5
R102374,2026-06-24 14:32:00,2026-06-24 14:49:21,Little Five Points,Georgia State University,member,17.35,14,2
R100243,2026-06-03 18:18:00,2026-06-03 18:38:00,Midtown MARTA,Atlantic Station,member,20.0,18,2
R102338,2026-06-24 09:58:00,2026-06-24 10:05:43,Ponce City Market,Atlantic Station,member,7.716666666666667,9,2
R103991,2026-07-10 12:57:00,2026-07-10 13:10:55,Ponce City Market,Atlantic Station,member,13.916666666666666,12,4
R104302,2026-07-14 19:55:00,2026-07-14 20:03:00,Midtown MARTA,Ponce City Market,casual,8.0,19,1
R104890,2026-07-19 16:31:00,2026-07-19 16:48:52,Atlantic Station,Ponce City Market,casual,17.866666666666667,16,6
R102663,2026-06-27 21:03:00,2026-06-27 21:48:49,Ponce City Market,Atlantic Station,casual,45.81666666666667,21,5
R104466,2026-07-16 18:05:00,2026-07-16 18:18:00,Georgia State University,Ponce City Market,member,13.0,18,3
R104247,2026-07-13 18:08:00,2026-07-13 18:12:42,Ponce City Market,Little Five Points,member,4.7,18,0
R102661,2026-06-27 11:14:00,2026-06-27 11:17:41,Ponce City Market,Midtown MARTA,casual,3.683333333333333,11,5
R100930,2026-06-10 18:57:00,2026-06-10 19:05:00,Ponce City Market,Centennial Olympic Park,member,8.0,18,2
R101650,2026-06-17 10:03:00,2026-06-17 10:13:01,Midtown MARTA,Atlantic Station,member,10.016666666666667,10,2
R100657,2026-06-07 07:32:00,2026-06-07 07:56:24,Centennial Olympic Park,Midtown MARTA,casual,24.4,7,6
R104673,2026-07-17 09:07:00,2026-07-17 09:14:33,Piedmont Park,Centennial Olympic Park,member,7.55,9,4
R103603,2026-07-07 17:40:00,2026-07-07 17:50:36,Midtown MARTA,Georgia State University,member,10.6,17,1
R105431,2026-07-25 01:28:00,2026-07-25 01:43:24,Centennial Olympic Park,Krog Street Market,casual,15.4,1,5
R102342,2026-06-24 08:23:00,2026-06-24 08:28:00,Atlantic Station,Ponce City Market,member,5.0,8,2
R104977,2026-07-20 09:37:00,2026-07-20 09:50:27,Ponce City Market,Midtown MARTA,member,13.45,9,0
R101881,2026-06-19 16:44:00,2026-06-19 17:14:31,Centennial Olympic Park,Ponce City Market,casual,30.516666666666666,16,4
R105468,2026-07-25 13:37:00,2026-07-25 14:13:21,Ponce City Market,Midtown MARTA,casual,36.35,13,5
R101566,2026-06-16 06:40:00,2026-06-16 06:48:00,Midtown MARTA,Centennial Olympic Park,member,8.0,6,1
R104388,2026-07-15 19:37:00,2026-07-15 19:47:00,Little Five Points,Ponce City Market,member,10.0,19,2
R102253,2026-06-23 05:00:00,2026-06-23 05:05:37,Georgia State University,Grant Park,member,5.616666666666666,5,1
R103580,2026-07-07 16:56:00,2026-07-07 17:08:00,Ponce City Market,Georgia State University,member,12.0,16,1
R100617,2026-06-07 11:25:00,2026-06-07 11:55:52,Ponce City Market,Piedmont Park,casual,30.866666666666667,11,6
R102788,2026-06-28 14:01:00,2026-06-28 14:29:00,Georgia State University,Atlantic Station,casual,28.0,14,6
R105878,2026-07-29 20:06:00,2026-07-29 20:16:00,Atlantic Station,Georgia State University,member,10.0,20,2
R101205,2026-06-12 11:14:00,2026-06-12 11:26:56,Midtown MARTA,Georgia State University,member,12.933333333333334,11,4
R101680,2026-06-17 09:30:00,2026-06-17 09:40:03,Ponce City Market,Georgia State University,member,10.05,9,2
R100192,2026-06-02 10:57:00,2026-06-02 11:09:47,Ponce City Market,Georgia State University,member,12.783333333333333,10,1
R101237,2026-06-12 11:40:00,2026-06-12 11:54:29,Georgia State University,Atlantic Station,member,14.483333333333333,11,4
R105324,2026-07-24 08:15:00,2026-07-24 08:55:06,Little Five Points,Georgia State University,casual,40.1,8,4
R103717,2026-07-08 17:11:00,2026-07-08 17:30:00,Ponce City Market,Georgia State University,casual,19.0,17,2
R100983,2026-06-10 16:13:00,2026-06-10 16:24:00,Ponce City Market,Midtown MARTA,member,11.0,16,2
R103213,2026-07-03 07:11:00,2026-07-03 07:18:41,Ponce City Market,Midtown MARTA,member,7.683333333333334,7,4
R103108,2026-07-02 09:57:00,2026-07-02 10:09:55,Georgia State University,Little Five Points,member,12.916666666666666,9,3
R102006,2026-06-20 09:52:00,2026-06-20 10:30:57,Midtown MARTA,Centennial Olympic Park,casual,38.95,9,5
R102267,2026-06-23 13:15:00,2026-06-23 13:24:09,Georgia State University,Midtown MARTA,member,9.15,13,1
R101448,2026-06-15 00:35:00,2026-06-15 00:43:00,Atlantic Station,Centennial Olympic Park,member,8.0,0,0
R105306,2026-07-23 05:29:00,2026-07-23 05:36:00,Midtown MARTA,Ponce City Market,member,7.0,5,3
R100523,2026-06-06 16:17:00,2026-06-06 16:45:00,Midtown MARTA,Ponce City Market,casual,28.0,16,5
R100969,2026-06-10 20:30:00,2026-06-10 20:42:00,Ponce City Market,Atlantic Station,member,12.0,20,2
R105036,2026-07-21 21:19:00,2026-07-21 21:28:00,Ponce City Market,Atlantic Station,member,9.0,21,1
R103043,2026-07-01 16:40:00,2026-07-01 16:46:28,Ponce City Market,Piedmont Park,member,6.466666666666667,16,2
R102422,2026-06-24 18:49:00,2026-06-24 19:02:23,Georgia State University,Ponce City Market,member,13.383333333333333,18,2
R100449,2026-06-05 08:14:00,2026-06-05 08:22:58,Piedmont Park,Midtown MARTA,member,8.966666666666667,8,4
R103535,2026-07-06 11:05:00,2026-07-06 11:15:46,Georgia State University,Midtown MARTA,member,10.766666666666667,11,0
R104223,2026-07-13 12:37:00,2026-07-13 13:01:35,Ponce City Market,Midtown MARTA,casual,24.583333333333332,12,0
R100003,2026-06-01 11:40:00,2026-06-01 12:16:37,Midtown MARTA,Georgia State University,casual,36.61666666666667,11,0
R102570,2026-06-25 14:02:00,2026-06-25 14:32:00,Krog Street Market,Ponce City Market,casual,30.0,14,3
R104818,2026-07-19 15:12:00,2026-07-19 15:38:00,Midtown MARTA,Unknown,casual,26.0,15,6
R103157,2026-07-02 09:57:00,2026-07-02 10:23:34,Ponce City Market,West End,casual,26.566666666666666,9,3
R102722,2026-06-27 12:55:00,2026-06-27 13:10:04,Little Five Points,Midtown MARTA,member,15.066666666666666,12,5
R101586,2026-06-16 17:41:00,2026-06-16 17:53:00,Atlantic Station,Ponce City Market,casual,12.0,17,1
R102048,2026-06-21 19:02:00,2026-06-21 19:25:40,Georgia State University,Midtown MARTA,casual,23.666666666666668,19,6
R104390,2026-07-15 05:28:00,2026-07-15 05:56:00,Piedmont Park,Centennial Olympic Park,casual,28.0,5,2
R103287,2026-07-04 14:42:00,2026-07-04 15:10:17,Midtown MARTA,Ponce City Market,casual,28.283333333333335,14,5
R102834,2026-06-28 15:11:00,2026-06-28 15:36:54,Atlantic Station,Piedmont Park,casual,25.9,15,6
R100855,2026-06-09 19:52:00,2026-06-09 20:04:45,Centennial Olympic Park,Little Five Points,member,12.75,19,1
R100879,2026-06-09 07:27:00,2026-06-09 07:29:08,Centennial Olympic Park,Ponce City Market,casual,2.1333333333333333,7,1
R101802,2026-06-18 16:30:00,2026-06-18 16:38:00,Georgia State University,Centennial Olympic Park,member,8.0,16,3
R104470,2026-07-16 10:29:00,2026-07-16 10:36:00,Ponce City Market,Georgia State University,member,7.0,10,3
R101822,2026-06-19 17:10:00,2026-06-19 17:19:44,Atlantic Station,West End,member,9.733333333333333,17,4
R104925,2026-07-20 21:50:00,2026-07-20 21:59:00,Centennial Olympic Park,Ponce City Market,member,9.0,21,0
R100915,2026-06-10 15:11:00,2026-06-10 15:21:44,Midtown MARTA,Piedmont Park,member,10.733333333333333,15,2
R100248,2026-06-03 02:37:00,2026-06-03 02:41:24,Georgia State University,Atlantic Station,member,4.4,2,2
R103065,2026-07-01 07:34:00,2026-07-01 07:47:00,Midtown MARTA,West End,casual,13.0,7,2
R101554,2026-06-16 23:03:00,2026-06-16 23:15:56,Midtown MARTA,Georgia State University,member,12.933333333333334,23,1
R100138,2026-06-02 12:25:00,2026-06-02 12:35:15,Midtown MARTA,Ponce City Market,member,10.25,12,1
R101287,2026-06-13 08:29:00,2026-06-13 08:32:16,Midtown MARTA,Atlantic Station,member,3.2666666666666666,8,5
R100256,2026-06-03 18:49:00,2026-06-03 18:59:33,Piedmont Park,Centennial Olympic Park,member,10.55,18,2
R105027,2026-07-20 10:42:00,2026-07-20 10:51:00,Georgia State University,Piedmont Park,member,9.0,10,0
R105321,2026-07-24 19:47:00,2026-07-24 20:06:18,Centennial Olympic Park,Piedmont Park,casual,19.3,19,4
R102484,2026-06-25 07:23:00,2026-06-25 07:57:15,Midtown MARTA,Grant Park,unknown,34.25,7,3
R102682,2026-06-27 17:48:00,2026-06-27 18:16:12,Krog Street Market,Midtown MARTA,casual,28.2,17,5
R103308,2026-07-04 14:07:00,2026-07-04 14:38:31,Midtown MARTA,Atlantic Station,casual,31.516666666666666,14,5
R105867,2026-07-29 20:09:00,2026-07-29 20:22:31,Ponce City Market,Midtown MARTA,member,13.516666666666667,20,2
R103655,2026-07-08 17:19:00,2026-07-08 17:30:53,Centennial Olympic Park,Georgia State University,member,11.883333333333333,17,2
R104032,2026-07-11 20:43:00,2026-07-11 20:53:56,Ponce City Market,Midtown MARTA,casual,10.933333333333334,20,5
R104093,2026-07-12 16:44:00,2026-07-12 17:03:39,Georgia State University,Midtown MARTA,casual,19.65,16,6
R105697,2026-07-27 08:28:00,2026-07-27 08:32:00,Centennial Olympic Park,Midtown MARTA,member,4.0,8,0
R101062,2026-06-11 19:07:00,2026-06-11 19:20:00,Piedmont Park,Midtown MARTA,member,13.0,19,3
R103634,2026-07-07 13:16:00,2026-07-07 13:19:17,Ponce City Market,Atlantic Station,member,3.283333333333333,13,1
R103371,2026-07-04 08:17:00,2026-07-04 08:40:00,Centennial Olympic Park,Atlantic Station,casual,23.0,8,5
R101772,2026-06-18 16:35:00,2026-06-18 16:44:42,Centennial Olympic Park,Georgia State University,member,9.7,16,3
R101373,2026-06-14 20:30:00,2026-06-14 20:38:31,Georgia State University,Piedmont Park,casual,8.516666666666667,20,6
R102759,2026-06-28 10:35:00,2026-06-28 10:43:42,Ponce City Market,Centennial Olympic Park,casual,8.7,10,6
R105123,2026-07-21 12:38:00,2026-07-21 12:50:00,Midtown MARTA,Georgia State University,member,12.0,12,1
R102652,2026-06-26 08:11:00,2026-06-26 08:25:10,Georgia State University,Ponce City Market,member,14.166666666666666,8,4
R103328,2026-07-04 21:53:00,2026-07-04 22:33:02,Georgia State University,Piedmont Park,casual,40.03333333333333,21,5
R103408,2026-07-05 14:05:00,2026-07-05 14:21:00,Atlantic Station,Centennial Olympic Park,casual,16.0,14,6
R102219,2026-06-22 16:34:00,2026-06-22 16:55:00,Ponce City Market,Midtown MARTA,casual,21.0,16,0
R100140,2026-06-02 18:18:00,2026-06-02 18:26:00,Midtown MARTA,West End,member,8.0,18,1
R104633,2026-07-17 17:44:00,2026-07-17 17:53:59,Ponce City Market,Grant Park,member,9.983333333333333,17,4
R104833,2026-07-19 13:50:00,2026-07-19 14:02:00,Georgia State University,Midtown MARTA,member,12.0,13,6
R100583,2026-06-06 08:00:00,2026-06-06 08:35:25,Krog Street Market,Ponce City Market,casual,35.416666666666664,8,5
R105070,2026-07-21 17:52:00,2026-07-21 18:12:43,Ponce City Market,Midtown MARTA,casual,20.716666666666665,17,1
R104132,2026-07-12 12:33:00,2026-07-12 12:39:43,Atlantic Station,Ponce City Market,member,6.716666666666667,12,6
R100571,2026-06-06 20:03:00,2026-06-06 20:31:31,Atlantic Station,Ponce City Market,casual,28.516666666666666,20,5
R102622,2026-06-26 17:31:00,2026-06-26 17:38:20,Piedmont Park,Centennial Olympic Park,member,7.333333333333333,17,4
R103806,2026-07-09 04:47:00,2026-07-09 04:55:28,Midtown MARTA,Georgia State University,member,8.466666666666667,4,3
R101717,2026-06-17 08:39:00,2026-06-17 08:55:15,Ponce City Market,Georgia State University,casual,16.25,8,2
R103945,2026-07-10 06:29:00,2026-07-10 06:32:05,Midtown MARTA,Ponce City Market,member,3.0833333333333335,6,4
R103410,2026-07-05 06:54:00,2026-07-05 07:28:00,West End,Midtown MARTA,casual,34.0,6,6
R101265,2026-06-13 17:02:00,2026-06-13 17:22:00,Piedmont Park,Atlantic Station,casual,20.0,17,5
R102421,2026-06-24 19:42:00,2026-06-24 19:46:51,Krog Street Market,Georgia State University,member,4.85,19,2
R100647,2026-06-07 16:46:00,2026-06-07 16:47:00,Midtown MARTA,Atlantic Station,member,1.0,16,6
R101858,2026-06-19 16:31:00,2026-06-19 17:07:00,Ponce City Market,Midtown MARTA,casual,36.0,16,4
R102375,2026-06-24 09:08:00,2026-06-24 09:11:00,Centennial Olympic Park,Little Five Points,member,3.0,9,2
R104781,2026-07-18 15:56:00,2026-07-18 16:23:59,Georgia State University,Midtown MARTA,casual,27.983333333333334,15,5
R105281,2026-07-23 17:16:00,2026-07-23 17:19:00,Midtown MARTA,Georgia State University,member,3.0,17,3
R103755,2026-07-08 06:31:00,2026-07-08 06:45:36,Midtown MARTA,Ponce City Market,member,14.6,6,2
R104967,2026-07-20 05:35:00,2026-07-20 05:48:02,Ponce City Market,Georgia State University,member,13.033333333333333,5,0
R104821,2026-07-19 21:39:00,2026-07-19 21:51:47,Centennial Olympic Park,Midtown MARTA,member,12.783333333333333,21,6
R102000,2026-06-20 12:15:00,2026-06-20 12:36:08,Centennial Olympic Park,Ponce City Market,casual,21.133333333333333,12,5
R101303,2026-06-13 11:13:00,2026-06-13 11:16:54,Midtown MARTA,Atlantic Station,member,3.9,11,5
R100265,2026-06-03 07:49:00,2026-06-03 08:24:00,Midtown MARTA,Grant Park,casual,35.0,7,2
R104187,2026-07-13 08:34:00,2026-07-13 08:44:22,Atlantic Station,Krog Street Market,member,10.366666666666667,8,0
R104191,2026-07-13 21:12:00,2026-07-13 21:29:00,Ponce City Market,West End,member,17.0,21,0
R100893,2026-06-09 16:41:00,2026-06-09 17:05:00,Georgia State University,Ponce City Market,casual,24.0,16,1
R103400,2026-07-05 13:01:00,2026-07-05 13:03:25,Midtown MARTA,Ponce City Market,member,2.4166666666666665,13,6
R100493,2026-06-05 15:44:00,2026-06-05 15:58:47,Midtown MARTA,Georgia State University,member,14.783333333333333,15,4
R104257,2026-07-14 17:23:00,2026-07-14 17:33:39,Ponce City Market,Atlantic Station,member,10.65,17,1
R104928,2026-07-20 13:32:00,2026-07-20 13:40:35,Ponce City Market,Midtown MARTA,member,8.583333333333334,13,0
R102129,2026-06-22 18:08:00,2026-06-22 18:28:44,Little Five Points,Ponce City Market,casual,20.733333333333334,18,0
R104656,2026-07-17 08:42:00,2026-07-17 09:00:32,West End,Little Five Points,casual,18.533333333333335,8,4
R102462,2026-06-25 08:28:00,2026-06-25 08:33:09,Midtown MARTA,West End,member,5.15,8,3
R103523,2026-07-06 11:57:00,2026-07-06 12:02:51,Midtown MARTA,Piedmont Park,member,5.85,11,0
R104031,2026-07-11 08:33:00,2026-07-11 08:44:34,Ponce City Market,Midtown MARTA,casual,11.566666666666666,8,5
R100825,2026-06-09 05:49:00,2026-06-09 05:56:30,Little Five Points,Centennial Olympic Park,member,7.5,5,1
R100630,2026-06-07 00:55:00,2026-06-07 01:25:18,Ponce City Market,Georgia State University,casual,30.3,0,6
R100643,2026-06-07 15:19:00,2026-06-07 15:34:57,Georgia State University,Midtown MARTA,member,15.95,15,6
R103307,2026-07-04 09:14:00,2026-07-04 09:29:00,Little Five Points,Centennial Olympic Park,member,15.0,9,5
R103136,2026-07-02 20:45:00,2026-07-02 20:56:00,Midtown MARTA,Ponce City Market,member,11.0,20,3
R103463,2026-07-05 16:19:00,2026-07-05 16:33:37,Piedmont Park,Ponce City Market,member,14.616666666666667,16,6
R105701,2026-07-27 13:41:00,2026-07-27 13:54:21,Ponce City Market,Piedmont Park,member,13.35,13,0
R102668,2026-06-27 10:05:00,2026-06-27 10:15:00,Ponce City Market,Midtown MARTA,member,10.0,10,5
R103849,2026-07-09 05:37:00,2026-07-09 05:44:18,Little Five Points,Ponce City Market,member,7.3,5,3
R105315,2026-07-23 18:41:00,2026-07-23 18:42:54,Centennial Olympic Park,Georgia State University,member,1.9,18,3
R105326,2026-07-24 06:49:00,2026-07-24 06:58:38,Centennial Olympic Park,Georgia State University,member,9.633333333333333,6,4
R103389,2026-07-05 08:18:00,2026-07-05 08:34:05,Centennial Olympic Park,Piedmont Park,casual,16.083333333333332,8,6
R105518,2026-07-26 20:03:00,2026-07-26 20:07:54,Centennial Olympic Park,Midtown MARTA,member,4.9,20,6
R101082,2026-06-11 17:27:00,2026-06-11 17:40:46,Ponce City Market,West End,member,13.766666666666667,17,3
R105923,2026-07-30 13:27:00,2026-07-30 13:41:16,Centennial Olympic Park,Ponce City Market,member,14.266666666666667,13,3
R101262,2026-06-13 06:43:00,2026-06-13 06:48:57,Ponce City Market,Grant Park,member,5.95,6,5
R102855,2026-06-28 17:14:00,2026-06-28 17:18:14,Centennial Olympic Park,West End,member,4.233333333333333,17,6
R100033,2026-06-01 21:56:00,2026-06-01 22:17:39,Ponce City Market,Krog Street Market,casual,21.65,21,0
R105429,2026-07-25 13:35:00,2026-07-25 13:45:07,Atlantic Station,Grant Park,member,10.116666666666667,13,5
R104871,2026-07-19 19:24:00,2026-07-19 19:37:41,Centennial Olympic Park,Midtown MARTA,member,13.683333333333334,19,6
R105405,2026-07-24 17:36:00,2026-07-24 17:48:07,Krog Street Market,Atlantic Station,member,12.116666666666667,17,4
R100066,2026-06-01 01:17:00,2026-06-01 01:47:57,Midtown MARTA,Centennial Olympic Park,casual,30.95,1,0
R101909,2026-06-19 17:41:00,2026-06-19 17:53:04,Georgia State University,Ponce City Market,member,12.066666666666666,17,4
R100902,2026-06-09 08:27:00,2026-06-09 08:38:39,Centennial Olympic Park,Piedmont Park,member,11.65,8,1
R100664,2026-06-07 10:39:00,2026-06-07 10:51:28,Ponce City Market,Centennial Olympic Park,member,12.466666666666667,10,6
R100421,2026-06-05 06:16:00,2026-06-05 06:23:00,Midtown MARTA,Ponce City Market,casual,7.0,6,4
R104161,2026-07-12 07:16:00,2026-07-12 07:45:00,Midtown MARTA,Krog Street Market,unknown,29.0,7,6
R105399,2026-07-24 08:03:00,2026-07-24 08:15:04,Krog Street Market,Piedmont Park,member,12.066666666666666,8,4
R101301,2026-06-13 11:53:00,2026-06-13 12:19:42,Midtown MARTA,Little Five Points,casual,26.7,11,5
R104502,2026-07-16 18:01:00,2026-07-16 18:02:12,Centennial Olympic Park,Midtown MARTA,member,1.2,18,3
R102053,2026-06-21 08:20:00,2026-06-21 08:32:45,Centennial Olympic Park,Ponce City Market,member,12.75,8,6
R100113,2026-06-01 19:12:00,2026-06-01 19:22:21,Midtown MARTA,Ponce City Market,member,10.35,19,0
R101607,2026-06-16 02:03:00,2026-06-16 02:23:00,Atlantic Station,Midtown MARTA,member,20.0,2,1
R104167,2026-07-12 16:01:00,2026-07-12 16:13:37,Centennial Olympic Park,Ponce City Market,member,12.616666666666667,16,6
R100533,2026-06-06 11:14:00,2026-06-06 11:23:00,Centennial Olympic Park,Midtown MARTA,member,9.0,11,5
R100463,2026-06-05 21:24:00,2026-06-05 21:34:57,Atlantic Station,Centennial Olympic Park,member,10.95,21,4
R102463,2026-06-25 15:35:00,2026-06-25 15:48:53,Piedmont Park,Atlantic Station,casual,13.883333333333333,15,3
R105376,2026-07-24 08:06:00,2026-07-24 08:14:08,Centennial Olympic Park,Little Five Points,casual,8.133333333333333,8,4
R100738,2026-06-08 21:43:00,2026-06-08 22:02:07,Little Five Points,Midtown MARTA,casual,19.116666666666667,21,0
R104816,2026-07-19 12:21:00,2026-07-19 12:32:24,Ponce City Market,Midtown MARTA,member,11.4,12,6
R104056,2026-07-11 12:08:00,2026-07-11 12:36:40,Grant Park,Ponce City Market,casual,28.666666666666668,12,5
R101302,2026-06-13 16:34:00,2026-06-13 16:45:05,Ponce City Market,Centennial Olympic Park,casual,11.083333333333334,16,5
R102688,2026-06-27 14:44:00,2026-06-27 14:50:20,Centennial Olympic Park,Piedmont Park,member,6.333333333333333,14,5
R103403,2026-07-05 13:50:00,2026-07-05 14:26:16,Centennial Olympic Park,Piedmont Park,casual,36.266666666666666,13,6
R100906,2026-06-09 17:06:00,2026-06-09 17:16:00,Georgia State University,Ponce City Market,member,10.0,17,1
R104966,2026-07-20 05:23:00,2026-07-20 05:34:49,Georgia State University,Ponce City Market,member,11.816666666666666,5,0
R100485,2026-06-05 14:23:00,2026-06-05 14:52:29,Georgia State University,Midtown MARTA,casual,29.483333333333334,14,4
R104310,2026-07-14 21:17:00,2026-07-14 21:33:45,Ponce City Market,Krog Street Market,member,16.75,21,1
R105549,2026-07-26 12:31:00,2026-07-26 12:35:58,Georgia State University,Centennial Olympic Park,member,4.966666666666667,12,6
R102727,2026-06-27 13:14:00,2026-06-27 13:23:00,Grant Park,Midtown MARTA,casual,9.0,13,5
R102224,2026-06-22 20:10:00,2026-06-22 20:11:00,Georgia State University,Midtown MARTA,member,1.0,20,0
R103226,2026-07-03 08:54:00,2026-07-03 09:08:00,Midtown MARTA,Centennial Olympic Park,member,14.0,8,4
R105694,2026-07-27 08:37:00,2026-07-27 08:51:06,Piedmont Park,Centennial Olympic Park,member,14.1,8,0
R103841,2026-07-09 17:45:00,2026-07-09 17:55:11,Midtown MARTA,Georgia State University,member,10.183333333333334,17,3
R105130,2026-07-21 14:56:00,2026-07-21 15:09:00,Centennial Olympic Park,Piedmont Park,member,13.0,14,1
R102189,2026-06-22 05:13:00,2026-06-22 05:51:00,Centennial Olympic Park,Krog Street Market,casual,38.0,5,0
R101267,2026-06-13 08:13:00,2026-06-13 08:50:47,Atlantic Station,Midtown MARTA,casual,37.78333333333333,8,5
R105949,2026-07-30 11:03:00,2026-07-30 11:14:00,Georgia State University,Midtown MARTA,member,11.0,11,3
R104995,2026-07-20 19:38:00,2026-07-20 19:59:45,Georgia State University,Midtown MARTA,casual,21.75,19,0
R103039,2026-07-01 19:03:00,2026-07-01 19:16:00,Midtown MARTA,Atlantic Station,member,13.0,19,2
R105034,2026-07-21 18:07:00,2026-07-21 18:14:20,Piedmont Park,West End,casual,7.333333333333333,18,1
R103710,2026-07-08 08:27:00,2026-07-08 08:46:00,Ponce City Market,Midtown MARTA,member,19.0,8,2
R100313,2026-06-04 14:56:00,2026-06-04 15:11:00,Piedmont Park,Midtown MARTA,member,15.0,14,3
R103181,2026-07-02 16:29:00,2026-07-02 16:38:47,Ponce City Market,Georgia State University,member,9.783333333333333,16,3
R103750,2026-07-08 07:48:00,2026-07-08 07:56:00,Georgia State University,Krog Street Market,member,8.0,7,2
R102867,2026-06-29 15:07:00,2026-06-29 15:12:44,Midtown MARTA,Atlantic Station,member,5.733333333333333,15,0
R103602,2026-07-07 16:01:00,2026-07-07 16:16:00,West End,Georgia State University,casual,15.0,16,1
R103294,2026-07-04 10:28:00,2026-07-04 10:37:26,Midtown MARTA,Ponce City Market,member,9.433333333333334,10,5
R100933,2026-06-10 12:05:00,2026-06-10 12:23:55,Midtown MARTA,Georgia State University,casual,18.916666666666668,12,2
R104457,2026-07-15 17:40:00,2026-07-15 17:54:00,Midtown MARTA,Piedmont Park,member,14.0,17,2
R104535,2026-07-16 15:08:00,2026-07-16 15:09:32,Centennial Olympic Park,Piedmont Park,member,1.5333333333333334,15,3
R102537,2026-06-25 19:27:00,2026-06-25 19:52:09,Centennial Olympic Park,Georgia State University,casual,25.15,19,3
R105467,2026-07-25 14:01:00,2026-07-25 14:14:00,Atlantic Station,Centennial Olympic Park,member,13.0,14,5
R100322,2026-06-04 06:00:00,2026-06-04 06:25:00,Atlantic Station,Ponce City Market,casual,25.0,6,3
R103487,2026-07-06 16:44:00,2026-07-06 16:53:00,Midtown MARTA,Georgia State University,member,9.0,16,0
R103005,2026-06-30 19:29:00,2026-06-30 19:36:00,West End,Krog Street Market,member,7.0,19,1
R100429,2026-06-05 07:35:00,2026-06-05 07:42:34,Georgia State University,Midtown MARTA,member,7.566666666666666,7,4
R105906,2026-07-30 11:29:00,2026-07-30 11:31:27,Ponce City Market,Midtown MARTA,member,2.45,11,3
R100091,2026-06-01 12:44:00,2026-06-01 13:12:00,Georgia State University,Midtown MARTA,casual,28.0,12,0
R101742,2026-06-18 18:39:00,2026-06-18 18:54:40,Midtown MARTA,Ponce City Market,member,15.666666666666666,18,3
R100816,2026-06-09 17:42:00,2026-06-09 17:53:00,Piedmont Park,Georgia State University,member,11.0,17,1
R100721,2026-06-08 06:49:00,2026-06-08 07:05:34,Centennial Olympic Park,Georgia State University,member,16.566666666666666,6,0
R105585,2026-07-26 08:33:00,2026-07-26 08:46:00,Georgia State University,Midtown MARTA,casual,13.0,8,6
R104505,2026-07-16 16:19:00,2026-07-16 16:44:50,Georgia State University,Midtown MARTA,casual,25.833333333333332,16,3
R101343,2026-06-14 13:25:00,2026-06-14 14:00:56,Krog Street Market,Midtown MARTA,casual,35.93333333333333,13,6
R103354,2026-07-04 06:44:00,2026-07-04 06:59:41,Atlantic Station,Grant Park,member,15.683333333333334,6,5
R101812,2026-06-19 14:43:00,2026-06-19 14:52:56,Atlantic Station,Ponce City Market,member,9.933333333333334,14,4
R104705,2026-07-18 05:45:00,2026-07-18 05:53:31,Atlantic Station,Midtown MARTA,member,8.516666666666667,5,5
R105837,2026-07-29 08:41:00,2026-07-29 08:53:23,Ponce City Market,Midtown MARTA,member,12.383333333333333,8,2
R101255,2026-06-13 09:47:00,2026-06-13 10:00:08,Ponce City Market,Atlantic Station,member,13.133333333333333,9,5
R103950,2026-07-10 08:51:00,2026-07-10 08:57:00,Midtown MARTA,Centennial Olympic Park,member,6.0,8,4
R103692,2026-07-08 08:41:00,2026-07-08 08:51:00,Ponce City Market,Centennial Olympic Park,member,10.0,8,2
R103688,2026-07-08 08:56:00,2026-07-08 09:25:17,Ponce City Market,Krog Street Market,casual,29.283333333333335,8,2
R104792,2026-07-18 11:12:00,2026-07-18 11:47:07,Krog Street Market,Ponce City Market,casual,35.11666666666667,11,5
R102936,2026-06-29 08:33:00,2026-06-29 08:43:00,Ponce City Market,Georgia State University,unknown,10.0,8,0
R100710,2026-06-08 17:45:00,2026-06-08 17:55:59,Midtown MARTA,Centennial Olympic Park,casual,10.983333333333333,17,0
R102113,2026-06-21 13:33:00,2026-06-21 13:57:00,Georgia State University,Centennial Olympic Park,casual,24.0,13,6
R105759,2026-07-28 17:26:00,2026-07-28 17:38:09,Georgia State University,Ponce City Market,member,12.15,17,1
R103554,2026-07-06 17:11:00,2026-07-06 17:23:15,Atlantic Station,Little Five Points,member,12.25,17,0
R101232,2026-06-12 05:53:00,2026-06-12 06:05:00,Krog Street Market,Atlantic Station,member,12.0,5,4
R100296,2026-06-03 19:36:00,2026-06-03 19:45:45,Midtown MARTA,Georgia State University,member,9.75,19,2
R100551,2026-06-06 15:57:00,2026-06-06 16:12:59,Ponce City Market,West End,member,15.983333333333333,15,5
R100939,2026-06-10 07:33:00,2026-06-10 07:45:00,Centennial Olympic Park,Georgia State University,member,12.0,7,2
R101106,2026-06-11 13:51:00,2026-06-11 14:05:38,Midtown MARTA,Georgia State University,member,14.633333333333333,13,3
R103293,2026-07-04 08:59:00,2026-07-04 09:11:59,Midtown MARTA,Krog Street Market,member,12.983333333333333,8,5
R100589,2026-06-06 14:46:00,2026-06-06 15:14:04,Midtown MARTA,Centennial Olympic Park,casual,28.066666666666666,14,5
R104452,2026-07-15 00:58:00,2026-07-15 01:13:32,Ponce City Market,Midtown MARTA,member,15.533333333333333,0,2
R104492,2026-07-16 09:27:00,2026-07-16 09:37:31,Atlantic Station,Ponce City Market,member,10.516666666666667,9,3
R103852,2026-07-09 14:51:00,2026-07-09 15:00:00,Midtown MARTA,Ponce City Market,member,9.0,14,3
R104053,2026-07-11 11:40:00,2026-07-11 12:00:42,Georgia State University,Midtown MARTA,casual,20.7,11,5
R101310,2026-06-13 07:32:00,2026-06-13 07:39:19,Ponce City Market,Piedmont Park,member,7.316666666666666,7,5
R103850,2026-07-09 10:28:00,2026-07-09 10:45:00,Atlantic Station,Piedmont Park,member,17.0,10,3
R104889,2026-07-19 12:59:00,2026-07-19 13:24:22,Ponce City Market,Georgia State University,casual,25.366666666666667,12,6
R101907,2026-06-19 16:06:00,2026-06-19 16:15:47,Krog Street Market,Atlantic Station,member,9.783333333333333,16,4
R104660,2026-07-17 18:55:00,2026-07-17 19:06:00,Centennial Olympic Park,Georgia State University,member,11.0,18,4
R101705,2026-06-17 16:36:00,2026-06-17 16:54:00,Krog Street Market,Ponce City Market,casual,18.0,16,2
R101649,2026-06-17 19:31:00,2026-06-17 19:48:00,Ponce City Market,Georgia State University,casual,17.0,19,2
R103050,2026-07-01 17:26:00,2026-07-01 17:40:44,Midtown MARTA,Ponce City Market,unknown,14.733333333333333,17,2
R102995,2026-06-30 16:43:00,2026-06-30 16:50:30,Ponce City Market,Midtown MARTA,member,7.5,16,1
R100346,2026-06-04 22:07:00,2026-06-04 22:24:00,Georgia State University,Centennial Olympic Park,member,17.0,22,3
R102556,2026-06-25 00:26:00,2026-06-25 00:49:16,Krog Street Market,Georgia State University,casual,23.266666666666666,0,3
R105805,2026-07-29 19:31:00,2026-07-29 19:38:07,Piedmont Park,Atlantic Station,member,7.116666666666666,19,2
R100409,2026-06-04 09:21:00,2026-06-04 09:33:53,Centennial Olympic Park,Georgia State University,member,12.883333333333333,9,3
R103263,2026-07-03 16:08:00,2026-07-03 16:44:00,Midtown MARTA,Centennial Olympic Park,casual,36.0,16,4
R105029,2026-07-20 07:18:00,2026-07-20 07:22:13,Ponce City Market,Midtown MARTA,member,4.216666666666667,7,0
R102812,2026-06-28 14:52:00,2026-06-28 15:05:00,Atlantic Station,Midtown MARTA,casual,13.0,14,6
R102016,2026-06-21 10:05:00,2026-06-21 10:32:13,Midtown MARTA,Centennial Olympic Park,casual,27.216666666666665,10,6
R104500,2026-07-16 07:38:00,2026-07-16 07:50:42,Grant Park,Ponce City Market,member,12.7,7,3
R100188,2026-06-02 00:06:00,2026-06-02 00:18:33,Midtown MARTA,Georgia State University,member,12.55,0,1
R102892,2026-06-29 17:28:00,2026-06-29 17:38:13,Ponce City Market,Piedmont Park,member,10.216666666666667,17,0
R105253,2026-07-23 07:04:00,2026-07-23 07:26:02,Ponce City Market,Georgia State University,casual,22.033333333333335,7,3
R103826,2026-07-09 21:45:00,2026-07-09 21:57:00,Atlantic Station,Ponce City Market,member,12.0,21,3
R100991,2026-06-10 09:58:00,2026-06-10 10:09:00,West End,Centennial Olympic Park,member,11.0,9,2
R105668,2026-07-27 20:19:00,2026-07-27 20:20:37,Midtown MARTA,Georgia State University,member,1.6166666666666667,20,0
R101632,2026-06-17 14:58:00,2026-06-17 15:14:10,Midtown MARTA,Atlantic Station,member,16.166666666666668,14,2
R101729,2026-06-18 09:52:00,2026-06-18 10:10:06,Ponce City Market,Little Five Points,casual,18.1,9,3
R103722,2026-07-08 16:36:00,2026-07-08 16:45:00,Midtown MARTA,Piedmont Park,member,9.0,16,2
R100116,2026-06-01 12:25:00,2026-06-01 12:44:10,Midtown MARTA,Unknown,member,19.166666666666668,12,0
R103922,2026-07-10 09:24:00,2026-07-10 09:30:55,Centennial Olympic Park,Ponce City Market,member,6.916666666666667,9,4
R102263,2026-06-23 07:31:00,2026-06-23 07:40:37,Midtown MARTA,Ponce City Market,member,9.616666666666667,7,1
R105570,2026-07-26 14:23:00,2026-07-26 14:30:49,Ponce City Market,Midtown MARTA,member,7.816666666666666,14,6
R103516,2026-07-06 17:59:00,2026-07-06 18:07:44,Ponce City Market,Midtown MARTA,member,8.733333333333333,17,0
R103301,2026-07-04 16:51:00,2026-07-04 16:59:44,Little Five Points,Centennial Olympic Park,member,8.733333333333333,16,5
R102137,2026-06-22 14:23:00,2026-06-22 14:30:03,Midtown MARTA,Georgia State University,member,7.05,14,0
R103041,2026-07-01 16:38:00,2026-07-01 17:16:12,Ponce City Market,Midtown MARTA,casual,38.2,16,2
R100989,2026-06-10 16:08:00,2026-06-10 16:12:00,Piedmont Park,Midtown MARTA,member,4.0,16,2
R101571,2026-06-16 15:48:00,2026-06-16 16:01:06,Centennial Olympic Park,Georgia State University,member,13.1,15,1
R103023,2026-07-01 05:12:00,2026-07-01 05:32:41,Midtown MARTA,West End,member,20.683333333333334,5,2
R104596,2026-07-17 08:17:00,2026-07-17 08:25:00,Midtown MARTA,Atlantic Station,casual,8.0,8,4
R105047,2026-07-21 19:59:00,2026-07-21 20:20:47,Midtown MARTA,Ponce City Market,casual,21.783333333333335,19,1
R102310,2026-06-23 08:22:00,2026-06-23 08:26:41,Ponce City Market,Georgia State University,member,4.683333333333334,8,1
R100386,2026-06-04 03:38:00,2026-06-04 03:52:45,Centennial Olympic Park,Midtown MARTA,member,14.75,3,3
R102009,2026-06-21 14:30:00,2026-06-21 14:41:04,Centennial Olympic Park,Midtown MARTA,casual,11.066666666666666,14,6
R104510,2026-07-16 13:34:00,2026-07-16 13:50:20,West End,Centennial Olympic Park,member,16.333333333333332,13,3
R101721,2026-06-17 01:34:00,2026-06-17 01:48:00,Midtown MARTA,Piedmont Park,member,14.0,1,2
R100297,2026-06-03 07:19:00,2026-06-03 07:30:00,Midtown MARTA,Ponce City Market,member,11.0,7,2
R105542,2026-07-26 21:31:00,2026-07-26 21:59:00,Piedmont Park,Georgia State University,casual,28.0,21,6
R104340,2026-07-14 08:25:00,2026-07-14 08:31:30,Ponce City Market,Krog Street Market,member,6.5,8,1
R103120,2026-07-02 09:21:00,2026-07-02 09:34:34,Midtown MARTA,Centennial Olympic Park,member,13.566666666666666,9,3
R101332,2026-06-13 17:51:00,2026-06-13 17:56:00,Midtown MARTA,Ponce City Market,member,5.0,17,5
R100519,2026-06-06 12:55:00,2026-06-06 13:22:49,Centennial Olympic Park,Ponce City Market,casual,27.816666666666666,12,5
R102799,2026-06-28 16:18:00,2026-06-28 16:25:02,Centennial Olympic Park,Georgia State University,member,7.033333333333333,16,6
R100123,2026-06-02 17:44:00,2026-06-02 17:58:04,Centennial Olympic Park,Little Five Points,member,14.066666666666666,17,1
R102465,2026-06-25 10:39:00,2026-06-25 10:46:31,Little Five Points,West End,member,7.516666666666667,10,3
R100147,2026-06-02 05:56:00,2026-06-02 06:17:06,Ponce City Market,Georgia State University,casual,21.1,5,1
R104693,2026-07-18 11:40:00,2026-07-18 11:51:48,Midtown MARTA,Grant Park,casual,11.8,11,5
R101443,2026-06-15 07:13:00,2026-06-15 07:23:00,Ponce City Market,Georgia State University,member,10.0,7,0
R100057,2026-06-01 19:13:00,2026-06-01 19:25:00,Georgia State University,Ponce City Market,member,12.0,19,0
R101694,2026-06-17 16:04:00,2026-06-17 16:10:48,Ponce City Market,Centennial Olympic Park,member,6.8,16,2
R100423,2026-06-05 17:55:00,2026-06-05 18:04:38,Ponce City Market,Midtown MARTA,member,9.633333333333333,17,4
R102144,2026-06-22 15:23:00,2026-06-22 15:34:01,Atlantic Station,Midtown MARTA,member,11.016666666666667,15,0
R102168,2026-06-22 06:18:00,2026-06-22 06:28:30,Centennial Olympic Park,Midtown MARTA,member,10.5,6,0
R100957,2026-06-10 16:25:00,2026-06-10 16:37:24,Piedmont Park,Midtown MARTA,member,12.4,16,2
R104942,2026-07-20 21:52:00,2026-07-20 22:06:00,Midtown MARTA,Piedmont Park,member,14.0,21,0
R105855,2026-07-29 00:32:00,2026-07-29 01:09:50,Georgia State University,Centennial Olympic Park,casual,37.833333333333336,0,2
R103237,2026-07-03 09:46:00,2026-07-03 09:59:26,Midtown MARTA,Grant Park,member,13.433333333333334,9,4
R100486,2026-06-05 22:03:00,2026-06-05 22:35:00,Midtown MARTA,Centennial Olympic Park,casual,32.0,22,4
R102599,2026-06-26 18:45:00,2026-06-26 18:57:40,Ponce City Market,Centennial Olympic Park,member,12.666666666666666,18,4
R103489,2026-07-06 07:41:00,2026-07-06 08:03:00,Centennial Olympic Park,Midtown MARTA,casual,22.0,7,0
R100917,2026-06-10 09:19:00,2026-06-10 09:33:17,Ponce City Market,Atlantic Station,member,14.283333333333333,9,2
R102247,2026-06-23 16:01:00,2026-06-23 16:19:34,Ponce City Market,West End,member,18.566666666666666,16,1
R101454,2026-06-15 17:46:00,2026-06-15 18:03:42,Centennial Olympic Park,Unknown,member,17.7,17,0
R102549,2026-06-25 18:27:00,2026-06-25 18:34:47,Atlantic Station,West End,member,7.783333333333333,18,3
R104333,2026-07-14 16:10:00,2026-07-14 16:24:35,Ponce City Market,Midtown MARTA,member,14.583333333333334,16,1
R105178,2026-07-22 09:37:00,2026-07-22 10:02:25,Ponce City Market,Georgia State University,casual,25.416666666666668,9,2
R100817,2026-06-09 13:36:00,2026-06-09 13:47:55,Ponce City Market,Georgia State University,member,11.916666666666666,13,1
R104880,2026-07-19 09:33:00,2026-07-19 09:38:00,Grant Park,Atlantic Station,casual,5.0,9,6
R105732,2026-07-28 08:57:00,2026-07-28 09:12:00,Atlantic Station,Georgia State University,member,15.0,8,1
R100727,2026-06-08 18:56:00,2026-06-08 19:07:00,Ponce City Market,Centennial Olympic Park,member,11.0,18,0
R100591,2026-06-06 12:24:00,2026-06-06 12:39:00,Centennial Olympic Park,Krog Street Market,member,15.0,12,5
R105263,2026-07-23 08:03:00,2026-07-23 08:18:19,Midtown MARTA,Ponce City Market,member,15.316666666666666,8,3
R101820,2026-06-19 13:27:00,2026-06-19 13:45:00,Ponce City Market,Centennial Olympic Park,member,18.0,13,4
R101653,2026-06-17 17:47:00,2026-06-17 17:55:00,Centennial Olympic Park,Midtown MARTA,member,8.0,17,2
R103496,2026-07-06 08:31:00,2026-07-06 08:39:56,Centennial Olympic Park,Midtown MARTA,member,8.933333333333334,8,0
R101261,2026-06-13 15:22:00,2026-06-13 15:30:12,Midtown MARTA,Centennial Olympic Park,member,8.2,15,5
R103119,2026-07-02 09:24:00,2026-07-02 09:27:48,Georgia State University,Atlantic Station,member,3.8,9,3
R100487,2026-06-05 17:38:00,2026-06-05 17:48:08,Ponce City Market,Piedmont Park,member,10.133333333333333,17,4
R104160,2026-07-12 12:24:00,2026-07-12 12:38:00,Midtown MARTA,Georgia State University,member,14.0,12,6
R101600,2026-06-16 07:37:00,2026-06-16 07:45:00,Atlantic Station,Krog Street Market,member,8.0,7,1
R103638,2026-07-07 09:28:00,2026-07-07 09:37:36,Grant Park,Ponce City Market,member,9.6,9,1
R101351,2026-06-14 17:53:00,2026-06-14 18:15:54,Midtown MARTA,Centennial Olympic Park,casual,22.9,17,6
R105380,2026-07-24 16:13:00,2026-07-24 16:22:00,Centennial Olympic Park,Midtown MARTA,member,9.0,16,4
R102363,2026-06-24 09:18:00,2026-06-24 09:30:57,Georgia State University,Ponce City Market,member,12.95,9,2
R100071,2026-06-01 10:26:00,2026-06-01 10:37:09,Piedmont Park,Georgia State University,member,11.15,10,0
R103947,2026-07-10 20:07:00,2026-07-10 20:45:28,Midtown MARTA,Ponce City Market,casual,38.46666666666667,20,4
R103140,2026-07-02 18:15:00,2026-07-02 18:28:18,Midtown MARTA,Ponce City Market,member,13.3,18,3
R103660,2026-07-08 12:48:00,2026-07-08 12:57:22,Krog Street Market,Ponce City Market,member,9.366666666666667,12,2
R101732,2026-06-18 11:49:00,2026-06-18 12:00:00,Midtown MARTA,Centennial Olympic Park,member,11.0,11,3
R105624,2026-07-27 08:02:00,2026-07-27 08:13:17,Ponce City Market,Midtown MARTA,member,11.283333333333333,8,0
R103835,2026-07-09 12:02:00,2026-07-09 12:07:10,Piedmont Park,Ponce City Market,member,5.166666666666667,12,3
R105428,2026-07-25 21:01:00,2026-07-25 21:22:01,West End,Midtown MARTA,casual,21.016666666666666,21,5
R105689,2026-07-27 05:14:00,2026-07-27 05:25:55,Ponce City Market,Georgia State University,member,11.916666666666666,5,0
R103233,2026-07-03 07:14:00,2026-07-03 07:22:00,Grant Park,Unknown,member,8.0,7,4
R102268,2026-06-23 11:49:00,2026-06-23 12:10:21,Ponce City Market,Georgia State University,casual,21.35,11,1
R104254,2026-07-14 07:40:00,2026-07-14 07:55:18,Atlantic Station,Piedmont Park,member,15.3,7,1
R103202,2026-07-02 17:18:00,2026-07-02 17:30:23,Georgia State University,Grant Park,member,12.383333333333333,17,3
R103515,2026-07-06 07:29:00,2026-07-06 07:35:40,Atlantic Station,Centennial Olympic Park,member,6.666666666666667,7,0
R103149,2026-07-02 15:14:00,2026-07-02 15:23:00,Midtown MARTA,Ponce City Market,member,9.0,15,3
R105533,2026-07-26 19:38:00,2026-07-26 20:09:00,Atlantic Station,Midtown MARTA,casual,31.0,19,6
R104274,2026-07-14 09:04:00,2026-07-14 09:12:00,Georgia State University,Midtown MARTA,member,8.0,9,1
R105724,2026-07-27 08:06:00,2026-07-27 08:35:13,Piedmont Park,Little Five Points,casual,29.216666666666665,8,0
R105339,2026-07-24 17:45:00,2026-07-24 17:52:00,Ponce City Market,Midtown MARTA,member,7.0,17,4
R100382,2026-06-04 13:42:00,2026-06-04 13:50:21,Centennial Olympic Park,Georgia State University,member,8.35,13,3
R101090,2026-06-11 18:38:00,2026-06-11 18:57:00,Midtown MARTA,Georgia State University,casual,19.0,18,3
R103380,2026-07-04 14:08:00,2026-07-04 14:12:10,Midtown MARTA,Atlantic Station,casual,4.166666666666667,14,5
R105895,2026-07-29 08:18:00,2026-07-29 08:30:31,Midtown MARTA,Centennial Olympic Park,casual,12.516666666666667,8,2
R105504,2026-07-26 07:59:00,2026-07-26 08:28:12,Ponce City Market,Centennial Olympic Park,casual,29.2,7,6
R103814,2026-07-09 07:54:00,2026-07-09 08:08:00,Georgia State University,Midtown MARTA,casual,14.0,7,3
R102458,2026-06-25 18:32:00,2026-06-25 18:38:00,Grant Park,Georgia State University,member,6.0,18,3
R101356,2026-06-14 15:50:00,2026-06-14 16:07:43,Piedmont Park,Georgia State University,member,17.716666666666665,15,6
R100495,2026-06-05 17:46:00,2026-06-05 17:54:00,Georgia State University,Grant Park,member,8.0,17,4
R104654,2026-07-17 09:39:00,2026-07-17 10:08:00,Georgia State University,Centennial Olympic Park,casual,29.0,9,4
R100195,2026-06-02 17:26:00,2026-06-02 17:39:00,Atlantic Station,Centennial Olympic Park,unknown,13.0,17,1
R101355,2026-06-14 07:03:00,2026-06-14 07:08:00,Midtown MARTA,Georgia State University,member,5.0,7,6
R102472,2026-06-25 13:42:00,2026-06-25 13:50:00,Ponce City Market,Georgia State University,member,8.0,13,3
R103310,2026-07-04 09:41:00,2026-07-04 10:06:34,Centennial Olympic Park,Midtown MARTA,casual,25.566666666666666,9,5
R105033,2026-07-21 22:46:00,2026-07-21 23:07:00,Krog Street Market,Midtown MARTA,casual,21.0,22,1
R101982,2026-06-20 12:43:00,2026-06-20 12:56:40,Grant Park,Centennial Olympic Park,member,13.666666666666666,12,5
R104940,2026-07-20 17:16:00,2026-07-20 17:24:00,Piedmont Park,Georgia State University,member,8.0,17,0
R102696,2026-06-27 21:25:00,2026-06-27 22:11:00,Georgia State University,Grant Park,casual,46.0,21,5
R105273,2026-07-23 07:11:00,2026-07-23 07:29:41,Piedmont Park,Ponce City Market,member,18.683333333333334,7,3
R101078,2026-06-11 13:16:00,2026-06-11 13:30:28,Atlantic Station,Ponce City Market,member,14.466666666666667,13,3
R100978,2026-06-10 10:12:00,2026-06-10 10:21:04,Georgia State University,Ponce City Market,member,9.066666666666666,10,2
R102580,2026-06-26 16:05:00,2026-06-26 16:26:00,Little Five Points,Georgia State University,casual,21.0,16,4
R102532,2026-06-25 14:23:00,2026-06-25 14:41:11,Midtown MARTA,Ponce City Market,member,18.183333333333334,14,3
R101440,2026-06-15 17:46:00,2026-06-15 17:58:57,Midtown MARTA,Georgia State University,member,12.95,17,0
R104648,2026-07-17 18:25:00,2026-07-17 18:51:22,Little Five Points,Midtown MARTA,casual,26.366666666666667,18,4
R101834,2026-06-19 01:41:00,2026-06-19 01:42:35,Centennial Olympic Park,Midtown MARTA,member,1.5833333333333333,1,4
R100897,2026-06-09 07:49:00,2026-06-09 07:57:29,Ponce City Market,Krog Street Market,member,8.483333333333333,7,1
R104815,2026-07-19 11:02:00,2026-07-19 11:30:00,Midtown MARTA,Georgia State University,casual,28.0,11,6
R100166,2026-06-02 10:02:00,2026-06-02 10:16:03,Centennial Olympic Park,Ponce City Market,member,14.05,10,1
R103596,2026-07-07 16:03:00,2026-07-07 16:11:00,Centennial Olympic Park,Krog Street Market,casual,8.0,16,1
R102692,2026-06-27 10:36:00,2026-06-27 10:59:34,Piedmont Park,Little Five Points,casual,23.566666666666666,10,5
R102083,2026-06-21 12:28:00,2026-06-21 12:38:32,Georgia State University,Atlantic Station,member,10.533333333333333,12,6
R100005,2026-06-01 12:42:00,2026-06-01 12:53:28,Ponce City Market,Georgia State University,member,11.466666666666667,12,0
R103442,2026-07-05 13:28:00,2026-07-05 14:08:00,Midtown MARTA,Georgia State University,casual,40.0,13,6
R102380,2026-06-24 18:26:00,2026-06-24 18:36:37,Centennial Olympic Park,Ponce City Market,member,10.616666666666667,18,2
R103860,2026-07-09 17:53:00,2026-07-09 18:00:58,Ponce City Market,Centennial Olympic Park,member,7.966666666666667,17,3
R103873,2026-07-09 21:45:00,2026-07-09 22:08:28,Centennial Olympic Park,Atlantic Station,casual,23.466666666666665,21,3
R102347,2026-06-24 16:46:00,2026-06-24 16:57:00,Ponce City Market,Georgia State University,member,11.0,16,2
R104600,2026-07-17 22:27:00,2026-07-17 22:34:13,Atlantic Station,Ponce City Market,member,7.216666666666667,22,4
R100722,2026-06-08 22:43:00,2026-06-08 23:12:00,Little Five Points,Midtown MARTA,casual,29.0,22,0
R103648,2026-07-07 23:03:00,2026-07-07 23:15:00,Krog Street Market,Midtown MARTA,member,12.0,23,1
R105944,2026-07-30 19:20:00,2026-07-30 19:33:45,Atlantic Station,Georgia State University,member,13.75,19,3
R104235,2026-07-13 20:39:00,2026-07-13 21:06:58,Midtown MARTA,Ponce City Market,casual,27.966666666666665,20,0
R104442,2026-07-15 17:26:00,2026-07-15 17:41:09,Ponce City Market,Unknown,member,15.15,17,2
R104845,2026-07-19 09:18:00,2026-07-19 09:27:00,Georgia State University,Centennial Olympic Park,member,9.0,9,6
R103732,2026-07-08 06:31:00,2026-07-08 06:44:19,Centennial Olympic Park,Ponce City Market,casual,13.316666666666666,6,2
R100352,2026-06-04 18:24:00,2026-06-04 19:02:17,Midtown MARTA,Centennial Olympic Park,casual,38.28333333333333,18,3
R103244,2026-07-03 18:22:00,2026-07-03 18:31:34,Ponce City Market,Little Five Points,member,9.566666666666666,18,4
R103430,2026-07-05 14:07:00,2026-07-05 14:25:31,Ponce City Market,Centennial Olympic Park,casual,18.516666666666666,14,6
R101780,2026-06-18 04:59:00,2026-06-18 05:06:00,Centennial Olympic Park,Georgia State University,member,7.0,4,3
R105615,2026-07-27 23:31:00,2026-07-27 23:32:00,Atlantic Station,Unknown,casual,1.0,23,0
R103341,2026-07-04 11:05:00,2026-07-04 11:28:21,Centennial Olympic Park,West End,casual,23.35,11,5
R103207,2026-07-02 23:25:00,2026-07-02 23:38:19,Georgia State University,Ponce City Market,member,13.316666666666666,23,3
R103088,2026-07-01 07:55:00,2026-07-01 08:06:21,Georgia State University,West End,member,11.35,7,2
R102578,2026-06-26 07:21:00,2026-06-26 07:31:00,Atlantic Station,Little Five Points,member,10.0,7,4
R103707,2026-07-08 20:09:00,2026-07-08 20:22:00,Midtown MARTA,Krog Street Market,member,13.0,20,2
R105527,2026-07-26 14:22:00,2026-07-26 14:40:57,Georgia State University,Midtown MARTA,casual,18.95,14,6
R100141,2026-06-02 16:02:00,2026-06-02 16:14:11,Midtown MARTA,Georgia State University,member,12.183333333333334,16,1
R102498,2026-06-25 08:01:00,2026-06-25 08:10:00,Ponce City Market,Atlantic Station,member,9.0,8,3
R100401,2026-06-04 18:56:00,2026-06-04 19:22:00,Piedmont Park,Ponce City Market,casual,26.0,18,3
R105191,2026-07-22 21:28:00,2026-07-22 21:47:29,Midtown MARTA,Piedmont Park,casual,19.483333333333334,21,2
R104224,2026-07-13 08:13:00,2026-07-13 08:26:29,Ponce City Market,Midtown MARTA,member,13.483333333333333,8,0
R105215,2026-07-22 09:38:00,2026-07-22 09:49:51,Atlantic Station,Ponce City Market,member,11.85,9,2
R102981,2026-06-30 20:10:00,2026-06-30 20:25:56,Ponce City Market,Midtown MARTA,member,15.933333333333334,20,1
R101574,2026-06-16 08:04:00,2026-06-16 08:19:41,Ponce City Market,Midtown MARTA,member,15.683333333333334,8,1
R104273,2026-07-14 17:34:00,2026-07-14 17:37:56,Georgia State University,Ponce City Market,member,3.933333333333333,17,1
R100187,2026-06-02 13:07:00,2026-06-02 13:13:40,Centennial Olympic Park,Midtown MARTA,member,6.666666666666667,13,1
R103031,2026-07-01 08:46:00,2026-07-01 08:56:00,Piedmont Park,Georgia State University,member,10.0,8,2
R102951,2026-06-30 08:56:00,2026-06-30 09:08:50,Ponce City Market,Midtown MARTA,member,12.833333333333334,8,1
R104848,2026-07-19 09:27:00,2026-07-19 09:36:45,Ponce City Market,Midtown MARTA,member,9.75,9,6
R104707,2026-07-18 14:36:00,2026-07-18 15:01:15,Midtown MARTA,Krog Street Market,casual,25.25,14,5
R105038,2026-07-21 18:03:00,2026-07-21 18:09:00,Atlantic Station,Midtown MARTA,member,6.0,18,1
R101656,2026-06-17 21:17:00,2026-06-17 21:26:58,Midtown MARTA,Little Five Points,member,9.966666666666667,21,2
R101077,2026-06-11 19:39:00,2026-06-11 19:54:06,Georgia State University,Ponce City Market,member,15.1,19,3
R102750,2026-06-28 07:31:00,2026-06-28 07:43:56,Krog Street Market,Georgia State University,member,12.933333333333334,7,6
R101098,2026-06-11 15:50:00,2026-06-11 16:25:21,Little Five Points,Piedmont Park,casual,35.35,15,3
R102707,2026-06-27 08:25:00,2026-06-27 08:46:00,Midtown MARTA,Georgia State University,casual,21.0,8,5
R102977,2026-06-30 08:03:00,2026-06-30 08:16:34,Centennial Olympic Park,Ponce City Market,member,13.566666666666666,8,1
R100717,2026-06-08 10:04:00,2026-06-08 10:11:28,Midtown MARTA,Ponce City Market,member,7.466666666666667,10,0
R104803,2026-07-19 11:42:00,2026-07-19 12:21:01,Little Five Points,Grant Park,casual,39.016666666666666,11,6
R105336,2026-07-24 19:41:00,2026-07-24 19:52:00,Georgia State University,Little Five Points,member,11.0,19,4
R102718,2026-06-27 17:55:00,2026-06-27 18:10:29,Krog Street Market,Midtown MARTA,member,15.483333333333333,17,5
R105817,2026-07-29 12:00:00,2026-07-29 12:09:42,Midtown MARTA,Piedmont Park,casual,9.7,12,2
R105286,2026-07-23 15:49:00,2026-07-23 16:00:00,Georgia State University,Midtown MARTA,member,11.0,15,3
R100051,2026-06-01 17:09:00,2026-06-01 17:24:45,Ponce City Market,Midtown MARTA,casual,15.75,17,0
R102895,2026-06-29 21:57:00,2026-06-29 22:25:03,Midtown MARTA,West End,casual,28.05,21,0
R100936,2026-06-10 16:52:00,2026-06-10 17:02:00,Ponce City Market,Atlantic Station,member,10.0,16,2
R102235,2026-06-22 09:10:00,2026-06-22 09:32:47,Georgia State University,Centennial Olympic Park,casual,22.783333333333335,9,0
R105272,2026-07-23 17:33:00,2026-07-23 17:47:45,Ponce City Market,Piedmont Park,member,14.75,17,3
R104865,2026-07-19 02:09:00,2026-07-19 02:25:56,Centennial Olympic Park,Ponce City Market,member,16.933333333333334,2,6
R105314,2026-07-23 07:08:00,2026-07-23 07:37:01,Centennial Olympic Park,Midtown MARTA,casual,29.016666666666666,7,3
R103405,2026-07-05 20:13:00,2026-07-05 20:23:32,Piedmont Park,Centennial Olympic Park,member,10.533333333333333,20,6
R104146,2026-07-12 07:09:00,2026-07-12 07:27:00,Ponce City Market,Krog Street Market,casual,18.0,7,6
R101141,2026-06-12 16:01:00,2026-06-12 16:17:08,Ponce City Market,Georgia State University,member,16.133333333333333,16,4
R105550,2026-07-26 11:46:00,2026-07-26 12:19:09,Midtown MARTA,Centennial Olympic Park,casual,33.15,11,6
R100299,2026-06-03 11:48:00,2026-06-03 12:09:00,Krog Street Market,Ponce City Market,casual,21.0,11,2
R103474,2026-07-06 12:12:00,2026-07-06 12:28:00,Little Five Points,Ponce City Market,member,16.0,12,0
R104825,2026-07-19 11:48:00,2026-07-19 11:56:00,Georgia State University,Ponce City Market,member,8.0,11,6
R105807,2026-07-29 08:20:00,2026-07-29 08:27:09,Krog Street Market,Midtown MARTA,member,7.15,8,2
R102402,2026-06-24 10:14:00,2026-06-24 10:37:27,Midtown MARTA,Ponce City Market,casual,23.45,10,2
R102996,2026-06-30 18:44:00,2026-06-30 18:52:59,Ponce City Market,Georgia State University,member,8.983333333333333,18,1
R103748,2026-07-08 15:09:00,2026-07-08 15:22:00,Atlantic Station,Midtown MARTA,member,13.0,15,2
R100422,2026-06-05 06:57:00,2026-06-05 07:29:08,Georgia State University,Midtown MARTA,casual,32.13333333333333,6,4
R104732,2026-07-18 17:49:00,2026-07-18 18:25:30,Georgia State University,Centennial Olympic Park,casual,36.5,17,5
R104252,2026-07-14 18:09:00,2026-07-14 18:22:00,Centennial Olympic Park,Midtown MARTA,member,13.0,18,1
R104516,2026-07-16 08:13:00,2026-07-16 08:23:00,Atlantic Station,Ponce City Market,member,10.0,8,3
R101765,2026-06-18 06:05:00,2026-06-18 06:19:19,Krog Street Market,Georgia State University,member,14.316666666666666,6,3
R103613,2026-07-07 13:55:00,2026-07-07 14:16:00,Georgia State University,Ponce City Market,casual,21.0,13,1
R101337,2026-06-14 10:09:00,2026-06-14 10:20:00,Grant Park,Midtown MARTA,casual,11.0,10,6
R101807,2026-06-19 07:42:00,2026-06-19 08:06:29,Midtown MARTA,Ponce City Market,casual,24.483333333333334,7,4
R104263,2026-07-14 12:19:00,2026-07-14 12:40:32,Georgia State University,Piedmont Park,casual,21.533333333333335,12,1
R103540,2026-07-06 17:34:00,2026-07-06 17:56:58,Georgia State University,Midtown MARTA,casual,22.966666666666665,17,0
R102257,2026-06-23 21:21:00,2026-06-23 21:31:46,Little Five Points,Midtown MARTA,member,10.766666666666667,21,1
R103697,2026-07-08 16:09:00,2026-07-08 16:18:10,Ponce City Market,Midtown MARTA,member,9.166666666666666,16,2
R100965,2026-06-10 16:13:00,2026-06-10 16:27:28,Midtown MARTA,Piedmont Park,member,14.466666666666667,16,2
R103996,2026-07-10 21:26:00,2026-07-10 21:38:48,Ponce City Market,Georgia State University,member,12.8,21,4
R102070,2026-06-21 08:56:00,2026-06-21 09:05:00,Midtown MARTA,Centennial Olympic Park,member,9.0,8,6
R102938,2026-06-29 20:03:00,2026-06-29 20:47:15,Georgia State University,Centennial Olympic Park,casual,44.25,20,0
R100499,2026-06-05 08:09:00,2026-06-05 08:18:45,Ponce City Market,Midtown MARTA,member,9.75,8,4
R104392,2026-07-15 05:48:00,2026-07-15 05:55:05,Ponce City Market,Atlantic Station,member,7.083333333333333,5,2
R102949,2026-06-29 11:20:00,2026-06-29 11:29:58,Midtown MARTA,Centennial Olympic Park,member,9.966666666666667,11,0
R102547,2026-06-25 12:16:00,2026-06-25 12:32:00,Centennial Olympic Park,Georgia State University,member,16.0,12,3
R104076,2026-07-11 09:44:00,2026-07-11 10:15:22,Little Five Points,Centennial Olympic Park,casual,31.366666666666667,9,5
R105112,2026-07-21 16:21:00,2026-07-21 16:54:00,Georgia State University,Ponce City Market,casual,33.0,16,1
R103076,2026-07-01 09:56:00,2026-07-01 09:58:16,Ponce City Market,Midtown MARTA,member,2.2666666666666666,9,2
R103652,2026-07-07 18:40:00,2026-07-07 18:53:46,Krog Street Market,Midtown MARTA,member,13.766666666666667,18,1
R105145,2026-07-21 08:56:00,2026-07-21 09:10:17,Ponce City Market,Piedmont Park,member,14.283333333333333,8,1
R102841,2026-06-28 08:10:00,2026-06-28 08:29:45,Centennial Olympic Park,Ponce City Market,casual,19.75,8,6
R105890,2026-07-29 20:57:00,2026-07-29 20:58:00,West End,Atlantic Station,member,1.0,20,2
R104725,2026-07-18 11:34:00,2026-07-18 11:45:00,Atlantic Station,Centennial Olympic Park,member,11.0,11,5
R104189,2026-07-13 07:35:00,2026-07-13 07:45:40,Centennial Olympic Park,Atlantic Station,member,10.666666666666666,7,0
R104201,2026-07-13 15:34:00,2026-07-13 15:45:53,Centennial Olympic Park,Little Five Points,member,11.883333333333333,15,0
R102782,2026-06-28 10:49:00,2026-06-28 11:11:17,Georgia State University,Piedmont Park,casual,22.283333333333335,10,6
R101631,2026-06-17 17:59:00,2026-06-17 18:06:00,Krog Street Market,Ponce City Market,member,7.0,17,2
R101551,2026-06-16 18:16:00,2026-06-16 18:38:43,Ponce City Market,Midtown MARTA,member,22.716666666666665,18,1
R103265,2026-07-03 19:07:00,2026-07-03 19:25:33,Georgia State University,Midtown MARTA,member,18.55,19,4
R100257,2026-06-03 09:15:00,2026-06-03 09:30:00,Midtown MARTA,Grant Park,member,15.0,9,2
R103897,2026-07-10 15:38:00,2026-07-10 15:42:23,Midtown MARTA,Unknown,member,4.383333333333334,15,4
R101854,2026-06-19 18:48:00,2026-06-19 19:24:46,Ponce City Market,Midtown MARTA,casual,36.766666666666666,18,4
R105360,2026-07-24 20:10:00,2026-07-24 20:17:27,Midtown MARTA,Ponce City Market,member,7.45,20,4
R105882,2026-07-29 05:39:00,2026-07-29 05:45:34,Centennial Olympic Park,Midtown MARTA,member,6.566666666666666,5,2
R100132,2026-06-02 20:16:00,2026-06-02 20:21:00,Georgia State University,Ponce City Market,member,5.0,20,1
R102177,2026-06-22 08:03:00,2026-06-22 08:13:32,Midtown MARTA,Krog Street Market,member,10.533333333333333,8,0
R105772,2026-07-28 16:27:00,2026-07-28 16:37:04,Midtown MARTA,Ponce City Market,member,10.066666666666666,16,1
R104747,2026-07-18 06:17:00,2026-07-18 06:27:46,Piedmont Park,Georgia State University,casual,10.766666666666667,6,5
R100474,2026-06-05 07:12:00,2026-06-05 07:26:00,Midtown MARTA,Ponce City Market,member,14.0,7,4
R104840,2026-07-19 17:30:00,2026-07-19 17:38:00,Centennial Olympic Park,Midtown MARTA,member,8.0,17,6
R100622,2026-06-07 04:32:00,2026-06-07 05:02:00,Midtown MARTA,Georgia State University,casual,30.0,4,6
R105656,2026-07-27 19:29:00,2026-07-27 20:04:00,Georgia State University,Piedmont Park,casual,35.0,19,0
R104448,2026-07-15 04:54:00,2026-07-15 05:13:12,Krog Street Market,Ponce City Market,member,19.2,4,2
R104585,2026-07-17 08:16:00,2026-07-17 08:20:19,Midtown MARTA,Ponce City Market,member,4.316666666666666,8,4
R101761,2026-06-18 08:07:00,2026-06-18 08:11:00,Ponce City Market,Krog Street Market,casual,4.0,8,3
R105473,2026-07-25 13:16:00,2026-07-25 13:27:00,Little Five Points,Midtown MARTA,member,11.0,13,5
R101942,2026-06-20 20:48:00,2026-06-20 21:22:06,Midtown MARTA,Georgia State University,casual,34.1,20,5
R105177,2026-07-22 17:09:00,2026-07-22 17:17:39,Atlantic Station,Ponce City Market,member,8.65,17,2
R103045,2026-07-01 15:15:00,2026-07-01 15:24:51,Krog Street Market,Midtown MARTA,member,9.85,15,2
R100948,2026-06-10 15:19:00,2026-06-10 15:31:00,Ponce City Market,Midtown MARTA,member,12.0,15,2
R103798,2026-07-09 07:19:00,2026-07-09 07:26:23,Centennial Olympic Park,Georgia State University,member,7.383333333333334,7,3
R105604,2026-07-26 08:32:00,2026-07-26 08:38:00,Georgia State University,Ponce City Market,member,6.0,8,6
R104272,2026-07-14 07:26:00,2026-07-14 07:35:20,Georgia State University,Ponce City Market,member,9.333333333333334,7,1
R104642,2026-07-17 18:24:00,2026-07-17 18:38:28,Atlantic Station,Georgia State University,member,14.466666666666667,18,4
R104249,2026-07-13 17:43:00,2026-07-13 17:55:39,Grant Park,Midtown MARTA,member,12.65,17,0
R102789,2026-06-28 13:54:00,2026-06-28 14:01:12,Midtown MARTA,Little Five Points,member,7.2,13,6
R104615,2026-07-17 08:42:00,2026-07-17 08:54:00,Georgia State University,Midtown MARTA,member,12.0,8,4
R101030,2026-06-11 20:29:00,2026-06-11 20:52:00,Grant Park,Midtown MARTA,casual,23.0,20,3
R105124,2026-07-21 09:40:00,2026-07-21 09:52:56,Midtown MARTA,Georgia State University,member,12.933333333333334,9,1
R101763,2026-06-18 09:18:00,2026-06-18 09:24:00,Ponce City Market,Centennial Olympic Park,casual,6.0,9,3
R102103,2026-06-21 20:26:00,2026-06-21 20:46:00,Krog Street Market,Georgia State University,casual,20.0,20,6
R102592,2026-06-26 15:14:00,2026-06-26 15:25:57,Atlantic Station,Midtown MARTA,member,11.95,15,4
R105972,2026-07-30 19:47:00,2026-07-30 19:56:00,Ponce City Market,Atlantic Station,member,9.0,19,3
R102307,2026-06-23 19:59:00,2026-06-23 20:08:22,Ponce City Market,Midtown MARTA,member,9.366666666666667,19,1
R102104,2026-06-21 16:35:00,2026-06-21 16:59:00,Piedmont Park,Centennial Olympic Park,casual,24.0,16,6
R100680,2026-06-07 11:58:00,2026-06-07 12:12:37,Atlantic Station,Midtown MARTA,member,14.616666666666667,11,6
R102519,2026-06-25 05:41:00,2026-06-25 06:09:01,Piedmont Park,Midtown MARTA,casual,28.016666666666666,5,3
R104025,2026-07-11 09:48:00,2026-07-11 09:57:38,Midtown MARTA,Grant Park,member,9.633333333333333,9,5
R104978,2026-07-20 07:05:00,2026-07-20 07:38:48,Georgia State University,Midtown MARTA,casual,33.8,7,0
R103385,2026-07-05 09:54:00,2026-07-05 10:19:00,Ponce City Market,Georgia State University,casual,25.0,9,6
R104349,2026-07-14 10:33:00,2026-07-14 10:47:27,Georgia State University,Krog Street Market,member,14.45,10,1
R104011,2026-07-10 14:39:00,2026-07-10 14:46:00,Ponce City Market,Georgia State University,member,7.0,14,4
R104806,2026-07-19 09:29:00,2026-07-19 09:30:32,Ponce City Market,Midtown MARTA,casual,1.5333333333333334,9,6
R102286,2026-06-23 09:45:00,2026-06-23 09:54:02,Georgia State University,Atlantic Station,member,9.033333333333333,9,1
R100206,2026-06-02 10:06:00,2026-06-02 10:16:00,Midtown MARTA,Atlantic Station,member,10.0,10,1
R101764,2026-06-18 09:53:00,2026-06-18 10:10:54,Grant Park,Midtown MARTA,casual,17.9,9,3
R100277,2026-06-03 13:46:00,2026-06-03 14:04:47,Atlantic Station,Midtown MARTA,casual,18.783333333333335,13,2
R103525,2026-07-06 18:47:00,2026-07-06 18:53:40,Grant Park,Ponce City Market,member,6.666666666666667,18,0
R100011,2026-06-01 07:56:00,2026-06-01 08:16:51,Piedmont Park,Ponce City Market,casual,20.85,7,0
R100951,2026-06-10 16:51:00,2026-06-10 17:01:27,Centennial Olympic Park,Midtown MARTA,member,10.45,16,2
R101208,2026-06-12 08:07:00,2026-06-12 08:10:00,Centennial Olympic Park,West End,member,3.0,8,4
R104770,2026-07-18 12:47:00,2026-07-18 12:52:00,Midtown MARTA,Atlantic Station,member,5.0,12,5
R100797,2026-06-08 15:54:00,2026-06-08 15:58:00,Georgia State University,Ponce City Market,member,4.0,15,0
R100389,2026-06-04 07:07:00,2026-06-04 07:17:27,Midtown MARTA,Little Five Points,member,10.45,7,3
R100543,2026-06-06 18:52:00,2026-06-06 19:22:06,Ponce City Market,Georgia State University,casual,30.1,18,5
R101044,2026-06-11 15:14:00,2026-06-11 15:16:00,Ponce City Market,Grant Park,member,2.0,15,3
R103694,2026-07-08 07:43:00,2026-07-08 07:56:09,Midtown MARTA,Ponce City Market,unknown,13.15,7,2
R104350,2026-07-14 12:03:00,2026-07-14 12:12:31,Ponce City Market,Midtown MARTA,member,9.516666666666667,12,1
R101891,2026-06-19 18:21:00,2026-06-19 18:26:00,Krog Street Market,Midtown MARTA,member,5.0,18,4
R104478,2026-07-16 11:55:00,2026-07-16 12:02:00,Centennial Olympic Park,Little Five Points,member,7.0,11,3
R102854,2026-06-28 08:48:00,2026-06-28 08:58:00,Ponce City Market,Midtown MARTA,member,10.0,8,6
R102923,2026-06-29 16:42:00,2026-06-29 17:13:59,Little Five Points,Georgia State University,casual,31.983333333333334,16,0
R104787,2026-07-18 06:26:00,2026-07-18 06:54:28,Ponce City Market,Little Five Points,casual,28.466666666666665,6,5
R103670,2026-07-08 10:51:00,2026-07-08 10:54:00,Midtown MARTA,Piedmont Park,member,3.0,10,2
R102758,2026-06-28 14:39:00,2026-06-28 14:55:32,Georgia State University,Piedmont Park,member,16.533333333333335,14,6
R102985,2026-06-30 06:09:00,2026-06-30 06:20:42,Georgia State University,Midtown MARTA,casual,11.7,6,1
R101646,2026-06-17 18:47:00,2026-06-17 18:53:00,Georgia State University,Ponce City Market,member,6.0,18,2
R101015,2026-06-11 16:30:00,2026-06-11 16:37:44,Ponce City Market,Midtown MARTA,member,7.733333333333333,16,3
R100903,2026-06-09 23:45:00,2026-06-10 00:00:19,Midtown MARTA,Centennial Olympic Park,member,15.316666666666666,23,1
R105487,2026-07-26 07:41:00,2026-07-26 08:08:00,Midtown MARTA,Piedmont Park,casual,27.0,7,6
R101294,2026-06-13 07:53:00,2026-06-13 08:04:00,Midtown MARTA,Ponce City Market,member,11.0,7,5
R101407,2026-06-14 14:47:00,2026-06-14 14:55:00,Midtown MARTA,Centennial Olympic Park,member,8.0,14,6
R105614,2026-07-27 15:55:00,2026-07-27 16:06:38,Ponce City Market,Krog Street Market,member,11.633333333333333,15,0
R105747,2026-07-28 06:51:00,2026-07-28 07:21:41,Atlantic Station,Midtown MARTA,casual,30.683333333333334,6,1
R103418,2026-07-05 09:44:00,2026-07-05 10:08:57,Georgia State University,Atlantic Station,casual,24.95,9,6
R103884,2026-07-09 15:11:00,2026-07-09 15:25:00,Midtown MARTA,Piedmont Park,member,14.0,15,3
R104560,2026-07-16 20:19:00,2026-07-16 20:32:54,Centennial Olympic Park,Ponce City Market,member,13.9,20,3
R102238,2026-06-22 18:24:00,2026-06-22 18:42:33,Georgia State University,Midtown MARTA,casual,18.55,18,0
R105005,2026-07-20 15:05:00,2026-07-20 15:24:00,Atlantic Station,Ponce City Market,member,19.0,15,0
R103117,2026-07-02 19:30:00,2026-07-02 19:33:26,Midtown MARTA,Centennial Olympic Park,casual,3.433333333333333,19,3
R105659,2026-07-27 07:55:00,2026-07-27 08:30:00,Ponce City Market,Centennial Olympic Park,casual,35.0,7,0
R103900,2026-07-10 07:46:00,2026-07-10 08:05:11,Georgia State University,Krog Street Market,casual,19.183333333333334,7,4
R103218,2026-07-03 21:17:00,2026-07-03 21:29:35,Ponce City Market,Georgia State University,member,12.583333333333334,21,4
R100715,2026-06-08 09:57:00,2026-06-08 10:10:36,Centennial Olympic Park,Ponce City Market,member,13.6,9,0
R104463,2026-07-16 16:55:00,2026-07-16 16:59:47,Ponce City Market,Midtown MARTA,member,4.783333333333333,16,3
R105319,2026-07-24 07:17:00,2026-07-24 07:33:20,Ponce City Market,Centennial Olympic Park,member,16.333333333333332,7,4
R103034,2026-07-01 08:34:00,2026-07-01 08:50:23,Georgia State University,Piedmont Park,member,16.383333333333333,8,2
R102210,2026-06-22 01:17:00,2026-06-22 01:27:00,Atlantic Station,West End,member,10.0,1,0
R102064,2026-06-21 10:21:00,2026-06-21 10:22:00,Midtown MARTA,Ponce City Market,casual,1.0,10,6
R105670,2026-07-27 06:29:00,2026-07-27 06:38:52,Centennial Olympic Park,Georgia State University,member,9.866666666666667,6,0
R102119,2026-06-21 07:01:00,2026-06-21 07:20:56,Midtown MARTA,Georgia State University,casual,19.933333333333334,7,6
R103700,2026-07-08 17:45:00,2026-07-08 17:56:29,Georgia State University,Ponce City Market,casual,11.483333333333333,17,2
R103118,2026-07-02 09:07:00,2026-07-02 09:17:06,Ponce City Market,Midtown MARTA,member,10.1,9,3
R101149,2026-06-12 07:38:00,2026-06-12 07:50:56,Georgia State University,Little Five Points,member,12.933333333333334,7,4
R102950,2026-06-30 22:52:00,2026-06-30 23:23:39,Krog Street Market,Ponce City Market,casual,31.65,22,1
R103471,2026-07-06 08:40:00,2026-07-06 08:48:00,Little Five Points,Midtown MARTA,member,8.0,8,0
R101228,2026-06-12 09:19:00,2026-06-12 09:31:00,Ponce City Market,Georgia State University,member,12.0,9,4
R105095,2026-07-21 09:09:00,2026-07-21 09:20:50,Georgia State University,Ponce City Market,member,11.833333333333334,9,1
R104430,2026-07-15 05:30:00,2026-07-15 06:02:40,Midtown MARTA,Georgia State University,casual,32.666666666666664,5,2
R101832,2026-06-19 10:57:00,2026-06-19 11:16:46,Midtown MARTA,Centennial Olympic Park,member,19.766666666666666,10,4
R104261,2026-07-14 15:16:00,2026-07-14 15:26:32,Piedmont Park,Centennial Olympic Park,casual,10.533333333333333,15,1
R104922,2026-07-20 16:23:00,2026-07-20 16:28:54,Midtown MARTA,Atlantic Station,member,5.9,16,0
R105247,2026-07-23 21:20:00,2026-07-23 21:41:23,Atlantic Station,Ponce City Market,casual,21.383333333333333,21,3
R100355,2026-06-04 08:18:00,2026-06-04 08:29:37,Midtown MARTA,Georgia State University,member,11.616666666666667,8,3
R103656,2026-07-08 12:40:00,2026-07-08 12:51:15,Midtown MARTA,Centennial Olympic Park,casual,11.25,12,2
R105258,2026-07-23 09:24:00,2026-07-23 09:48:34,Georgia State University,Grant Park,casual,24.566666666666666,9,3
R100027,2026-06-01 08:06:00,2026-06-01 08:13:01,Little Five Points,Midtown MARTA,member,7.016666666666667,8,0
R103736,2026-07-08 20:01:00,2026-07-08 20:09:01,Georgia State University,Atlantic Station,member,8.016666666666667,20,2
R105183,2026-07-22 18:34:00,2026-07-22 18:48:46,Ponce City Market,Georgia State University,member,14.766666666666667,18,2
R101945,2026-06-20 12:48:00,2026-06-20 12:56:13,Atlantic Station,Krog Street Market,casual,8.216666666666667,12,5
R101456,2026-06-15 06:16:00,2026-06-15 06:40:00,Little Five Points,Midtown MARTA,casual,24.0,6,0
R100754,2026-06-08 19:39:00,2026-06-08 19:51:00,Georgia State University,Unknown,member,12.0,19,0
R100076,2026-06-01 20:34:00,2026-06-01 20:45:30,Midtown MARTA,Atlantic Station,casual,11.5,20,0
R105723,2026-07-27 08:30:00,2026-07-27 08:45:52,Centennial Olympic Park,Georgia State University,member,15.866666666666667,8,0
R104251,2026-07-14 20:57:00,2026-07-14 21:19:16,Centennial Olympic Park,Midtown MARTA,unknown,22.266666666666666,20,1
R101856,2026-06-19 16:07:00,2026-06-19 16:16:21,Ponce City Market,Georgia State University,member,9.35,16,4
R100298,2026-06-03 18:05:00,2026-06-03 18:34:17,Piedmont Park,Georgia State University,casual,29.283333333333335,18,2
R101506,2026-06-15 18:23:00,2026-06-15 18:46:27,Georgia State University,Centennial Olympic Park,casual,23.45,18,0
R102010,2026-06-21 15:01:00,2026-06-21 15:31:37,Georgia State University,Ponce City Market,casual,30.616666666666667,15,6
R105582,2026-07-26 17:51:00,2026-07-26 17:56:18,Midtown MARTA,Centennial Olympic Park,member,5.3,17,6
R105881,2026-07-29 18:22:00,2026-07-29 18:34:19,Ponce City Market,Georgia State University,member,12.316666666666666,18,2
R105338,2026-07-24 04:43:00,2026-07-24 04:56:32,Midtown MARTA,Georgia State University,member,13.533333333333333,4,4
R101975,2026-06-20 06:20:00,2026-06-20 06:44:12,Midtown MARTA,Ponce City Market,casual,24.2,6,5
R104975,2026-07-20 11:25:00,2026-07-20 11:34:00,Centennial Olympic Park,Ponce City Market,member,9.0,11,0
R105745,2026-07-28 13:51:00,2026-07-28 13:59:25,Ponce City Market,Atlantic Station,member,8.416666666666666,13,1
R105802,2026-07-28 11:29:00,2026-07-28 11:42:34,Ponce City Market,Piedmont Park,member,13.566666666666666,11,1
R104431,2026-07-15 16:43:00,2026-07-15 16:53:00,Midtown MARTA,Ponce City Market,member,10.0,16,2
R101758,2026-06-18 19:28:00,2026-06-18 19:45:45,Midtown MARTA,Centennial Olympic Park,casual,17.75,19,3
R103248,2026-07-03 17:16:00,2026-07-03 17:47:39,Midtown MARTA,Krog Street Market,casual,31.65,17,4
R104613,2026-07-17 13:11:00,2026-07-17 13:51:00,Ponce City Market,Grant Park,casual,40.0,13,4
R103528,2026-07-06 06:07:00,2026-07-06 06:30:35,Midtown MARTA,Little Five Points,casual,23.583333333333332,6,0
R102619,2026-06-26 10:11:00,2026-06-26 10:21:31,Centennial Olympic Park,Ponce City Market,member,10.516666666666667,10,4
R102211,2026-06-22 15:14:00,2026-06-22 15:26:00,Piedmont Park,Midtown MARTA,member,12.0,15,0
R105612,2026-07-27 07:40:00,2026-07-27 07:53:44,Georgia State University,Midtown MARTA,member,13.733333333333333,7,0
R105164,2026-07-22 08:09:00,2026-07-22 08:40:00,West End,Atlantic Station,casual,31.0,8,2
R101673,2026-06-17 07:00:00,2026-06-17 07:10:10,Piedmont Park,Midtown MARTA,member,10.166666666666666,7,2
R105592,2026-07-26 12:33:00,2026-07-26 13:12:10,Ponce City Market,Piedmont Park,casual,39.166666666666664,12,6
R103969,2026-07-10 17:16:00,2026-07-10 17:24:53,Ponce City Market,Georgia State University,member,8.883333333333333,17,4
R101816,2026-06-19 17:16:00,2026-06-19 17:31:19,Ponce City Market,Georgia State University,member,15.316666666666666,17,4
R105922,2026-07-30 20:57:00,2026-07-30 21:04:47,Georgia State University,Midtown MARTA,member,7.783333333333333,20,3
R103505,2026-07-06 18:42:00,2026-07-06 18:47:00,Ponce City Market,Georgia State University,member,5.0,18,0
R103716,2026-07-08 15:26:00,2026-07-08 15:36:09,Midtown MARTA,Piedmont Park,casual,10.15,15,2
R105674,2026-07-27 06:36:00,2026-07-27 06:51:00,Midtown MARTA,Atlantic Station,member,15.0,6,0
R102035,2026-06-21 11:29:00,2026-06-21 11:52:00,Centennial Olympic Park,Georgia State University,casual,23.0,11,6
R100221,2026-06-03 07:17:00,2026-06-03 07:25:32,Ponce City Market,Atlantic Station,member,8.533333333333333,7,2
R103445,2026-07-05 16:41:00,2026-07-05 16:52:57,Centennial Olympic Park,Krog Street Market,member,11.95,16,6
R104488,2026-07-16 08:55:00,2026-07-16 09:11:18,Atlantic Station,Grant Park,member,16.3,8,3
R105401,2026-07-24 08:39:00,2026-07-24 09:22:31,Atlantic Station,Midtown MARTA,casual,43.516666666666666,8,4
R101122,2026-06-11 10:16:00,2026-06-11 10:21:04,Georgia State University,Ponce City Market,member,5.066666666666666,10,3
R100776,2026-06-08 18:59:00,2026-06-08 19:18:00,Ponce City Market,Centennial Olympic Park,casual,19.0,18,0
R104759,2026-07-18 12:24:00,2026-07-18 12:35:19,Georgia State University,Ponce City Market,member,11.316666666666666,12,5
R103172,2026-07-02 14:37:00,2026-07-02 14:53:08,Piedmont Park,Unknown,member,16.133333333333333,14,3
R101575,2026-06-16 07:33:00,2026-06-16 07:48:40,Georgia State University,Midtown MARTA,member,15.666666666666666,7,1
R104357,2026-07-14 08:45:00,2026-07-14 08:58:08,Krog Street Market,Ponce City Market,member,13.133333333333333,8,1
R105796,2026-07-28 17:00:00,2026-07-28 17:11:09,Centennial Olympic Park,Georgia State University,member,11.15,17,1
R103336,2026-07-04 21:05:00,2026-07-04 21:28:43,Centennial Olympic Park,Atlantic Station,casual,23.716666666666665,21,5
R105402,2026-07-24 08:57:00,2026-07-24 09:19:34,Centennial Olympic Park,Krog Street Market,casual,22.566666666666666,8,4
R102007,2026-06-20 18:15:00,2026-06-20 18:25:34,Centennial Olympic Park,Midtown MARTA,member,10.566666666666666,18,5
R100165,2026-06-02 17:59:00,2026-06-02 18:11:00,Piedmont Park,Ponce City Market,member,12.0,17,1
R101806,2026-06-18 07:47:00,2026-06-18 07:48:00,Midtown MARTA,Ponce City Market,member,1.0,7,3
R103997,2026-07-10 16:48:00,2026-07-10 16:59:31,Centennial Olympic Park,Midtown MARTA,member,11.516666666666667,16,4
R105237,2026-07-23 17:33:00,2026-07-23 17:45:55,Georgia State University,Midtown MARTA,member,12.916666666666666,17,3
R101460,2026-06-15 08:28:00,2026-06-15 08:56:11,Grant Park,Georgia State University,casual,28.183333333333334,8,0
R101019,2026-06-11 09:39:00,2026-06-11 09:47:48,Little Five Points,Centennial Olympic Park,member,8.8,9,3
R105354,2026-07-24 07:12:00,2026-07-24 07:21:00,Ponce City Market,Atlantic Station,member,9.0,7,4
R101949,2026-06-20 14:31:00,2026-06-20 14:46:35,Piedmont Park,Midtown MARTA,member,15.583333333333334,14,5
R103068,2026-07-01 18:50:00,2026-07-01 19:00:00,Ponce City Market,West End,member,10.0,18,2
R101769,2026-06-18 20:23:00,2026-06-18 20:37:05,Atlantic Station,Ponce City Market,member,14.083333333333334,20,3
R101068,2026-06-11 14:43:00,2026-06-11 14:56:17,Ponce City Market,Little Five Points,member,13.283333333333333,14,3
R101084,2026-06-11 19:39:00,2026-06-11 19:46:00,Piedmont Park,Midtown MARTA,member,7.0,19,3
R102853,2026-06-28 19:35:00,2026-06-28 19:36:00,Atlantic Station,Ponce City Market,casual,1.0,19,6
R102099,2026-06-21 15:28:00,2026-06-21 15:35:53,Ponce City Market,Midtown MARTA,member,7.883333333333334,15,6
R102886,2026-06-29 20:50:00,2026-06-29 20:59:00,Ponce City Market,Georgia State University,casual,9.0,20,0
R100245,2026-06-03 12:41:00,2026-06-03 12:59:00,Georgia State University,Midtown MARTA,member,18.0,12,2
R102941,2026-06-29 13:04:00,2026-06-29 13:15:00,Georgia State University,Ponce City Market,member,11.0,13,0
R101570,2026-06-16 20:03:00,2026-06-16 20:28:00,Atlantic Station,Georgia State University,casual,25.0,20,1
R100332,2026-06-04 08:18:00,2026-06-04 08:28:58,Midtown MARTA,Georgia State University,member,10.966666666666667,8,3
R102012,2026-06-21 08:35:00,2026-06-21 08:52:26,Ponce City Market,Centennial Olympic Park,casual,17.433333333333334,8,6
R105779,2026-07-28 08:18:00,2026-07-28 08:34:00,Ponce City Market,Atlantic Station,member,16.0,8,1
R100368,2026-06-04 13:21:00,2026-06-04 13:33:00,Krog Street Market,Ponce City Market,member,12.0,13,3
R101309,2026-06-13 16:38:00,2026-06-13 16:47:00,Ponce City Market,Little Five Points,member,9.0,16,5
R105754,2026-07-28 07:22:00,2026-07-28 07:31:00,Midtown MARTA,Centennial Olympic Park,member,9.0,7,1
R104215,2026-07-13 06:27:00,2026-07-13 06:43:34,Midtown MARTA,Unknown,member,16.566666666666666,6,0
R101347,2026-06-14 14:58:00,2026-06-14 15:08:15,Georgia State University,Atlantic Station,member,10.25,14,6
R104114,2026-07-12 12:50:00,2026-07-12 13:00:17,Midtown MARTA,Ponce City Market,member,10.283333333333333,12,6
R103426,2026-07-05 14:18:00,2026-07-05 14:30:31,Ponce City Market,Georgia State University,member,12.516666666666667,14,6
R101540,2026-06-16 16:47:00,2026-06-16 16:58:29,Midtown MARTA,Georgia State University,member,11.483333333333333,16,1
R104246,2026-07-13 17:26:00,2026-07-13 17:48:53,Ponce City Market,Midtown MARTA,casual,22.883333333333333,17,0
R103273,2026-07-03 17:25:00,2026-07-03 17:39:10,Midtown MARTA,West End,member,14.166666666666666,17,4
R101253,2026-06-13 13:56:00,2026-06-13 14:05:49,Atlantic Station,Little Five Points,member,9.816666666666666,13,5
R101497,2026-06-15 08:13:00,2026-06-15 08:24:28,Ponce City Market,Centennial Olympic Park,member,11.466666666666667,8,0
R100658,2026-06-07 19:38:00,2026-06-07 19:54:00,Atlantic Station,Ponce City Market,member,16.0,19,6
R101348,2026-06-14 17:21:00,2026-06-14 17:31:23,Atlantic Station,Midtown MARTA,member,10.383333333333333,17,6
R102214,2026-06-22 16:51:00,2026-06-22 17:09:35,Centennial Olympic Park,Ponce City Market,member,18.583333333333332,16,0
R105578,2026-07-26 11:36:00,2026-07-26 12:00:29,Grant Park,Georgia State University,casual,24.483333333333334,11,6
R104410,2026-07-15 19:18:00,2026-07-15 19:29:09,Georgia State University,Midtown MARTA,member,11.15,19,2
R101919,2026-06-19 08:36:00,2026-06-19 09:05:24,Ponce City Market,Georgia State University,casual,29.4,8,4
R105151,2026-07-22 12:38:00,2026-07-22 12:51:19,Grant Park,Centennial Olympic Park,member,13.316666666666666,12,2
R105274,2026-07-23 08:00:00,2026-07-23 08:19:55,Atlantic Station,West End,member,19.916666666666668,8,3
R105884,2026-07-29 15:51:00,2026-07-29 15:59:56,Piedmont Park,Georgia State University,member,8.933333333333334,15,2
R101271,2026-06-13 09:27:00,2026-06-13 09:31:00,Centennial Olympic Park,Ponce City Market,casual,4.0,9,5
R100904,2026-06-09 18:35:00,2026-06-09 18:57:17,Ponce City Market,Atlantic Station,casual,22.283333333333335,18,1
R102739,2026-06-28 13:35:00,2026-06-28 13:49:50,Centennial Olympic Park,Midtown MARTA,unknown,14.833333333333334,13,6
R105482,2026-07-25 02:05:00,2026-07-25 02:17:29,Centennial Olympic Park,Midtown MARTA,casual,12.483333333333333,2,5
R103628,2026-07-07 07:01:00,2026-07-07 07:16:05,Midtown MARTA,Centennial Olympic Park,member,15.083333333333334,7,1
R104482,2026-07-16 18:37:00,2026-07-16 18:44:26,Ponce City Market,Georgia State University,member,7.433333333333334,18,3
R105353,2026-07-24 13:51:00,2026-07-24 14:03:07,Midtown MARTA,Centennial Olympic Park,member,12.116666666666667,13,4
R101790,2026-06-18 10:13:00,2026-06-18 10:24:00,Midtown MARTA,Piedmont Park,member,11.0,10,3
R102160,2026-06-22 06:09:00,2026-06-22 06:12:27,Midtown MARTA,Ponce City Market,member,3.45,6,0
R103924,2026-07-10 07:58:00,2026-07-10 08:22:55,Piedmont Park,Georgia State University,casual,24.916666666666668,7,4
R105125,2026-07-21 11:42:00,2026-07-21 12:09:49,Krog Street Market,Piedmont Park,casual,27.816666666666666,11,1
R105722,2026-07-27 04:50:00,2026-07-27 05:02:38,Midtown MARTA,Piedmont Park,member,12.633333333333333,4,0
R104123,2026-07-12 14:08:00,2026-07-12 14:25:00,Atlantic Station,Ponce City Market,casual,17.0,14,6
R102776,2026-06-28 08:33:00,2026-06-28 08:47:46,Atlantic Station,Krog Street Market,casual,14.766666666666667,8,6
R103706,2026-07-08 16:21:00,2026-07-08 17:04:44,Midtown MARTA,Georgia State University,casual,43.733333333333334,16,2
R105096,2026-07-21 19:16:00,2026-07-21 19:27:15,Ponce City Market,Centennial Olympic Park,member,11.25,19,1
R102341,2026-06-24 07:43:00,2026-06-24 07:46:27,Midtown MARTA,Ponce City Market,member,3.45,7,2
R100276,2026-06-03 14:15:00,2026-06-03 14:59:37,Midtown MARTA,Georgia State University,casual,44.61666666666667,14,2
R104717,2026-07-18 06:11:00,2026-07-18 06:20:00,Centennial Olympic Park,Piedmont Park,member,9.0,6,5
R102314,2026-06-23 16:28:00,2026-06-23 16:43:41,Midtown MARTA,Ponce City Market,member,15.683333333333334,16,1
R104872,2026-07-19 14:36:00,2026-07-19 15:09:20,Centennial Olympic Park,Midtown MARTA,casual,33.333333333333336,14,6
R105510,2026-07-26 08:19:00,2026-07-26 08:25:11,Ponce City Market,Midtown MARTA,member,6.183333333333334,8,6
R100068,2026-06-01 16:08:00,2026-06-01 16:20:00,Midtown MARTA,Ponce City Market,member,12.0,16,0
R101904,2026-06-19 11:30:00,2026-06-19 11:45:19,Ponce City Market,Midtown MARTA,member,15.316666666666666,11,4
R103642,2026-07-07 10:48:00,2026-07-07 10:57:06,Ponce City Market,Midtown MARTA,member,9.1,10,1
R103725,2026-07-08 09:06:00,2026-07-08 09:20:00,Midtown MARTA,Ponce City Market,member,14.0,9,2
R101616,2026-06-17 17:47:00,2026-06-17 18:10:00,Ponce City Market,Atlantic Station,casual,23.0,17,2
R104569,2026-07-16 22:32:00,2026-07-16 22:36:21,West End,Piedmont Park,casual,4.35,22,3
R101292,2026-06-13 07:00:00,2026-06-13 07:30:45,Centennial Olympic Park,Piedmont Park,casual,30.75,7,5
R104107,2026-07-12 11:55:00,2026-07-12 12:06:00,Midtown MARTA,Georgia State University,casual,11.0,11,6
R100121,2026-06-01 17:09:00,2026-06-01 17:24:00,Ponce City Market,Midtown MARTA,casual,15.0,17,0
R101935,2026-06-20 13:01:00,2026-06-20 13:13:52,Centennial Olympic Park,Midtown MARTA,casual,12.866666666666667,13,5
R105939,2026-07-30 12:24:00,2026-07-30 12:32:31,Midtown MARTA,Krog Street Market,member,8.516666666666667,12,3
R101850,2026-06-19 13:24:00,2026-06-19 13:27:50,Little Five Points,Centennial Olympic Park,member,3.8333333333333335,13,4
R101577,2026-06-16 19:00:00,2026-06-16 19:29:23,Georgia State University,Ponce City Market,casual,29.383333333333333,19,1
R103349,2026-07-04 18:10:00,2026-07-04 18:41:00,Grant Park,Ponce City Market,casual,31.0,18,5
R105565,2026-07-26 12:34:00,2026-07-26 12:47:31,Midtown MARTA,Ponce City Market,member,13.516666666666667,12,6
